issue_time_utc,valid_time_utc,turbine_id,normalized_power,weather_source,weather_model,weather_run_utc,availability_buffer_hours,training_cutoff_utc,latest_training_time_utc,source_timezone_assumption,model,weather_wind_feature,forecast_wind_speed_ms,forecast_temperature_c,calibration_applied
2026-01-31T12:00:00Z,2026-01-31T13:00:00Z,turbine-1,0.31616745287947723,Open-Meteo Single Runs API,ecmwf_ifs,2026-01-31T00:00:00Z,12,2026-01-31T12:00:00Z,2026-01-31T12:00:00Z,UTC,density_adjusted_power_curve_median_0.5ms,wind_speed_100m,6.6,0.3,False
2026-01-31T12:00:00Z,2026-01-31T14:00:00Z,turbine-1,0.17182277745101437,Open-Meteo Single Runs API,ecmwf_ifs,2026-01-31T00:00:00Z,12,2026-01-31T12:00:00Z,2026-01-31T12:00:00Z,UTC,density_adjusted_power_curve_median_0.5ms,wind_speed_100m,5.37,-0.8,False
2026-01-31T12:00:00Z,2026-01-31T15:00:00Z,turbine-1,0.02646275189324413,Open-Meteo Single Runs API,ecmwf_ifs,2026-01-31T00:00:00Z,12,2026-01-31T12:00:00Z,2026-01-31T12:00:00Z,UTC,density_adjusted_power_curve_median_0.5ms,wind_speed_100m,3.1,-1.4,False
2026-01-31T12:00:00Z,2026-01-31T16:00:00Z,turbine-1,0.01,Open-Meteo Single Runs API,ecmwf_ifs,2026-01-31T00:00:00Z,12,2026-01-31T12:00:00Z,2026-01-31T12:00:00Z,UTC,density_adjusted_power_curve_median_0.5ms,wind_speed_100m,1.55,-0.4,False
2026-01-31T12:00:00Z,2026-01-31T17:00:00Z,turbine-1,0.01,Open-Meteo Single Runs API,ecmwf_ifs,2026-01-31T00:00:00Z,12,2026-01-31T12:00:00Z,2026-01-31T12:00:00Z,UTC,density_adjusted_power_curve_median_0.5ms,wind_speed_100m,1.05,0.7,False
2026-01-31T12:00:00Z,2026-01-31T18:00:00Z,turbine-1,0.01,Open-Meteo Single Runs API,ecmwf_ifs,2026-01-31T00:00:00Z,12,2026-01-31T12:00:00Z,2026-01-31T12:00:00Z,UTC,density_adjusted_power_curve_median_0.5ms,wind_speed_100m,1.49,-0.3,False
2026-01-31T12:00:00Z,2026-01-31T19:00:00Z,turbine-1,0.01,Open-Meteo Single Runs API,ecmwf_ifs,2026-01-31T00:00:00Z,12,2026-01-31T12:00:00Z,2026-01-31T12:00:00Z,UTC,density_adjusted_power_curve_median_0.5ms,wind_speed_100m,1.55,-1.3,False
2026-01-31T12:00:00Z,2026-01-31T20:00:00Z,turbine-1,0.01,Open-Meteo Single Runs API,ecmwf_ifs,2026-01-31T00:00:00Z,12,2026-01-31T12:00:00Z,2026-01-31T12:00:00Z,UTC,density_adjusted_power_curve_median_0.5ms,wind_speed_100m,1.74,-1.9,False
2026-01-31T12:00:00Z,2026-01-31T21:00:00Z,turbine-1,0.01,Open-Meteo Single Runs API,ecmwf_ifs,2026-01-31T00:00:00Z,12,2026-01-31T12:00:00Z,2026-01-31T12:00:00Z,UTC,density_adjusted_power_curve_median_0.5ms,wind_speed_100m,1.66,-1.8,False
2026-01-31T12:00:00Z,2026-01-31T22:00:00Z,turbine-1,0.01,Open-Meteo Single Runs API,ecmwf_ifs,2026-01-31T00:00:00Z,12,2026-01-31T12:00:00Z,2026-01-31T12:00:00Z,UTC,density_adjusted_power_curve_median_0.5ms,wind_speed_100m,0.98,-1.4,False
2026-01-31T12:00:00Z,2026-01-31T23:00:00Z,turbine-1,0.01,Open-Meteo Single Runs API,ecmwf_ifs,2026-01-31T00:00:00Z,12,2026-01-31T12:00:00Z,2026-01-31T12:00:00Z,UTC,density_adjusted_power_curve_median_0.5ms,wind_speed_100m,0.38,-0.8,False
2026-01-31T12:00:00Z,2026-02-01T00:00:00Z,turbine-1,0.01,Open-Meteo Single Runs API,ecmwf_ifs,2026-01-31T00:00:00Z,12,2026-01-31T12:00:00Z,2026-01-31T12:00:00Z,UTC,density_adjusted_power_curve_median_0.5ms,wind_speed_100m,1.49,-1.2,False
2026-01-31T12:00:00Z,2026-02-01T01:00:00Z,turbine-1,0.01,Open-Meteo Single Runs API,ecmwf_ifs,2026-01-31T00:00:00Z,12,2026-01-31T12:00:00Z,2026-01-31T12:00:00Z,UTC,density_adjusted_power_curve_median_0.5ms,wind_speed_100m,2.12,-1.7,False
2026-01-31T12:00:00Z,2026-02-01T02:00:00Z,turbine-1,0.038747779625380924,Open-Meteo Single Runs API,ecmwf_ifs,2026-01-31T00:00:00Z,12,2026-01-31T12:00:00Z,2026-01-31T12:00:00Z,UTC,density_adjusted_power_curve_median_0.5ms,wind_speed_100m,3.33,-1.9,False
2026-01-31T12:00:00Z,2026-02-01T03:00:00Z,turbine-1,0.1414784202439275,Open-Meteo Single Runs API,ecmwf_ifs,2026-01-31T00:00:00Z,12,2026-01-31T12:00:00Z,2026-01-31T12:00:00Z,UTC,density_adjusted_power_curve_median_0.5ms,wind_speed_100m,5.05,-1.1,False
2026-01-31T12:00:00Z,2026-02-01T04:00:00Z,turbine-1,0.12218838915452375,Open-Meteo Single Runs API,ecmwf_ifs,2026-01-31T00:00:00Z,12,2026-01-31T12:00:00Z,2026-01-31T12:00:00Z,UTC,density_adjusted_power_curve_median_0.5ms,wind_speed_100m,4.83,1.2,False
2026-01-31T12:00:00Z,2026-02-01T05:00:00Z,turbine-1,0.10041695371940237,Open-Meteo Single Runs API,ecmwf_ifs,2026-01-31T00:00:00Z,12,2026-01-31T12:00:00Z,2026-01-31T12:00:00Z,UTC,density_adjusted_power_curve_median_0.5ms,wind_speed_100m,4.53,2.5,False
2026-01-31T12:00:00Z,2026-02-01T06:00:00Z,turbine-1,0.16380376932754515,Open-Meteo Single Runs API,ecmwf_ifs,2026-01-31T00:00:00Z,12,2026-01-31T12:00:00Z,2026-01-31T12:00:00Z,UTC,density_adjusted_power_curve_median_0.5ms,wind_speed_100m,5.32,3.7,False
2026-01-31T12:00:00Z,2026-02-01T07:00:00Z,turbine-1,0.16006887626785932,Open-Meteo Single Runs API,ecmwf_ifs,2026-01-31T00:00:00Z,12,2026-01-31T12:00:00Z,2026-01-31T12:00:00Z,UTC,density_adjusted_power_curve_median_0.5ms,wind_speed_100m,5.29,4.8,False
2026-01-31T12:00:00Z,2026-02-01T08:00:00Z,turbine-1,0.1605016817678318,Open-Meteo Single Runs API,ecmwf_ifs,2026-01-31T00:00:00Z,12,2026-01-31T12:00:00Z,2026-01-31T12:00:00Z,UTC,density_adjusted_power_curve_median_0.5ms,wind_speed_100m,5.3,5.7,False
2026-01-31T12:00:00Z,2026-02-01T09:00:00Z,turbine-1,0.11479486673991904,Open-Meteo Single Runs API,ecmwf_ifs,2026-01-31T00:00:00Z,12,2026-01-31T12:00:00Z,2026-01-31T12:00:00Z,UTC,density_adjusted_power_curve_median_0.5ms,wind_speed_100m,4.77,6.4,False
2026-01-31T12:00:00Z,2026-02-01T10:00:00Z,turbine-1,0.11015980662629142,Open-Meteo Single Runs API,ecmwf_ifs,2026-01-31T00:00:00Z,12,2026-01-31T12:00:00Z,2026-01-31T12:00:00Z,UTC,density_adjusted_power_curve_median_0.5ms,wind_speed_100m,4.71,5.8,False
2026-01-31T12:00:00Z,2026-02-01T11:00:00Z,turbine-1,0.18500886055415725,Open-Meteo Single Runs API,ecmwf_ifs,2026-01-31T00:00:00Z,12,2026-01-31T12:00:00Z,2026-01-31T12:00:00Z,UTC,density_adjusted_power_curve_median_0.5ms,wind_speed_100m,5.53,3.7,False
2026-01-31T12:00:00Z,2026-02-01T12:00:00Z,turbine-1,0.22782073987392773,Open-Meteo Single Runs API,ecmwf_ifs,2026-01-31T00:00:00Z,12,2026-01-31T12:00:00Z,2026-01-31T12:00:00Z,UTC,density_adjusted_power_curve_median_0.5ms,wind_speed_100m,5.93,1.2,False
2026-01-31T12:00:00Z,2026-02-01T13:00:00Z,turbine-1,0.2613725330435761,Open-Meteo Single Runs API,ecmwf_ifs,2026-01-31T00:00:00Z,12,2026-01-31T12:00:00Z,2026-01-31T12:00:00Z,UTC,density_adjusted_power_curve_median_0.5ms,wind_speed_100m,6.22,0.7,False
2026-01-31T12:00:00Z,2026-02-01T14:00:00Z,turbine-1,0.2418926827183096,Open-Meteo Single Runs API,ecmwf_ifs,2026-01-31T00:00:00Z,12,2026-01-31T12:00:00Z,2026-01-31T12:00:00Z,UTC,density_adjusted_power_curve_median_0.5ms,wind_speed_100m,6.06,0.4,False
2026-01-31T12:00:00Z,2026-02-01T15:00:00Z,turbine-1,0.2677466761482896,Open-Meteo Single Runs API,ecmwf_ifs,2026-01-31T00:00:00Z,12,2026-01-31T12:00:00Z,2026-01-31T12:00:00Z,UTC,density_adjusted_power_curve_median_0.5ms,wind_speed_100m,6.26,0.1,False
2026-01-31T12:00:00Z,2026-02-01T16:00:00Z,turbine-1,0.25551559983179867,Open-Meteo Single Runs API,ecmwf_ifs,2026-01-31T00:00:00Z,12,2026-01-31T12:00:00Z,2026-01-31T12:00:00Z,UTC,density_adjusted_power_curve_median_0.5ms,wind_speed_100m,6.17,-0.5,False
2026-01-31T12:00:00Z,2026-02-01T17:00:00Z,turbine-1,0.2630023296830721,Open-Meteo Single Runs API,ecmwf_ifs,2026-01-31T00:00:00Z,12,2026-01-31T12:00:00Z,2026-01-31T12:00:00Z,UTC,density_adjusted_power_curve_median_0.5ms,wind_speed_100m,6.22,-0.8,False
2026-01-31T12:00:00Z,2026-02-01T18:00:00Z,turbine-1,0.24512165802588246,Open-Meteo Single Runs API,ecmwf_ifs,2026-01-31T00:00:00Z,12,2026-01-31T12:00:00Z,2026-01-31T12:00:00Z,UTC,density_adjusted_power_curve_median_0.5ms,wind_speed_100m,6.08,-1.1,False
2026-01-31T12:00:00Z,2026-02-01T19:00:00Z,turbine-1,0.23377567700894117,Open-Meteo Single Runs API,ecmwf_ifs,2026-01-31T00:00:00Z,12,2026-01-31T12:00:00Z,2026-01-31T12:00:00Z,UTC,density_adjusted_power_curve_median_0.5ms,wind_speed_100m,5.97,-1.2,False
2026-01-31T12:00:00Z,2026-02-01T20:00:00Z,turbine-1,0.22457906190544857,Open-Meteo Single Runs API,ecmwf_ifs,2026-01-31T00:00:00Z,12,2026-01-31T12:00:00Z,2026-01-31T12:00:00Z,UTC,density_adjusted_power_curve_median_0.5ms,wind_speed_100m,5.88,-1.4,False
2026-01-31T12:00:00Z,2026-02-01T21:00:00Z,turbine-1,0.2433536389230378,Open-Meteo Single Runs API,ecmwf_ifs,2026-01-31T00:00:00Z,12,2026-01-31T12:00:00Z,2026-01-31T12:00:00Z,UTC,density_adjusted_power_curve_median_0.5ms,wind_speed_100m,6.06,-1.5,False
2026-01-31T12:00:00Z,2026-02-01T22:00:00Z,turbine-1,0.2393517204764194,Open-Meteo Single Runs API,ecmwf_ifs,2026-01-31T00:00:00Z,12,2026-01-31T12:00:00Z,2026-01-31T12:00:00Z,UTC,density_adjusted_power_curve_median_0.5ms,wind_speed_100m,6.02,-1.7,False
2026-01-31T12:00:00Z,2026-02-01T23:00:00Z,turbine-1,0.267073984292552,Open-Meteo Single Runs API,ecmwf_ifs,2026-01-31T00:00:00Z,12,2026-01-31T12:00:00Z,2026-01-31T12:00:00Z,UTC,density_adjusted_power_curve_median_0.5ms,wind_speed_100m,6.24,-1.9,False
2026-01-31T12:00:00Z,2026-02-02T00:00:00Z,turbine-1,0.2931200308770804,Open-Meteo Single Runs API,ecmwf_ifs,2026-01-31T00:00:00Z,12,2026-01-31T12:00:00Z,2026-01-31T12:00:00Z,UTC,density_adjusted_power_curve_median_0.5ms,wind_speed_100m,6.42,-2.1,False
2026-01-31T12:00:00Z,2026-02-02T01:00:00Z,turbine-1,0.2876061875631401,Open-Meteo Single Runs API,ecmwf_ifs,2026-01-31T00:00:00Z,12,2026-01-31T12:00:00Z,2026-01-31T12:00:00Z,UTC,density_adjusted_power_curve_median_0.5ms,wind_speed_100m,6.38,-2.3,False
2026-01-31T12:00:00Z,2026-02-02T02:00:00Z,turbine-1,0.313670332276612,Open-Meteo Single Runs API,ecmwf_ifs,2026-01-31T00:00:00Z,12,2026-01-31T12:00:00Z,2026-01-31T12:00:00Z,UTC,density_adjusted_power_curve_median_0.5ms,wind_speed_100m,6.56,-2.5,False
2026-01-31T12:00:00Z,2026-02-02T03:00:00Z,turbine-1,0.30798260847909875,Open-Meteo Single Runs API,ecmwf_ifs,2026-01-31T00:00:00Z,12,2026-01-31T12:00:00Z,2026-01-31T12:00:00Z,UTC,density_adjusted_power_curve_median_0.5ms,wind_speed_100m,6.53,-1.3,False
2026-01-31T12:00:00Z,2026-02-02T04:00:00Z,turbine-1,0.41425447210106014,Open-Meteo Single Runs API,ecmwf_ifs,2026-01-31T00:00:00Z,12,2026-01-31T12:00:00Z,2026-01-31T12:00:00Z,UTC,density_adjusted_power_curve_median_0.5ms,wind_speed_100m,7.22,2.0,False
2026-01-31T12:00:00Z,2026-02-02T05:00:00Z,turbine-1,0.3039303161467801,Open-Meteo Single Runs API,ecmwf_ifs,2026-01-31T00:00:00Z,12,2026-01-31T12:00:00Z,2026-01-31T12:00:00Z,UTC,density_adjusted_power_curve_median_0.5ms,wind_speed_100m,6.55,4.8,False
2026-01-31T12:00:00Z,2026-02-02T06:00:00Z,turbine-1,0.4409238342424559,Open-Meteo Single Runs API,ecmwf_ifs,2026-01-31T00:00:00Z,12,2026-01-31T12:00:00Z,2026-01-31T12:00:00Z,UTC,density_adjusted_power_curve_median_0.5ms,wind_speed_100m,7.42,6.4,False
2026-01-31T12:00:00Z,2026-02-02T07:00:00Z,turbine-1,0.5954934017907315,Open-Meteo Single Runs API,ecmwf_ifs,2026-01-31T00:00:00Z,12,2026-01-31T12:00:00Z,2026-01-31T12:00:00Z,UTC,density_adjusted_power_curve_median_0.5ms,wind_speed_100m,8.39,7.6,False
2026-01-31T12:00:00Z,2026-02-02T08:00:00Z,turbine-1,0.7264870548720604,Open-Meteo Single Runs API,ecmwf_ifs,2026-01-31T00:00:00Z,12,2026-01-31T12:00:00Z,2026-01-31T12:00:00Z,UTC,density_adjusted_power_curve_median_0.5ms,wind_speed_100m,9.28,8.7,False
2026-01-31T12:00:00Z,2026-02-02T09:00:00Z,turbine-1,0.6908952377267403,Open-Meteo Single Runs API,ecmwf_ifs,2026-01-31T00:00:00Z,12,2026-01-31T12:00:00Z,2026-01-31T12:00:00Z,UTC,density_adjusted_power_curve_median_0.5ms,wind_speed_100m,9.04,8.6,False
2026-01-31T12:00:00Z,2026-02-02T10:00:00Z,turbine-1,0.6080591689721362,Open-Meteo Single Runs API,ecmwf_ifs,2026-01-31T00:00:00Z,12,2026-01-31T12:00:00Z,2026-01-31T12:00:00Z,UTC,density_adjusted_power_curve_median_0.5ms,wind_speed_100m,8.47,7.7,False
2026-01-31T12:00:00Z,2026-02-02T11:00:00Z,turbine-1,0.08221743136655481,Open-Meteo Single Runs API,ecmwf_ifs,2026-01-31T00:00:00Z,12,2026-01-31T12:00:00Z,2026-01-31T12:00:00Z,UTC,density_adjusted_power_curve_median_0.5ms,wind_speed_100m,4.24,5.0,False
2026-01-31T12:00:00Z,2026-02-02T12:00:00Z,turbine-1,0.01,Open-Meteo Single Runs API,ecmwf_ifs,2026-01-31T00:00:00Z,12,2026-01-31T12:00:00Z,2026-01-31T12:00:00Z,UTC,density_adjusted_power_curve_median_0.5ms,wind_speed_100m,0.73,1.5,False
2026-01-31T12:00:00Z,2026-01-31T13:00:00Z,turbine-2,0.30585910214103784,Open-Meteo Single Runs API,ecmwf_ifs,2026-01-31T00:00:00Z,12,2026-01-31T12:00:00Z,2026-01-31T12:00:00Z,UTC,density_adjusted_power_curve_median_0.5ms,wind_speed_100m,6.6,0.3,False
2026-01-31T12:00:00Z,2026-01-31T14:00:00Z,turbine-2,0.1618673781238029,Open-Meteo Single Runs API,ecmwf_ifs,2026-01-31T00:00:00Z,12,2026-01-31T12:00:00Z,2026-01-31T12:00:00Z,UTC,density_adjusted_power_curve_median_0.5ms,wind_speed_100m,5.37,-0.8,False
2026-01-31T12:00:00Z,2026-01-31T15:00:00Z,turbine-2,0.0265010493431853,Open-Meteo Single Runs API,ecmwf_ifs,2026-01-31T00:00:00Z,12,2026-01-31T12:00:00Z,2026-01-31T12:00:00Z,UTC,density_adjusted_power_curve_median_0.5ms,wind_speed_100m,3.1,-1.4,False
2026-01-31T12:00:00Z,2026-01-31T16:00:00Z,turbine-2,0.01,Open-Meteo Single Runs API,ecmwf_ifs,2026-01-31T00:00:00Z,12,2026-01-31T12:00:00Z,2026-01-31T12:00:00Z,UTC,density_adjusted_power_curve_median_0.5ms,wind_speed_100m,1.55,-0.4,False
2026-01-31T12:00:00Z,2026-01-31T17:00:00Z,turbine-2,0.01,Open-Meteo Single Runs API,ecmwf_ifs,2026-01-31T00:00:00Z,12,2026-01-31T12:00:00Z,2026-01-31T12:00:00Z,UTC,density_adjusted_power_curve_median_0.5ms,wind_speed_100m,1.05,0.7,False
2026-01-31T12:00:00Z,2026-01-31T18:00:00Z,turbine-2,0.01,Open-Meteo Single Runs API,ecmwf_ifs,2026-01-31T00:00:00Z,12,2026-01-31T12:00:00Z,2026-01-31T12:00:00Z,UTC,density_adjusted_power_curve_median_0.5ms,wind_speed_100m,1.49,-0.3,False
2026-01-31T12:00:00Z,2026-01-31T19:00:00Z,turbine-2,0.01,Open-Meteo Single Runs API,ecmwf_ifs,2026-01-31T00:00:00Z,12,2026-01-31T12:00:00Z,2026-01-31T12:00:00Z,UTC,density_adjusted_power_curve_median_0.5ms,wind_speed_100m,1.55,-1.3,False
2026-01-31T12:00:00Z,2026-01-31T20:00:00Z,turbine-2,0.01,Open-Meteo Single Runs API,ecmwf_ifs,2026-01-31T00:00:00Z,12,2026-01-31T12:00:00Z,2026-01-31T12:00:00Z,UTC,density_adjusted_power_curve_median_0.5ms,wind_speed_100m,1.74,-1.9,False
2026-01-31T12:00:00Z,2026-01-31T21:00:00Z,turbine-2,0.01,Open-Meteo Single Runs API,ecmwf_ifs,2026-01-31T00:00:00Z,12,2026-01-31T12:00:00Z,2026-01-31T12:00:00Z,UTC,density_adjusted_power_curve_median_0.5ms,wind_speed_100m,1.66,-1.8,False
2026-01-31T12:00:00Z,2026-01-31T22:00:00Z,turbine-2,0.01,Open-Meteo Single Runs API,ecmwf_ifs,2026-01-31T00:00:00Z,12,2026-01-31T12:00:00Z,2026-01-31T12:00:00Z,UTC,density_adjusted_power_curve_median_0.5ms,wind_speed_100m,0.98,-1.4,False
2026-01-31T12:00:00Z,2026-01-31T23:00:00Z,turbine-2,0.01,Open-Meteo Single Runs API,ecmwf_ifs,2026-01-31T00:00:00Z,12,2026-01-31T12:00:00Z,2026-01-31T12:00:00Z,UTC,density_adjusted_power_curve_median_0.5ms,wind_speed_100m,0.38,-0.8,False
2026-01-31T12:00:00Z,2026-02-01T00:00:00Z,turbine-2,0.01,Open-Meteo Single Runs API,ecmwf_ifs,2026-01-31T00:00:00Z,12,2026-01-31T12:00:00Z,2026-01-31T12:00:00Z,UTC,density_adjusted_power_curve_median_0.5ms,wind_speed_100m,1.49,-1.2,False
2026-01-31T12:00:00Z,2026-02-01T01:00:00Z,turbine-2,0.01,Open-Meteo Single Runs API,ecmwf_ifs,2026-01-31T00:00:00Z,12,2026-01-31T12:00:00Z,2026-01-31T12:00:00Z,UTC,density_adjusted_power_curve_median_0.5ms,wind_speed_100m,2.12,-1.7,False
2026-01-31T12:00:00Z,2026-02-01T02:00:00Z,turbine-2,0.035992194713325903,Open-Meteo Single Runs API,ecmwf_ifs,2026-01-31T00:00:00Z,12,2026-01-31T12:00:00Z,2026-01-31T12:00:00Z,UTC,density_adjusted_power_curve_median_0.5ms,wind_speed_100m,3.33,-1.9,False
2026-01-31T12:00:00Z,2026-02-01T03:00:00Z,turbine-2,0.1337411423767281,Open-Meteo Single Runs API,ecmwf_ifs,2026-01-31T00:00:00Z,12,2026-01-31T12:00:00Z,2026-01-31T12:00:00Z,UTC,density_adjusted_power_curve_median_0.5ms,wind_speed_100m,5.05,-1.1,False
2026-01-31T12:00:00Z,2026-02-01T04:00:00Z,turbine-2,0.11932954987097999,Open-Meteo Single Runs API,ecmwf_ifs,2026-01-31T00:00:00Z,12,2026-01-31T12:00:00Z,2026-01-31T12:00:00Z,UTC,density_adjusted_power_curve_median_0.5ms,wind_speed_100m,4.83,1.2,False
2026-01-31T12:00:00Z,2026-02-01T05:00:00Z,turbine-2,0.10051833386630674,Open-Meteo Single Runs API,ecmwf_ifs,2026-01-31T00:00:00Z,12,2026-01-31T12:00:00Z,2026-01-31T12:00:00Z,UTC,density_adjusted_power_curve_median_0.5ms,wind_speed_100m,4.53,2.5,False
2026-01-31T12:00:00Z,2026-02-01T06:00:00Z,turbine-2,0.15389667581862765,Open-Meteo Single Runs API,ecmwf_ifs,2026-01-31T00:00:00Z,12,2026-01-31T12:00:00Z,2026-01-31T12:00:00Z,UTC,density_adjusted_power_curve_median_0.5ms,wind_speed_100m,5.32,3.7,False
2026-01-31T12:00:00Z,2026-02-01T07:00:00Z,turbine-2,0.15018428143492657,Open-Meteo Single Runs API,ecmwf_ifs,2026-01-31T00:00:00Z,12,2026-01-31T12:00:00Z,2026-01-31T12:00:00Z,UTC,density_adjusted_power_curve_median_0.5ms,wind_speed_100m,5.29,4.8,False
2026-01-31T12:00:00Z,2026-02-01T08:00:00Z,turbine-2,0.15061447975162695,Open-Meteo Single Runs API,ecmwf_ifs,2026-01-31T00:00:00Z,12,2026-01-31T12:00:00Z,2026-01-31T12:00:00Z,UTC,density_adjusted_power_curve_median_0.5ms,wind_speed_100m,5.3,5.7,False
2026-01-31T12:00:00Z,2026-02-01T09:00:00Z,turbine-2,0.1138058453353285,Open-Meteo Single Runs API,ecmwf_ifs,2026-01-31T00:00:00Z,12,2026-01-31T12:00:00Z,2026-01-31T12:00:00Z,UTC,density_adjusted_power_curve_median_0.5ms,wind_speed_100m,4.77,6.4,False
2026-01-31T12:00:00Z,2026-02-01T10:00:00Z,turbine-2,0.11034298945460672,Open-Meteo Single Runs API,ecmwf_ifs,2026-01-31T00:00:00Z,12,2026-01-31T12:00:00Z,2026-01-31T12:00:00Z,UTC,density_adjusted_power_curve_median_0.5ms,wind_speed_100m,4.71,5.8,False
2026-01-31T12:00:00Z,2026-02-01T11:00:00Z,turbine-2,0.17497402939141415,Open-Meteo Single Runs API,ecmwf_ifs,2026-01-31T00:00:00Z,12,2026-01-31T12:00:00Z,2026-01-31T12:00:00Z,UTC,density_adjusted_power_curve_median_0.5ms,wind_speed_100m,5.53,3.7,False
2026-01-31T12:00:00Z,2026-02-01T12:00:00Z,turbine-2,0.21756061789179046,Open-Meteo Single Runs API,ecmwf_ifs,2026-01-31T00:00:00Z,12,2026-01-31T12:00:00Z,2026-01-31T12:00:00Z,UTC,density_adjusted_power_curve_median_0.5ms,wind_speed_100m,5.93,1.2,False
2026-01-31T12:00:00Z,2026-02-01T13:00:00Z,turbine-2,0.2508986984849664,Open-Meteo Single Runs API,ecmwf_ifs,2026-01-31T00:00:00Z,12,2026-01-31T12:00:00Z,2026-01-31T12:00:00Z,UTC,density_adjusted_power_curve_median_0.5ms,wind_speed_100m,6.22,0.7,False
2026-01-31T12:00:00Z,2026-02-01T14:00:00Z,turbine-2,0.23156578121816532,Open-Meteo Single Runs API,ecmwf_ifs,2026-01-31T00:00:00Z,12,2026-01-31T12:00:00Z,2026-01-31T12:00:00Z,UTC,density_adjusted_power_curve_median_0.5ms,wind_speed_100m,6.06,0.4,False
2026-01-31T12:00:00Z,2026-02-01T15:00:00Z,turbine-2,0.25729209186971386,Open-Meteo Single Runs API,ecmwf_ifs,2026-01-31T00:00:00Z,12,2026-01-31T12:00:00Z,2026-01-31T12:00:00Z,UTC,density_adjusted_power_curve_median_0.5ms,wind_speed_100m,6.26,0.1,False
2026-01-31T12:00:00Z,2026-02-01T16:00:00Z,turbine-2,0.2450240769968803,Open-Meteo Single Runs API,ecmwf_ifs,2026-01-31T00:00:00Z,12,2026-01-31T12:00:00Z,2026-01-31T12:00:00Z,UTC,density_adjusted_power_curve_median_0.5ms,wind_speed_100m,6.17,-0.5,False
2026-01-31T12:00:00Z,2026-02-01T17:00:00Z,turbine-2,0.2525334172043707,Open-Meteo Single Runs API,ecmwf_ifs,2026-01-31T00:00:00Z,12,2026-01-31T12:00:00Z,2026-01-31T12:00:00Z,UTC,density_adjusted_power_curve_median_0.5ms,wind_speed_100m,6.22,-0.8,False
2026-01-31T12:00:00Z,2026-02-01T18:00:00Z,turbine-2,0.23477943316797006,Open-Meteo Single Runs API,ecmwf_ifs,2026-01-31T00:00:00Z,12,2026-01-31T12:00:00Z,2026-01-31T12:00:00Z,UTC,density_adjusted_power_curve_median_0.5ms,wind_speed_100m,6.08,-1.1,False
2026-01-31T12:00:00Z,2026-02-01T19:00:00Z,turbine-2,0.2234872954015314,Open-Meteo Single Runs API,ecmwf_ifs,2026-01-31T00:00:00Z,12,2026-01-31T12:00:00Z,2026-01-31T12:00:00Z,UTC,density_adjusted_power_curve_median_0.5ms,wind_speed_100m,5.97,-1.2,False
2026-01-31T12:00:00Z,2026-02-01T20:00:00Z,turbine-2,0.21433432356256163,Open-Meteo Single Runs API,ecmwf_ifs,2026-01-31T00:00:00Z,12,2026-01-31T12:00:00Z,2026-01-31T12:00:00Z,UTC,density_adjusted_power_curve_median_0.5ms,wind_speed_100m,5.88,-1.4,False
2026-01-31T12:00:00Z,2026-02-01T21:00:00Z,turbine-2,0.23301980433964692,Open-Meteo Single Runs API,ecmwf_ifs,2026-01-31T00:00:00Z,12,2026-01-31T12:00:00Z,2026-01-31T12:00:00Z,UTC,density_adjusted_power_curve_median_0.5ms,wind_speed_100m,6.06,-1.5,False
2026-01-31T12:00:00Z,2026-02-01T22:00:00Z,turbine-2,0.2290368773136109,Open-Meteo Single Runs API,ecmwf_ifs,2026-01-31T00:00:00Z,12,2026-01-31T12:00:00Z,2026-01-31T12:00:00Z,UTC,density_adjusted_power_curve_median_0.5ms,wind_speed_100m,6.02,-1.7,False
2026-01-31T12:00:00Z,2026-02-01T23:00:00Z,turbine-2,0.25661736844575034,Open-Meteo Single Runs API,ecmwf_ifs,2026-01-31T00:00:00Z,12,2026-01-31T12:00:00Z,2026-01-31T12:00:00Z,UTC,density_adjusted_power_curve_median_0.5ms,wind_speed_100m,6.24,-1.9,False
2026-01-31T12:00:00Z,2026-02-02T00:00:00Z,turbine-2,0.2827420755941056,Open-Meteo Single Runs API,ecmwf_ifs,2026-01-31T00:00:00Z,12,2026-01-31T12:00:00Z,2026-01-31T12:00:00Z,UTC,density_adjusted_power_curve_median_0.5ms,wind_speed_100m,6.42,-2.1,False
2026-01-31T12:00:00Z,2026-02-02T01:00:00Z,turbine-2,0.27721158015514813,Open-Meteo Single Runs API,ecmwf_ifs,2026-01-31T00:00:00Z,12,2026-01-31T12:00:00Z,2026-01-31T12:00:00Z,UTC,density_adjusted_power_curve_median_0.5ms,wind_speed_100m,6.38,-2.3,False
2026-01-31T12:00:00Z,2026-02-02T02:00:00Z,turbine-2,0.3033544400898408,Open-Meteo Single Runs API,ecmwf_ifs,2026-01-31T00:00:00Z,12,2026-01-31T12:00:00Z,2026-01-31T12:00:00Z,UTC,density_adjusted_power_curve_median_0.5ms,wind_speed_100m,6.56,-2.5,False
2026-01-31T12:00:00Z,2026-02-02T03:00:00Z,turbine-2,0.2976495390382152,Open-Meteo Single Runs API,ecmwf_ifs,2026-01-31T00:00:00Z,12,2026-01-31T12:00:00Z,2026-01-31T12:00:00Z,UTC,density_adjusted_power_curve_median_0.5ms,wind_speed_100m,6.53,-1.3,False
2026-01-31T12:00:00Z,2026-02-02T04:00:00Z,turbine-2,0.40455710316397103,Open-Meteo Single Runs API,ecmwf_ifs,2026-01-31T00:00:00Z,12,2026-01-31T12:00:00Z,2026-01-31T12:00:00Z,UTC,density_adjusted_power_curve_median_0.5ms,wind_speed_100m,7.22,2.0,False
2026-01-31T12:00:00Z,2026-02-02T05:00:00Z,turbine-2,0.29358500854919145,Open-Meteo Single Runs API,ecmwf_ifs,2026-01-31T00:00:00Z,12,2026-01-31T12:00:00Z,2026-01-31T12:00:00Z,UTC,density_adjusted_power_curve_median_0.5ms,wind_speed_100m,6.55,4.8,False
2026-01-31T12:00:00Z,2026-02-02T06:00:00Z,turbine-2,0.43100482431403797,Open-Meteo Single Runs API,ecmwf_ifs,2026-01-31T00:00:00Z,12,2026-01-31T12:00:00Z,2026-01-31T12:00:00Z,UTC,density_adjusted_power_curve_median_0.5ms,wind_speed_100m,7.42,6.4,False
2026-01-31T12:00:00Z,2026-02-02T07:00:00Z,turbine-2,0.5815040825967216,Open-Meteo Single Runs API,ecmwf_ifs,2026-01-31T00:00:00Z,12,2026-01-31T12:00:00Z,2026-01-31T12:00:00Z,UTC,density_adjusted_power_curve_median_0.5ms,wind_speed_100m,8.39,7.6,False
2026-01-31T12:00:00Z,2026-02-02T08:00:00Z,turbine-2,0.7139755340831153,Open-Meteo Single Runs API,ecmwf_ifs,2026-01-31T00:00:00Z,12,2026-01-31T12:00:00Z,2026-01-31T12:00:00Z,UTC,density_adjusted_power_curve_median_0.5ms,wind_speed_100m,9.28,8.7,False
2026-01-31T12:00:00Z,2026-02-02T09:00:00Z,turbine-2,0.6780631561176765,Open-Meteo Single Runs API,ecmwf_ifs,2026-01-31T00:00:00Z,12,2026-01-31T12:00:00Z,2026-01-31T12:00:00Z,UTC,density_adjusted_power_curve_median_0.5ms,wind_speed_100m,9.04,8.6,False
2026-01-31T12:00:00Z,2026-02-02T10:00:00Z,turbine-2,0.5926012360480465,Open-Meteo Single Runs API,ecmwf_ifs,2026-01-31T00:00:00Z,12,2026-01-31T12:00:00Z,2026-01-31T12:00:00Z,UTC,density_adjusted_power_curve_median_0.5ms,wind_speed_100m,8.47,7.7,False
2026-01-31T12:00:00Z,2026-02-02T11:00:00Z,turbine-2,0.08209065197249052,Open-Meteo Single Runs API,ecmwf_ifs,2026-01-31T00:00:00Z,12,2026-01-31T12:00:00Z,2026-01-31T12:00:00Z,UTC,density_adjusted_power_curve_median_0.5ms,wind_speed_100m,4.24,5.0,False
2026-01-31T12:00:00Z,2026-02-02T12:00:00Z,turbine-2,0.01,Open-Meteo Single Runs API,ecmwf_ifs,2026-01-31T00:00:00Z,12,2026-01-31T12:00:00Z,2026-01-31T12:00:00Z,UTC,density_adjusted_power_curve_median_0.5ms,wind_speed_100m,0.73,1.5,False
2026-02-01T12:00:00Z,2026-02-01T13:00:00Z,turbine-1,0.2467680180693862,Open-Meteo Single Runs API,ecmwf_ifs,2026-02-01T00:00:00Z,12,2026-02-01T12:00:00Z,2026-01-31T23:50:00Z,UTC,density_adjusted_power_curve_median_0.5ms,wind_speed_100m,6.11,0.8,False
2026-02-01T12:00:00Z,2026-02-01T14:00:00Z,turbine-1,0.2666640451532843,Open-Meteo Single Runs API,ecmwf_ifs,2026-02-01T00:00:00Z,12,2026-02-01T12:00:00Z,2026-01-31T23:50:00Z,UTC,density_adjusted_power_curve_median_0.5ms,wind_speed_100m,6.26,1.1,False
2026-02-01T12:00:00Z,2026-02-01T15:00:00Z,turbine-1,0.23071714765347515,Open-Meteo Single Runs API,ecmwf_ifs,2026-02-01T00:00:00Z,12,2026-02-01T12:00:00Z,2026-01-31T23:50:00Z,UTC,density_adjusted_power_curve_median_0.5ms,wind_speed_100m,5.95,0.1,False
2026-02-01T12:00:00Z,2026-02-01T16:00:00Z,turbine-1,0.24116304741363825,Open-Meteo Single Runs API,ecmwf_ifs,2026-02-01T00:00:00Z,12,2026-02-01T12:00:00Z,2026-01-31T23:50:00Z,UTC,density_adjusted_power_curve_median_0.5ms,wind_speed_100m,6.05,0.0,False
2026-02-01T12:00:00Z,2026-02-01T17:00:00Z,turbine-1,0.2435447487759497,Open-Meteo Single Runs API,ecmwf_ifs,2026-02-01T00:00:00Z,12,2026-02-01T12:00:00Z,2026-01-31T23:50:00Z,UTC,density_adjusted_power_curve_median_0.5ms,wind_speed_100m,6.07,-0.4,False
2026-02-01T12:00:00Z,2026-02-01T18:00:00Z,turbine-1,0.22509274247205063,Open-Meteo Single Runs API,ecmwf_ifs,2026-02-01T00:00:00Z,12,2026-02-01T12:00:00Z,2026-01-31T23:50:00Z,UTC,density_adjusted_power_curve_median_0.5ms,wind_speed_100m,5.89,-0.7,False
2026-02-01T12:00:00Z,2026-02-01T19:00:00Z,turbine-1,0.19124924972851853,Open-Meteo Single Runs API,ecmwf_ifs,2026-02-01T00:00:00Z,12,2026-02-01T12:00:00Z,2026-01-31T23:50:00Z,UTC,density_adjusted_power_curve_median_0.5ms,wind_speed_100m,5.56,-1.0,False
2026-02-01T12:00:00Z,2026-02-01T20:00:00Z,turbine-1,0.17818306958696584,Open-Meteo Single Runs API,ecmwf_ifs,2026-02-01T00:00:00Z,12,2026-02-01T12:00:00Z,2026-01-31T23:50:00Z,UTC,density_adjusted_power_curve_median_0.5ms,wind_speed_100m,5.43,-1.2,False
2026-02-01T12:00:00Z,2026-02-01T21:00:00Z,turbine-1,0.20788407606660722,Open-Meteo Single Runs API,ecmwf_ifs,2026-02-01T00:00:00Z,12,2026-02-01T12:00:00Z,2026-01-31T23:50:00Z,UTC,density_adjusted_power_curve_median_0.5ms,wind_speed_100m,5.72,-1.3,False
2026-02-01T12:00:00Z,2026-02-01T22:00:00Z,turbine-1,0.2610143811922488,Open-Meteo Single Runs API,ecmwf_ifs,2026-02-01T00:00:00Z,12,2026-02-01T12:00:00Z,2026-01-31T23:50:00Z,UTC,density_adjusted_power_curve_median_0.5ms,wind_speed_100m,6.2,-1.6,False
2026-02-01T12:00:00Z,2026-02-01T23:00:00Z,turbine-1,0.3509861917518463,Open-Meteo Single Runs API,ecmwf_ifs,2026-02-01T00:00:00Z,12,2026-02-01T12:00:00Z,2026-01-31T23:50:00Z,UTC,density_adjusted_power_curve_median_0.5ms,wind_speed_100m,6.8,-1.8,False
2026-02-01T12:00:00Z,2026-02-02T00:00:00Z,turbine-1,0.35777017843668424,Open-Meteo Single Runs API,ecmwf_ifs,2026-02-01T00:00:00Z,12,2026-02-01T12:00:00Z,2026-01-31T23:50:00Z,UTC,density_adjusted_power_curve_median_0.5ms,wind_speed_100m,6.84,-2.0,False
2026-02-01T12:00:00Z,2026-02-02T01:00:00Z,turbine-1,0.3516668127936468,Open-Meteo Single Runs API,ecmwf_ifs,2026-02-01T00:00:00Z,12,2026-02-01T12:00:00Z,2026-01-31T23:50:00Z,UTC,density_adjusted_power_curve_median_0.5ms,wind_speed_100m,6.8,-2.3,False
2026-02-01T12:00:00Z,2026-02-02T02:00:00Z,turbine-1,0.3153604177832417,Open-Meteo Single Runs API,ecmwf_ifs,2026-02-01T00:00:00Z,12,2026-02-01T12:00:00Z,2026-01-31T23:50:00Z,UTC,density_adjusted_power_curve_median_0.5ms,wind_speed_100m,6.57,-2.7,False
2026-02-01T12:00:00Z,2026-02-02T03:00:00Z,turbine-1,0.2983069221347585,Open-Meteo Single Runs API,ecmwf_ifs,2026-02-01T00:00:00Z,12,2026-02-01T12:00:00Z,2026-01-31T23:50:00Z,UTC,density_adjusted_power_curve_median_0.5ms,wind_speed_100m,6.46,-1.6,False
2026-02-01T12:00:00Z,2026-02-02T04:00:00Z,turbine-1,0.5100604233381699,Open-Meteo Single Runs API,ecmwf_ifs,2026-02-01T00:00:00Z,12,2026-02-01T12:00:00Z,2026-01-31T23:50:00Z,UTC,density_adjusted_power_curve_median_0.5ms,wind_speed_100m,7.8,1.7,False
2026-02-01T12:00:00Z,2026-02-02T05:00:00Z,turbine-1,0.33823120469192647,Open-Meteo Single Runs API,ecmwf_ifs,2026-02-01T00:00:00Z,12,2026-02-01T12:00:00Z,2026-01-31T23:50:00Z,UTC,density_adjusted_power_curve_median_0.5ms,wind_speed_100m,6.77,4.1,False
2026-02-01T12:00:00Z,2026-02-02T06:00:00Z,turbine-1,0.4630963349660666,Open-Meteo Single Runs API,ecmwf_ifs,2026-02-01T00:00:00Z,12,2026-02-01T12:00:00Z,2026-01-31T23:50:00Z,UTC,density_adjusted_power_curve_median_0.5ms,wind_speed_100m,7.55,5.9,False
2026-02-01T12:00:00Z,2026-02-02T07:00:00Z,turbine-1,0.5961128657745863,Open-Meteo Single Runs API,ecmwf_ifs,2026-02-01T00:00:00Z,12,2026-02-01T12:00:00Z,2026-01-31T23:50:00Z,UTC,density_adjusted_power_curve_median_0.5ms,wind_speed_100m,8.39,7.2,False
2026-02-01T12:00:00Z,2026-02-02T08:00:00Z,turbine-1,0.698886151318719,Open-Meteo Single Runs API,ecmwf_ifs,2026-02-01T00:00:00Z,12,2026-02-01T12:00:00Z,2026-01-31T23:50:00Z,UTC,density_adjusted_power_curve_median_0.5ms,wind_speed_100m,9.09,8.0,False
2026-02-01T12:00:00Z,2026-02-02T09:00:00Z,turbine-1,0.669004482137027,Open-Meteo Single Runs API,ecmwf_ifs,2026-02-01T00:00:00Z,12,2026-02-01T12:00:00Z,2026-01-31T23:50:00Z,UTC,density_adjusted_power_curve_median_0.5ms,wind_speed_100m,8.88,8.1,False
2026-02-01T12:00:00Z,2026-02-02T10:00:00Z,turbine-1,0.5832281292194729,Open-Meteo Single Runs API,ecmwf_ifs,2026-02-01T00:00:00Z,12,2026-02-01T12:00:00Z,2026-01-31T23:50:00Z,UTC,density_adjusted_power_curve_median_0.5ms,wind_speed_100m,8.31,7.3,False
2026-02-01T12:00:00Z,2026-02-02T11:00:00Z,turbine-1,0.5653441395927227,Open-Meteo Single Runs API,ecmwf_ifs,2026-02-01T00:00:00Z,12,2026-02-01T12:00:00Z,2026-01-31T23:50:00Z,UTC,density_adjusted_power_curve_median_0.5ms,wind_speed_100m,8.18,5.5,False
2026-02-01T12:00:00Z,2026-02-02T12:00:00Z,turbine-1,0.379997281334642,Open-Meteo Single Runs API,ecmwf_ifs,2026-02-01T00:00:00Z,12,2026-02-01T12:00:00Z,2026-01-31T23:50:00Z,UTC,density_adjusted_power_curve_median_0.5ms,wind_speed_100m,7.02,3.1,False
2026-02-01T12:00:00Z,2026-02-02T13:00:00Z,turbine-1,0.01,Open-Meteo Single Runs API,ecmwf_ifs,2026-02-01T00:00:00Z,12,2026-02-01T12:00:00Z,2026-01-31T23:50:00Z,UTC,density_adjusted_power_curve_median_0.5ms,wind_speed_100m,2.13,0.7,False
2026-02-01T12:00:00Z,2026-02-02T14:00:00Z,turbine-1,0.01,Open-Meteo Single Runs API,ecmwf_ifs,2026-02-01T00:00:00Z,12,2026-02-01T12:00:00Z,2026-01-31T23:50:00Z,UTC,density_adjusted_power_curve_median_0.5ms,wind_speed_100m,0.91,-0.3,False
2026-02-01T12:00:00Z,2026-02-02T15:00:00Z,turbine-1,0.01,Open-Meteo Single Runs API,ecmwf_ifs,2026-02-01T00:00:00Z,12,2026-02-01T12:00:00Z,2026-01-31T23:50:00Z,UTC,density_adjusted_power_curve_median_0.5ms,wind_speed_100m,0.71,0.1,False
2026-02-01T12:00:00Z,2026-02-02T16:00:00Z,turbine-1,0.01,Open-Meteo Single Runs API,ecmwf_ifs,2026-02-01T00:00:00Z,12,2026-02-01T12:00:00Z,2026-01-31T23:50:00Z,UTC,density_adjusted_power_curve_median_0.5ms,wind_speed_100m,1.69,-0.2,False
2026-02-01T12:00:00Z,2026-02-02T17:00:00Z,turbine-1,0.01,Open-Meteo Single Runs API,ecmwf_ifs,2026-02-01T00:00:00Z,12,2026-02-01T12:00:00Z,2026-01-31T23:50:00Z,UTC,density_adjusted_power_curve_median_0.5ms,wind_speed_100m,2.11,-0.5,False
2026-02-01T12:00:00Z,2026-02-02T18:00:00Z,turbine-1,0.013104805186247586,Open-Meteo Single Runs API,ecmwf_ifs,2026-02-01T00:00:00Z,12,2026-02-01T12:00:00Z,2026-01-31T23:50:00Z,UTC,density_adjusted_power_curve_median_0.5ms,wind_speed_100m,2.77,-0.4,False
2026-02-01T12:00:00Z,2026-02-02T19:00:00Z,turbine-1,0.06009802514082435,Open-Meteo Single Runs API,ecmwf_ifs,2026-02-01T00:00:00Z,12,2026-02-01T12:00:00Z,2026-01-31T23:50:00Z,UTC,density_adjusted_power_curve_median_0.5ms,wind_speed_100m,3.69,0.0,False
2026-02-01T12:00:00Z,2026-02-02T20:00:00Z,turbine-1,0.1136467776644222,Open-Meteo Single Runs API,ecmwf_ifs,2026-02-01T00:00:00Z,12,2026-02-01T12:00:00Z,2026-01-31T23:50:00Z,UTC,density_adjusted_power_curve_median_0.5ms,wind_speed_100m,4.72,0.1,False
2026-02-01T12:00:00Z,2026-02-02T21:00:00Z,turbine-1,0.15944308265569698,Open-Meteo Single Runs API,ecmwf_ifs,2026-02-01T00:00:00Z,12,2026-02-01T12:00:00Z,2026-01-31T23:50:00Z,UTC,density_adjusted_power_curve_median_0.5ms,wind_speed_100m,5.25,-0.5,False
2026-02-01T12:00:00Z,2026-02-02T22:00:00Z,turbine-1,0.162749979334834,Open-Meteo Single Runs API,ecmwf_ifs,2026-02-01T00:00:00Z,12,2026-02-01T12:00:00Z,2026-01-31T23:50:00Z,UTC,density_adjusted_power_curve_median_0.5ms,wind_speed_100m,5.28,-0.9,False
2026-02-01T12:00:00Z,2026-02-02T23:00:00Z,turbine-1,0.11270908621517998,Open-Meteo Single Runs API,ecmwf_ifs,2026-02-01T00:00:00Z,12,2026-02-01T12:00:00Z,2026-01-31T23:50:00Z,UTC,density_adjusted_power_curve_median_0.5ms,wind_speed_100m,4.7,-1.4,False
2026-02-01T12:00:00Z,2026-02-03T00:00:00Z,turbine-1,0.11445752159997238,Open-Meteo Single Runs API,ecmwf_ifs,2026-02-01T00:00:00Z,12,2026-02-01T12:00:00Z,2026-01-31T23:50:00Z,UTC,density_adjusted_power_curve_median_0.5ms,wind_speed_100m,4.72,-1.6,False
2026-02-01T12:00:00Z,2026-02-03T01:00:00Z,turbine-1,0.08498939594656267,Open-Meteo Single Runs API,ecmwf_ifs,2026-02-01T00:00:00Z,12,2026-02-01T12:00:00Z,2026-01-31T23:50:00Z,UTC,density_adjusted_power_curve_median_0.5ms,wind_speed_100m,4.25,-2.0,False
2026-02-01T12:00:00Z,2026-02-03T02:00:00Z,turbine-1,0.03336518325393627,Open-Meteo Single Runs API,ecmwf_ifs,2026-02-01T00:00:00Z,12,2026-02-01T12:00:00Z,2026-01-31T23:50:00Z,UTC,density_adjusted_power_curve_median_0.5ms,wind_speed_100m,3.24,-2.3,False
2026-02-01T12:00:00Z,2026-02-03T03:00:00Z,turbine-1,0.01,Open-Meteo Single Runs API,ecmwf_ifs,2026-02-01T00:00:00Z,12,2026-02-01T12:00:00Z,2026-01-31T23:50:00Z,UTC,density_adjusted_power_curve_median_0.5ms,wind_speed_100m,1.95,-0.2,False
2026-02-01T12:00:00Z,2026-02-03T04:00:00Z,turbine-1,0.01,Open-Meteo Single Runs API,ecmwf_ifs,2026-02-01T00:00:00Z,12,2026-02-01T12:00:00Z,2026-01-31T23:50:00Z,UTC,density_adjusted_power_curve_median_0.5ms,wind_speed_100m,1.43,3.2,False
2026-02-01T12:00:00Z,2026-02-03T05:00:00Z,turbine-1,0.01,Open-Meteo Single Runs API,ecmwf_ifs,2026-02-01T00:00:00Z,12,2026-02-01T12:00:00Z,2026-01-31T23:50:00Z,UTC,density_adjusted_power_curve_median_0.5ms,wind_speed_100m,1.99,4.7,False
2026-02-01T12:00:00Z,2026-02-03T06:00:00Z,turbine-1,0.02376696793031981,Open-Meteo Single Runs API,ecmwf_ifs,2026-02-01T00:00:00Z,12,2026-02-01T12:00:00Z,2026-01-31T23:50:00Z,UTC,density_adjusted_power_curve_median_0.5ms,wind_speed_100m,3.06,6.0,False
2026-02-01T12:00:00Z,2026-02-03T07:00:00Z,turbine-1,0.01,Open-Meteo Single Runs API,ecmwf_ifs,2026-02-01T00:00:00Z,12,2026-02-01T12:00:00Z,2026-01-31T23:50:00Z,UTC,density_adjusted_power_curve_median_0.5ms,wind_speed_100m,2.62,7.3,False
2026-02-01T12:00:00Z,2026-02-03T08:00:00Z,turbine-1,0.04960147300223358,Open-Meteo Single Runs API,ecmwf_ifs,2026-02-01T00:00:00Z,12,2026-02-01T12:00:00Z,2026-01-31T23:50:00Z,UTC,density_adjusted_power_curve_median_0.5ms,wind_speed_100m,3.55,7.9,False
2026-02-01T12:00:00Z,2026-02-03T09:00:00Z,turbine-1,0.06319320237723614,Open-Meteo Single Runs API,ecmwf_ifs,2026-02-01T00:00:00Z,12,2026-02-01T12:00:00Z,2026-01-31T23:50:00Z,UTC,density_adjusted_power_curve_median_0.5ms,wind_speed_100m,3.8,7.5,False
2026-02-01T12:00:00Z,2026-02-03T10:00:00Z,turbine-1,0.09186909017168378,Open-Meteo Single Runs API,ecmwf_ifs,2026-02-01T00:00:00Z,12,2026-02-01T12:00:00Z,2026-01-31T23:50:00Z,UTC,density_adjusted_power_curve_median_0.5ms,wind_speed_100m,4.41,6.7,False
2026-02-01T12:00:00Z,2026-02-03T11:00:00Z,turbine-1,0.16800545292261276,Open-Meteo Single Runs API,ecmwf_ifs,2026-02-01T00:00:00Z,12,2026-02-01T12:00:00Z,2026-01-31T23:50:00Z,UTC,density_adjusted_power_curve_median_0.5ms,wind_speed_100m,5.37,5.0,False
2026-02-01T12:00:00Z,2026-02-03T12:00:00Z,turbine-1,0.2842449981925821,Open-Meteo Single Runs API,ecmwf_ifs,2026-02-01T00:00:00Z,12,2026-02-01T12:00:00Z,2026-01-31T23:50:00Z,UTC,density_adjusted_power_curve_median_0.5ms,wind_speed_100m,6.4,3.3,False
2026-02-01T12:00:00Z,2026-02-01T13:00:00Z,turbine-2,0.23641619939602537,Open-Meteo Single Runs API,ecmwf_ifs,2026-02-01T00:00:00Z,12,2026-02-01T12:00:00Z,2026-01-31T23:50:00Z,UTC,density_adjusted_power_curve_median_0.5ms,wind_speed_100m,6.11,0.8,False
2026-02-01T12:00:00Z,2026-02-01T14:00:00Z,turbine-2,0.25620003797150687,Open-Meteo Single Runs API,ecmwf_ifs,2026-02-01T00:00:00Z,12,2026-02-01T12:00:00Z,2026-01-31T23:50:00Z,UTC,density_adjusted_power_curve_median_0.5ms,wind_speed_100m,6.26,1.1,False
2026-02-01T12:00:00Z,2026-02-01T15:00:00Z,turbine-2,0.22044134885950875,Open-Meteo Single Runs API,ecmwf_ifs,2026-02-01T00:00:00Z,12,2026-02-01T12:00:00Z,2026-01-31T23:50:00Z,UTC,density_adjusted_power_curve_median_0.5ms,wind_speed_100m,5.95,0.1,False
2026-02-01T12:00:00Z,2026-02-01T16:00:00Z,turbine-2,0.23083777491392526,Open-Meteo Single Runs API,ecmwf_ifs,2026-02-01T00:00:00Z,12,2026-02-01T12:00:00Z,2026-01-31T23:50:00Z,UTC,density_adjusted_power_curve_median_0.5ms,wind_speed_100m,6.05,0.0,False
2026-02-01T12:00:00Z,2026-02-01T17:00:00Z,turbine-2,0.23320819609979612,Open-Meteo Single Runs API,ecmwf_ifs,2026-02-01T00:00:00Z,12,2026-02-01T12:00:00Z,2026-01-31T23:50:00Z,UTC,density_adjusted_power_curve_median_0.5ms,wind_speed_100m,6.07,-0.4,False
2026-02-01T12:00:00Z,2026-02-01T18:00:00Z,turbine-2,0.21484358189722616,Open-Meteo Single Runs API,ecmwf_ifs,2026-02-01T00:00:00Z,12,2026-02-01T12:00:00Z,2026-01-31T23:50:00Z,UTC,density_adjusted_power_curve_median_0.5ms,wind_speed_100m,5.89,-0.7,False
2026-02-01T12:00:00Z,2026-02-01T19:00:00Z,turbine-2,0.18117505609105652,Open-Meteo Single Runs API,ecmwf_ifs,2026-02-01T00:00:00Z,12,2026-02-01T12:00:00Z,2026-01-31T23:50:00Z,UTC,density_adjusted_power_curve_median_0.5ms,wind_speed_100m,5.56,-1.0,False
2026-02-01T12:00:00Z,2026-02-01T20:00:00Z,turbine-2,0.16818814079111596,Open-Meteo Single Runs API,ecmwf_ifs,2026-02-01T00:00:00Z,12,2026-02-01T12:00:00Z,2026-01-31T23:50:00Z,UTC,density_adjusted_power_curve_median_0.5ms,wind_speed_100m,5.43,-1.2,False
2026-02-01T12:00:00Z,2026-02-01T21:00:00Z,turbine-2,0.1977164189062881,Open-Meteo Single Runs API,ecmwf_ifs,2026-02-01T00:00:00Z,12,2026-02-01T12:00:00Z,2026-01-31T23:50:00Z,UTC,density_adjusted_power_curve_median_0.5ms,wind_speed_100m,5.72,-1.3,False
2026-02-01T12:00:00Z,2026-02-01T22:00:00Z,turbine-2,0.2505345766011985,Open-Meteo Single Runs API,ecmwf_ifs,2026-02-01T00:00:00Z,12,2026-02-01T12:00:00Z,2026-01-31T23:50:00Z,UTC,density_adjusted_power_curve_median_0.5ms,wind_speed_100m,6.2,-1.6,False
2026-02-01T12:00:00Z,2026-02-01T23:00:00Z,turbine-2,0.34093414507415143,Open-Meteo Single Runs API,ecmwf_ifs,2026-02-01T00:00:00Z,12,2026-02-01T12:00:00Z,2026-01-31T23:50:00Z,UTC,density_adjusted_power_curve_median_0.5ms,wind_speed_100m,6.8,-1.8,False
2026-02-01T12:00:00Z,2026-02-02T00:00:00Z,turbine-2,0.34778549880805826,Open-Meteo Single Runs API,ecmwf_ifs,2026-02-01T00:00:00Z,12,2026-02-01T12:00:00Z,2026-01-31T23:50:00Z,UTC,density_adjusted_power_curve_median_0.5ms,wind_speed_100m,6.84,-2.0,False
2026-02-01T12:00:00Z,2026-02-02T01:00:00Z,turbine-2,0.3416215248897011,Open-Meteo Single Runs API,ecmwf_ifs,2026-02-01T00:00:00Z,12,2026-02-01T12:00:00Z,2026-01-31T23:50:00Z,UTC,density_adjusted_power_curve_median_0.5ms,wind_speed_100m,6.8,-2.3,False
2026-02-01T12:00:00Z,2026-02-02T02:00:00Z,turbine-2,0.305032573837693,Open-Meteo Single Runs API,ecmwf_ifs,2026-02-01T00:00:00Z,12,2026-02-01T12:00:00Z,2026-01-31T23:50:00Z,UTC,density_adjusted_power_curve_median_0.5ms,wind_speed_100m,6.57,-2.7,False
2026-02-01T12:00:00Z,2026-02-02T03:00:00Z,turbine-2,0.2879313937513122,Open-Meteo Single Runs API,ecmwf_ifs,2026-02-01T00:00:00Z,12,2026-02-01T12:00:00Z,2026-01-31T23:50:00Z,UTC,density_adjusted_power_curve_median_0.5ms,wind_speed_100m,6.46,-1.6,False
2026-02-01T12:00:00Z,2026-02-02T04:00:00Z,turbine-2,0.4999838561661087,Open-Meteo Single Runs API,ecmwf_ifs,2026-02-01T00:00:00Z,12,2026-02-01T12:00:00Z,2026-01-31T23:50:00Z,UTC,density_adjusted_power_curve_median_0.5ms,wind_speed_100m,7.8,1.7,False
2026-02-01T12:00:00Z,2026-02-02T05:00:00Z,turbine-2,0.3280524971171725,Open-Meteo Single Runs API,ecmwf_ifs,2026-02-01T00:00:00Z,12,2026-02-01T12:00:00Z,2026-01-31T23:50:00Z,UTC,density_adjusted_power_curve_median_0.5ms,wind_speed_100m,6.77,4.1,False
2026-02-01T12:00:00Z,2026-02-02T06:00:00Z,turbine-2,0.4530015455823297,Open-Meteo Single Runs API,ecmwf_ifs,2026-02-01T00:00:00Z,12,2026-02-01T12:00:00Z,2026-01-31T23:50:00Z,UTC,density_adjusted_power_curve_median_0.5ms,wind_speed_100m,7.55,5.9,False
2026-02-01T12:00:00Z,2026-02-02T07:00:00Z,turbine-2,0.5820641710116611,Open-Meteo Single Runs API,ecmwf_ifs,2026-02-01T00:00:00Z,12,2026-02-01T12:00:00Z,2026-01-31T23:50:00Z,UTC,density_adjusted_power_curve_median_0.5ms,wind_speed_100m,8.39,7.2,False
2026-02-01T12:00:00Z,2026-02-02T08:00:00Z,turbine-2,0.6870278792332767,Open-Meteo Single Runs API,ecmwf_ifs,2026-02-01T00:00:00Z,12,2026-02-01T12:00:00Z,2026-01-31T23:50:00Z,UTC,density_adjusted_power_curve_median_0.5ms,wind_speed_100m,9.09,8.0,False
2026-02-01T12:00:00Z,2026-02-02T09:00:00Z,turbine-2,0.6534941270966725,Open-Meteo Single Runs API,ecmwf_ifs,2026-02-01T00:00:00Z,12,2026-02-01T12:00:00Z,2026-01-31T23:50:00Z,UTC,density_adjusted_power_curve_median_0.5ms,wind_speed_100m,8.88,8.1,False
2026-02-01T12:00:00Z,2026-02-02T10:00:00Z,turbine-2,0.5706815437586132,Open-Meteo Single Runs API,ecmwf_ifs,2026-02-01T00:00:00Z,12,2026-02-01T12:00:00Z,2026-01-31T23:50:00Z,UTC,density_adjusted_power_curve_median_0.5ms,wind_speed_100m,8.31,7.3,False
2026-02-01T12:00:00Z,2026-02-02T11:00:00Z,turbine-2,0.5548824789622216,Open-Meteo Single Runs API,ecmwf_ifs,2026-02-01T00:00:00Z,12,2026-02-01T12:00:00Z,2026-01-31T23:50:00Z,UTC,density_adjusted_power_curve_median_0.5ms,wind_speed_100m,8.18,5.5,False
2026-02-01T12:00:00Z,2026-02-02T12:00:00Z,turbine-2,0.37023332359141303,Open-Meteo Single Runs API,ecmwf_ifs,2026-02-01T00:00:00Z,12,2026-02-01T12:00:00Z,2026-01-31T23:50:00Z,UTC,density_adjusted_power_curve_median_0.5ms,wind_speed_100m,7.02,3.1,False
2026-02-01T12:00:00Z,2026-02-02T13:00:00Z,turbine-2,0.01,Open-Meteo Single Runs API,ecmwf_ifs,2026-02-01T00:00:00Z,12,2026-02-01T12:00:00Z,2026-01-31T23:50:00Z,UTC,density_adjusted_power_curve_median_0.5ms,wind_speed_100m,2.13,0.7,False
2026-02-01T12:00:00Z,2026-02-02T14:00:00Z,turbine-2,0.01,Open-Meteo Single Runs API,ecmwf_ifs,2026-02-01T00:00:00Z,12,2026-02-01T12:00:00Z,2026-01-31T23:50:00Z,UTC,density_adjusted_power_curve_median_0.5ms,wind_speed_100m,0.91,-0.3,False
2026-02-01T12:00:00Z,2026-02-02T15:00:00Z,turbine-2,0.01,Open-Meteo Single Runs API,ecmwf_ifs,2026-02-01T00:00:00Z,12,2026-02-01T12:00:00Z,2026-01-31T23:50:00Z,UTC,density_adjusted_power_curve_median_0.5ms,wind_speed_100m,0.71,0.1,False
2026-02-01T12:00:00Z,2026-02-02T16:00:00Z,turbine-2,0.01,Open-Meteo Single Runs API,ecmwf_ifs,2026-02-01T00:00:00Z,12,2026-02-01T12:00:00Z,2026-01-31T23:50:00Z,UTC,density_adjusted_power_curve_median_0.5ms,wind_speed_100m,1.69,-0.2,False
2026-02-01T12:00:00Z,2026-02-02T17:00:00Z,turbine-2,0.01,Open-Meteo Single Runs API,ecmwf_ifs,2026-02-01T00:00:00Z,12,2026-02-01T12:00:00Z,2026-01-31T23:50:00Z,UTC,density_adjusted_power_curve_median_0.5ms,wind_speed_100m,2.11,-0.5,False
2026-02-01T12:00:00Z,2026-02-02T18:00:00Z,turbine-2,0.01298272803211812,Open-Meteo Single Runs API,ecmwf_ifs,2026-02-01T00:00:00Z,12,2026-02-01T12:00:00Z,2026-01-31T23:50:00Z,UTC,density_adjusted_power_curve_median_0.5ms,wind_speed_100m,2.77,-0.4,False
2026-02-01T12:00:00Z,2026-02-02T19:00:00Z,turbine-2,0.050648825861961566,Open-Meteo Single Runs API,ecmwf_ifs,2026-02-01T00:00:00Z,12,2026-02-01T12:00:00Z,2026-01-31T23:50:00Z,UTC,density_adjusted_power_curve_median_0.5ms,wind_speed_100m,3.69,0.0,False
2026-02-01T12:00:00Z,2026-02-02T20:00:00Z,turbine-2,0.11294964558794739,Open-Meteo Single Runs API,ecmwf_ifs,2026-02-01T00:00:00Z,12,2026-02-01T12:00:00Z,2026-01-31T23:50:00Z,UTC,density_adjusted_power_curve_median_0.5ms,wind_speed_100m,4.72,0.1,False
2026-02-01T12:00:00Z,2026-02-02T21:00:00Z,turbine-2,0.14956183835522585,Open-Meteo Single Runs API,ecmwf_ifs,2026-02-01T00:00:00Z,12,2026-02-01T12:00:00Z,2026-01-31T23:50:00Z,UTC,density_adjusted_power_curve_median_0.5ms,wind_speed_100m,5.25,-0.5,False
2026-02-01T12:00:00Z,2026-02-02T22:00:00Z,turbine-2,0.1528486740342343,Open-Meteo Single Runs API,ecmwf_ifs,2026-02-01T00:00:00Z,12,2026-02-01T12:00:00Z,2026-01-31T23:50:00Z,UTC,density_adjusted_power_curve_median_0.5ms,wind_speed_100m,5.28,-0.9,False
2026-02-01T12:00:00Z,2026-02-02T23:00:00Z,turbine-2,0.11224913548306899,Open-Meteo Single Runs API,ecmwf_ifs,2026-02-01T00:00:00Z,12,2026-02-01T12:00:00Z,2026-01-31T23:50:00Z,UTC,density_adjusted_power_curve_median_0.5ms,wind_speed_100m,4.7,-1.4,False
2026-02-01T12:00:00Z,2026-02-03T00:00:00Z,turbine-2,0.11355531850922734,Open-Meteo Single Runs API,ecmwf_ifs,2026-02-01T00:00:00Z,12,2026-02-01T12:00:00Z,2026-01-31T23:50:00Z,UTC,density_adjusted_power_curve_median_0.5ms,wind_speed_100m,4.72,-1.6,False
2026-02-01T12:00:00Z,2026-02-03T01:00:00Z,turbine-2,0.08489453506096196,Open-Meteo Single Runs API,ecmwf_ifs,2026-02-01T00:00:00Z,12,2026-02-01T12:00:00Z,2026-01-31T23:50:00Z,UTC,density_adjusted_power_curve_median_0.5ms,wind_speed_100m,4.25,-2.0,False
2026-02-01T12:00:00Z,2026-02-03T02:00:00Z,turbine-2,0.03235482310606451,Open-Meteo Single Runs API,ecmwf_ifs,2026-02-01T00:00:00Z,12,2026-02-01T12:00:00Z,2026-01-31T23:50:00Z,UTC,density_adjusted_power_curve_median_0.5ms,wind_speed_100m,3.24,-2.3,False
2026-02-01T12:00:00Z,2026-02-03T03:00:00Z,turbine-2,0.01,Open-Meteo Single Runs API,ecmwf_ifs,2026-02-01T00:00:00Z,12,2026-02-01T12:00:00Z,2026-01-31T23:50:00Z,UTC,density_adjusted_power_curve_median_0.5ms,wind_speed_100m,1.95,-0.2,False
2026-02-01T12:00:00Z,2026-02-03T04:00:00Z,turbine-2,0.01,Open-Meteo Single Runs API,ecmwf_ifs,2026-02-01T00:00:00Z,12,2026-02-01T12:00:00Z,2026-01-31T23:50:00Z,UTC,density_adjusted_power_curve_median_0.5ms,wind_speed_100m,1.43,3.2,False
2026-02-01T12:00:00Z,2026-02-03T05:00:00Z,turbine-2,0.01,Open-Meteo Single Runs API,ecmwf_ifs,2026-02-01T00:00:00Z,12,2026-02-01T12:00:00Z,2026-01-31T23:50:00Z,UTC,density_adjusted_power_curve_median_0.5ms,wind_speed_100m,1.99,4.7,False
2026-02-01T12:00:00Z,2026-02-03T06:00:00Z,turbine-2,0.023772794676603624,Open-Meteo Single Runs API,ecmwf_ifs,2026-02-01T00:00:00Z,12,2026-02-01T12:00:00Z,2026-01-31T23:50:00Z,UTC,density_adjusted_power_curve_median_0.5ms,wind_speed_100m,3.06,6.0,False
2026-02-01T12:00:00Z,2026-02-03T07:00:00Z,turbine-2,0.01,Open-Meteo Single Runs API,ecmwf_ifs,2026-02-01T00:00:00Z,12,2026-02-01T12:00:00Z,2026-01-31T23:50:00Z,UTC,density_adjusted_power_curve_median_0.5ms,wind_speed_100m,2.62,7.3,False
2026-02-01T12:00:00Z,2026-02-03T08:00:00Z,turbine-2,0.04332213550876471,Open-Meteo Single Runs API,ecmwf_ifs,2026-02-01T00:00:00Z,12,2026-02-01T12:00:00Z,2026-01-31T23:50:00Z,UTC,density_adjusted_power_curve_median_0.5ms,wind_speed_100m,3.55,7.9,False
2026-02-01T12:00:00Z,2026-02-03T09:00:00Z,turbine-2,0.055189413643671775,Open-Meteo Single Runs API,ecmwf_ifs,2026-02-01T00:00:00Z,12,2026-02-01T12:00:00Z,2026-01-31T23:50:00Z,UTC,density_adjusted_power_curve_median_0.5ms,wind_speed_100m,3.8,7.5,False
2026-02-01T12:00:00Z,2026-02-03T10:00:00Z,turbine-2,0.09186172623162846,Open-Meteo Single Runs API,ecmwf_ifs,2026-02-01T00:00:00Z,12,2026-02-01T12:00:00Z,2026-01-31T23:50:00Z,UTC,density_adjusted_power_curve_median_0.5ms,wind_speed_100m,4.41,6.7,False
2026-02-01T12:00:00Z,2026-02-03T11:00:00Z,turbine-2,0.15807226575011027,Open-Meteo Single Runs API,ecmwf_ifs,2026-02-01T00:00:00Z,12,2026-02-01T12:00:00Z,2026-01-31T23:50:00Z,UTC,density_adjusted_power_curve_median_0.5ms,wind_speed_100m,5.37,5.0,False
2026-02-01T12:00:00Z,2026-02-03T12:00:00Z,turbine-2,0.2738301503081512,Open-Meteo Single Runs API,ecmwf_ifs,2026-02-01T00:00:00Z,12,2026-02-01T12:00:00Z,2026-01-31T23:50:00Z,UTC,density_adjusted_power_curve_median_0.5ms,wind_speed_100m,6.4,3.3,False
2026-02-02T12:00:00Z,2026-02-02T13:00:00Z,turbine-1,0.01,Open-Meteo Single Runs API,ecmwf_ifs,2026-02-02T00:00:00Z,12,2026-02-02T12:00:00Z,2026-01-31T23:50:00Z,UTC,density_adjusted_power_curve_median_0.5ms,wind_speed_100m,1.44,1.0,False
2026-02-02T12:00:00Z,2026-02-02T14:00:00Z,turbine-1,0.023420721268290326,Open-Meteo Single Runs API,ecmwf_ifs,2026-02-02T00:00:00Z,12,2026-02-02T12:00:00Z,2026-01-31T23:50:00Z,UTC,density_adjusted_power_curve_median_0.5ms,wind_speed_100m,3.03,0.2,False
2026-02-02T12:00:00Z,2026-02-02T15:00:00Z,turbine-1,0.11582249863583713,Open-Meteo Single Runs API,ecmwf_ifs,2026-02-02T00:00:00Z,12,2026-02-02T12:00:00Z,2026-01-31T23:50:00Z,UTC,density_adjusted_power_curve_median_0.5ms,wind_speed_100m,4.74,-1.0,False
2026-02-02T12:00:00Z,2026-02-02T16:00:00Z,turbine-1,0.1305403270616653,Open-Meteo Single Runs API,ecmwf_ifs,2026-02-02T00:00:00Z,12,2026-02-02T12:00:00Z,2026-01-31T23:50:00Z,UTC,density_adjusted_power_curve_median_0.5ms,wind_speed_100m,4.92,-0.7,False
2026-02-02T12:00:00Z,2026-02-02T17:00:00Z,turbine-1,0.15361172229244166,Open-Meteo Single Runs API,ecmwf_ifs,2026-02-02T00:00:00Z,12,2026-02-02T12:00:00Z,2026-01-31T23:50:00Z,UTC,density_adjusted_power_curve_median_0.5ms,wind_speed_100m,5.19,-0.9,False
2026-02-02T12:00:00Z,2026-02-02T18:00:00Z,turbine-1,0.14395608041290453,Open-Meteo Single Runs API,ecmwf_ifs,2026-02-02T00:00:00Z,12,2026-02-02T12:00:00Z,2026-01-31T23:50:00Z,UTC,density_adjusted_power_curve_median_0.5ms,wind_speed_100m,5.08,-1.1,False
2026-02-02T12:00:00Z,2026-02-02T19:00:00Z,turbine-1,0.11849354650817846,Open-Meteo Single Runs API,ecmwf_ifs,2026-02-02T00:00:00Z,12,2026-02-02T12:00:00Z,2026-01-31T23:50:00Z,UTC,density_adjusted_power_curve_median_0.5ms,wind_speed_100m,4.77,-1.4,False
2026-02-02T12:00:00Z,2026-02-02T20:00:00Z,turbine-1,0.1334682703482368,Open-Meteo Single Runs API,ecmwf_ifs,2026-02-02T00:00:00Z,12,2026-02-02T12:00:00Z,2026-01-31T23:50:00Z,UTC,density_adjusted_power_curve_median_0.5ms,wind_speed_100m,4.95,-1.6,False
2026-02-02T12:00:00Z,2026-02-02T21:00:00Z,turbine-1,0.19383653729912131,Open-Meteo Single Runs API,ecmwf_ifs,2026-02-02T00:00:00Z,12,2026-02-02T12:00:00Z,2026-01-31T23:50:00Z,UTC,density_adjusted_power_curve_median_0.5ms,wind_speed_100m,5.58,-1.8,False
2026-02-02T12:00:00Z,2026-02-02T22:00:00Z,turbine-1,0.2568200556156394,Open-Meteo Single Runs API,ecmwf_ifs,2026-02-02T00:00:00Z,12,2026-02-02T12:00:00Z,2026-01-31T23:50:00Z,UTC,density_adjusted_power_curve_median_0.5ms,wind_speed_100m,6.17,-1.7,False
2026-02-02T12:00:00Z,2026-02-02T23:00:00Z,turbine-1,0.22718323312715985,Open-Meteo Single Runs API,ecmwf_ifs,2026-02-02T00:00:00Z,12,2026-02-02T12:00:00Z,2026-01-31T23:50:00Z,UTC,density_adjusted_power_curve_median_0.5ms,wind_speed_100m,5.9,-2.1,False
2026-02-02T12:00:00Z,2026-02-03T00:00:00Z,turbine-1,0.11980559905549212,Open-Meteo Single Runs API,ecmwf_ifs,2026-02-02T00:00:00Z,12,2026-02-02T12:00:00Z,2026-01-31T23:50:00Z,UTC,density_adjusted_power_curve_median_0.5ms,wind_speed_100m,4.78,-2.4,False
2026-02-02T12:00:00Z,2026-02-03T01:00:00Z,turbine-1,0.01,Open-Meteo Single Runs API,ecmwf_ifs,2026-02-02T00:00:00Z,12,2026-02-02T12:00:00Z,2026-01-31T23:50:00Z,UTC,density_adjusted_power_curve_median_0.5ms,wind_speed_100m,2.43,-2.6,False
2026-02-02T12:00:00Z,2026-02-03T02:00:00Z,turbine-1,0.045042711598699985,Open-Meteo Single Runs API,ecmwf_ifs,2026-02-02T00:00:00Z,12,2026-02-02T12:00:00Z,2026-01-31T23:50:00Z,UTC,density_adjusted_power_curve_median_0.5ms,wind_speed_100m,3.43,-2.7,False
2026-02-02T12:00:00Z,2026-02-03T03:00:00Z,turbine-1,0.01,Open-Meteo Single Runs API,ecmwf_ifs,2026-02-02T00:00:00Z,12,2026-02-02T12:00:00Z,2026-01-31T23:50:00Z,UTC,density_adjusted_power_curve_median_0.5ms,wind_speed_100m,2.47,-0.5,False
2026-02-02T12:00:00Z,2026-02-03T04:00:00Z,turbine-1,0.01,Open-Meteo Single Runs API,ecmwf_ifs,2026-02-02T00:00:00Z,12,2026-02-02T12:00:00Z,2026-01-31T23:50:00Z,UTC,density_adjusted_power_curve_median_0.5ms,wind_speed_100m,2.67,3.0,False
2026-02-02T12:00:00Z,2026-02-03T05:00:00Z,turbine-1,0.0430707412526658,Open-Meteo Single Runs API,ecmwf_ifs,2026-02-02T00:00:00Z,12,2026-02-02T12:00:00Z,2026-01-31T23:50:00Z,UTC,density_adjusted_power_curve_median_0.5ms,wind_speed_100m,3.43,5.1,False
2026-02-02T12:00:00Z,2026-02-03T06:00:00Z,turbine-1,0.17138593757428136,Open-Meteo Single Runs API,ecmwf_ifs,2026-02-02T00:00:00Z,12,2026-02-02T12:00:00Z,2026-01-31T23:50:00Z,UTC,density_adjusted_power_curve_median_0.5ms,wind_speed_100m,5.41,6.0,False
2026-02-02T12:00:00Z,2026-02-03T07:00:00Z,turbine-1,0.11687454953330463,Open-Meteo Single Runs API,ecmwf_ifs,2026-02-02T00:00:00Z,12,2026-02-02T12:00:00Z,2026-01-31T23:50:00Z,UTC,density_adjusted_power_curve_median_0.5ms,wind_speed_100m,4.8,7.2,False
2026-02-02T12:00:00Z,2026-02-03T08:00:00Z,turbine-1,0.05873310064596724,Open-Meteo Single Runs API,ecmwf_ifs,2026-02-02T00:00:00Z,12,2026-02-02T12:00:00Z,2026-01-31T23:50:00Z,UTC,density_adjusted_power_curve_median_0.5ms,wind_speed_100m,3.7,7.5,False
2026-02-02T12:00:00Z,2026-02-03T09:00:00Z,turbine-1,0.017207856958689934,Open-Meteo Single Runs API,ecmwf_ifs,2026-02-02T00:00:00Z,12,2026-02-02T12:00:00Z,2026-01-31T23:50:00Z,UTC,density_adjusted_power_curve_median_0.5ms,wind_speed_100m,2.9,7.5,False
2026-02-02T12:00:00Z,2026-02-03T10:00:00Z,turbine-1,0.0657683973929737,Open-Meteo Single Runs API,ecmwf_ifs,2026-02-02T00:00:00Z,12,2026-02-02T12:00:00Z,2026-01-31T23:50:00Z,UTC,density_adjusted_power_curve_median_0.5ms,wind_speed_100m,3.86,6.7,False
2026-02-02T12:00:00Z,2026-02-03T11:00:00Z,turbine-1,0.16309340361828867,Open-Meteo Single Runs API,ecmwf_ifs,2026-02-02T00:00:00Z,12,2026-02-02T12:00:00Z,2026-01-31T23:50:00Z,UTC,density_adjusted_power_curve_median_0.5ms,wind_speed_100m,5.32,4.8,False
2026-02-02T12:00:00Z,2026-02-03T12:00:00Z,turbine-1,0.3559970845152695,Open-Meteo Single Runs API,ecmwf_ifs,2026-02-02T00:00:00Z,12,2026-02-02T12:00:00Z,2026-01-31T23:50:00Z,UTC,density_adjusted_power_curve_median_0.5ms,wind_speed_100m,6.87,2.9,False
2026-02-02T12:00:00Z,2026-02-03T13:00:00Z,turbine-1,0.4469531464485053,Open-Meteo Single Runs API,ecmwf_ifs,2026-02-02T00:00:00Z,12,2026-02-02T12:00:00Z,2026-01-31T23:50:00Z,UTC,density_adjusted_power_curve_median_0.5ms,wind_speed_100m,7.42,2.3,False
2026-02-02T12:00:00Z,2026-02-03T14:00:00Z,turbine-1,0.4240396911499552,Open-Meteo Single Runs API,ecmwf_ifs,2026-02-02T00:00:00Z,12,2026-02-02T12:00:00Z,2026-01-31T23:50:00Z,UTC,density_adjusted_power_curve_median_0.5ms,wind_speed_100m,7.28,2.1,False
2026-02-02T12:00:00Z,2026-02-03T15:00:00Z,turbine-1,0.36247026349565026,Open-Meteo Single Runs API,ecmwf_ifs,2026-02-02T00:00:00Z,12,2026-02-02T12:00:00Z,2026-01-31T23:50:00Z,UTC,density_adjusted_power_curve_median_0.5ms,wind_speed_100m,6.91,2.9,False
2026-02-02T12:00:00Z,2026-02-03T16:00:00Z,turbine-1,0.25615569562866275,Open-Meteo Single Runs API,ecmwf_ifs,2026-02-02T00:00:00Z,12,2026-02-02T12:00:00Z,2026-01-31T23:50:00Z,UTC,density_adjusted_power_curve_median_0.5ms,wind_speed_100m,6.2,2.9,False
2026-02-02T12:00:00Z,2026-02-03T17:00:00Z,turbine-1,0.167288130183148,Open-Meteo Single Runs API,ecmwf_ifs,2026-02-02T00:00:00Z,12,2026-02-02T12:00:00Z,2026-01-31T23:50:00Z,UTC,density_adjusted_power_curve_median_0.5ms,wind_speed_100m,5.35,3.0,False
2026-02-02T12:00:00Z,2026-02-03T18:00:00Z,turbine-1,0.1298828378262203,Open-Meteo Single Runs API,ecmwf_ifs,2026-02-02T00:00:00Z,12,2026-02-02T12:00:00Z,2026-01-31T23:50:00Z,UTC,density_adjusted_power_curve_median_0.5ms,wind_speed_100m,4.93,2.3,False
2026-02-02T12:00:00Z,2026-02-03T19:00:00Z,turbine-1,0.15528907320775173,Open-Meteo Single Runs API,ecmwf_ifs,2026-02-02T00:00:00Z,12,2026-02-02T12:00:00Z,2026-01-31T23:50:00Z,UTC,density_adjusted_power_curve_median_0.5ms,wind_speed_100m,5.23,2.8,False
2026-02-02T12:00:00Z,2026-02-03T20:00:00Z,turbine-1,0.21408371212922359,Open-Meteo Single Runs API,ecmwf_ifs,2026-02-02T00:00:00Z,12,2026-02-02T12:00:00Z,2026-01-31T23:50:00Z,UTC,density_adjusted_power_curve_median_0.5ms,wind_speed_100m,5.81,3.0,False
2026-02-02T12:00:00Z,2026-02-03T21:00:00Z,turbine-1,0.25176996705017846,Open-Meteo Single Runs API,ecmwf_ifs,2026-02-02T00:00:00Z,12,2026-02-02T12:00:00Z,2026-01-31T23:50:00Z,UTC,density_adjusted_power_curve_median_0.5ms,wind_speed_100m,6.17,3.0,False
2026-02-02T12:00:00Z,2026-02-03T22:00:00Z,turbine-1,0.2089891085071632,Open-Meteo Single Runs API,ecmwf_ifs,2026-02-02T00:00:00Z,12,2026-02-02T12:00:00Z,2026-01-31T23:50:00Z,UTC,density_adjusted_power_curve_median_0.5ms,wind_speed_100m,5.76,2.9,False
2026-02-02T12:00:00Z,2026-02-03T23:00:00Z,turbine-1,0.24959965765210237,Open-Meteo Single Runs API,ecmwf_ifs,2026-02-02T00:00:00Z,12,2026-02-02T12:00:00Z,2026-01-31T23:50:00Z,UTC,density_adjusted_power_curve_median_0.5ms,wind_speed_100m,6.15,2.5,False
2026-02-02T12:00:00Z,2026-02-04T00:00:00Z,turbine-1,0.30664771470404095,Open-Meteo Single Runs API,ecmwf_ifs,2026-02-02T00:00:00Z,12,2026-02-02T12:00:00Z,2026-01-31T23:50:00Z,UTC,density_adjusted_power_curve_median_0.5ms,wind_speed_100m,6.55,2.4,False
2026-02-02T12:00:00Z,2026-02-04T01:00:00Z,turbine-1,0.2509809008361113,Open-Meteo Single Runs API,ecmwf_ifs,2026-02-02T00:00:00Z,12,2026-02-02T12:00:00Z,2026-01-31T23:50:00Z,UTC,density_adjusted_power_curve_median_0.5ms,wind_speed_100m,6.16,2.4,False
2026-02-02T12:00:00Z,2026-02-04T02:00:00Z,turbine-1,0.2696451394719021,Open-Meteo Single Runs API,ecmwf_ifs,2026-02-02T00:00:00Z,12,2026-02-02T12:00:00Z,2026-01-31T23:50:00Z,UTC,density_adjusted_power_curve_median_0.5ms,wind_speed_100m,6.29,2.3,False
2026-02-02T12:00:00Z,2026-02-04T03:00:00Z,turbine-1,0.40191269164688953,Open-Meteo Single Runs API,ecmwf_ifs,2026-02-02T00:00:00Z,12,2026-02-02T12:00:00Z,2026-01-31T23:50:00Z,UTC,density_adjusted_power_curve_median_0.5ms,wind_speed_100m,7.15,2.5,False
2026-02-02T12:00:00Z,2026-02-04T04:00:00Z,turbine-1,0.2503436473508478,Open-Meteo Single Runs API,ecmwf_ifs,2026-02-02T00:00:00Z,12,2026-02-02T12:00:00Z,2026-01-31T23:50:00Z,UTC,density_adjusted_power_curve_median_0.5ms,wind_speed_100m,6.16,3.0,False
2026-02-02T12:00:00Z,2026-02-04T05:00:00Z,turbine-1,0.1506767682968038,Open-Meteo Single Runs API,ecmwf_ifs,2026-02-02T00:00:00Z,12,2026-02-02T12:00:00Z,2026-01-31T23:50:00Z,UTC,density_adjusted_power_curve_median_0.5ms,wind_speed_100m,5.19,3.7,False
2026-02-02T12:00:00Z,2026-02-04T06:00:00Z,turbine-1,0.09366769261158064,Open-Meteo Single Runs API,ecmwf_ifs,2026-02-02T00:00:00Z,12,2026-02-02T12:00:00Z,2026-01-31T23:50:00Z,UTC,density_adjusted_power_curve_median_0.5ms,wind_speed_100m,4.43,4.8,False
2026-02-02T12:00:00Z,2026-02-04T07:00:00Z,turbine-1,0.05181699988544235,Open-Meteo Single Runs API,ecmwf_ifs,2026-02-02T00:00:00Z,12,2026-02-02T12:00:00Z,2026-01-31T23:50:00Z,UTC,density_adjusted_power_curve_median_0.5ms,wind_speed_100m,3.58,6.3,False
2026-02-02T12:00:00Z,2026-02-04T08:00:00Z,turbine-1,0.04536455441243184,Open-Meteo Single Runs API,ecmwf_ifs,2026-02-02T00:00:00Z,12,2026-02-02T12:00:00Z,2026-01-31T23:50:00Z,UTC,density_adjusted_power_curve_median_0.5ms,wind_speed_100m,3.48,8.0,False
2026-02-02T12:00:00Z,2026-02-04T09:00:00Z,turbine-1,0.05969824726753578,Open-Meteo Single Runs API,ecmwf_ifs,2026-02-02T00:00:00Z,12,2026-02-02T12:00:00Z,2026-01-31T23:50:00Z,UTC,density_adjusted_power_curve_median_0.5ms,wind_speed_100m,3.72,8.4,False
2026-02-02T12:00:00Z,2026-02-04T10:00:00Z,turbine-1,0.038096773887285065,Open-Meteo Single Runs API,ecmwf_ifs,2026-02-02T00:00:00Z,12,2026-02-02T12:00:00Z,2026-01-31T23:50:00Z,UTC,density_adjusted_power_curve_median_0.5ms,wind_speed_100m,3.36,8.2,False
2026-02-02T12:00:00Z,2026-02-04T11:00:00Z,turbine-1,0.01,Open-Meteo Single Runs API,ecmwf_ifs,2026-02-02T00:00:00Z,12,2026-02-02T12:00:00Z,2026-01-31T23:50:00Z,UTC,density_adjusted_power_curve_median_0.5ms,wind_speed_100m,2.04,6.7,False
2026-02-02T12:00:00Z,2026-02-04T12:00:00Z,turbine-1,0.01,Open-Meteo Single Runs API,ecmwf_ifs,2026-02-02T00:00:00Z,12,2026-02-02T12:00:00Z,2026-01-31T23:50:00Z,UTC,density_adjusted_power_curve_median_0.5ms,wind_speed_100m,1.05,3.9,False
2026-02-02T12:00:00Z,2026-02-02T13:00:00Z,turbine-2,0.01,Open-Meteo Single Runs API,ecmwf_ifs,2026-02-02T00:00:00Z,12,2026-02-02T12:00:00Z,2026-01-31T23:50:00Z,UTC,density_adjusted_power_curve_median_0.5ms,wind_speed_100m,1.44,1.0,False
2026-02-02T12:00:00Z,2026-02-02T14:00:00Z,turbine-2,0.023422394420257335,Open-Meteo Single Runs API,ecmwf_ifs,2026-02-02T00:00:00Z,12,2026-02-02T12:00:00Z,2026-01-31T23:50:00Z,UTC,density_adjusted_power_curve_median_0.5ms,wind_speed_100m,3.03,0.2,False
2026-02-02T12:00:00Z,2026-02-02T15:00:00Z,turbine-2,0.11457503582383328,Open-Meteo Single Runs API,ecmwf_ifs,2026-02-02T00:00:00Z,12,2026-02-02T12:00:00Z,2026-01-31T23:50:00Z,UTC,density_adjusted_power_curve_median_0.5ms,wind_speed_100m,4.74,-1.0,False
2026-02-02T12:00:00Z,2026-02-02T16:00:00Z,turbine-2,0.12557011052830136,Open-Meteo Single Runs API,ecmwf_ifs,2026-02-02T00:00:00Z,12,2026-02-02T12:00:00Z,2026-01-31T23:50:00Z,UTC,density_adjusted_power_curve_median_0.5ms,wind_speed_100m,4.92,-0.7,False
2026-02-02T12:00:00Z,2026-02-02T17:00:00Z,turbine-2,0.14376585343074214,Open-Meteo Single Runs API,ecmwf_ifs,2026-02-02T00:00:00Z,12,2026-02-02T12:00:00Z,2026-01-31T23:50:00Z,UTC,density_adjusted_power_curve_median_0.5ms,wind_speed_100m,5.19,-0.9,False
2026-02-02T12:00:00Z,2026-02-02T18:00:00Z,turbine-2,0.1355924593453819,Open-Meteo Single Runs API,ecmwf_ifs,2026-02-02T00:00:00Z,12,2026-02-02T12:00:00Z,2026-01-31T23:50:00Z,UTC,density_adjusted_power_curve_median_0.5ms,wind_speed_100m,5.08,-1.1,False
2026-02-02T12:00:00Z,2026-02-02T19:00:00Z,turbine-2,0.11657046409258964,Open-Meteo Single Runs API,ecmwf_ifs,2026-02-02T00:00:00Z,12,2026-02-02T12:00:00Z,2026-01-31T23:50:00Z,UTC,density_adjusted_power_curve_median_0.5ms,wind_speed_100m,4.77,-1.4,False
2026-02-02T12:00:00Z,2026-02-02T20:00:00Z,turbine-2,0.1277574546279108,Open-Meteo Single Runs API,ecmwf_ifs,2026-02-02T00:00:00Z,12,2026-02-02T12:00:00Z,2026-01-31T23:50:00Z,UTC,density_adjusted_power_curve_median_0.5ms,wind_speed_100m,4.95,-1.6,False
2026-02-02T12:00:00Z,2026-02-02T21:00:00Z,turbine-2,0.18374664810739122,Open-Meteo Single Runs API,ecmwf_ifs,2026-02-02T00:00:00Z,12,2026-02-02T12:00:00Z,2026-01-31T23:50:00Z,UTC,density_adjusted_power_curve_median_0.5ms,wind_speed_100m,5.58,-1.8,False
2026-02-02T12:00:00Z,2026-02-02T22:00:00Z,turbine-2,0.2463285229858572,Open-Meteo Single Runs API,ecmwf_ifs,2026-02-02T00:00:00Z,12,2026-02-02T12:00:00Z,2026-01-31T23:50:00Z,UTC,density_adjusted_power_curve_median_0.5ms,wind_speed_100m,6.17,-1.7,False
2026-02-02T12:00:00Z,2026-02-02T23:00:00Z,turbine-2,0.21692417160345479,Open-Meteo Single Runs API,ecmwf_ifs,2026-02-02T00:00:00Z,12,2026-02-02T12:00:00Z,2026-01-31T23:50:00Z,UTC,density_adjusted_power_curve_median_0.5ms,wind_speed_100m,5.9,-2.1,False
2026-02-02T12:00:00Z,2026-02-03T00:00:00Z,turbine-2,0.11755064373298993,Open-Meteo Single Runs API,ecmwf_ifs,2026-02-02T00:00:00Z,12,2026-02-02T12:00:00Z,2026-01-31T23:50:00Z,UTC,density_adjusted_power_curve_median_0.5ms,wind_speed_100m,4.78,-2.4,False
2026-02-02T12:00:00Z,2026-02-03T01:00:00Z,turbine-2,0.01,Open-Meteo Single Runs API,ecmwf_ifs,2026-02-02T00:00:00Z,12,2026-02-02T12:00:00Z,2026-01-31T23:50:00Z,UTC,density_adjusted_power_curve_median_0.5ms,wind_speed_100m,2.43,-2.6,False
2026-02-02T12:00:00Z,2026-02-03T02:00:00Z,turbine-2,0.0402427767847577,Open-Meteo Single Runs API,ecmwf_ifs,2026-02-02T00:00:00Z,12,2026-02-02T12:00:00Z,2026-01-31T23:50:00Z,UTC,density_adjusted_power_curve_median_0.5ms,wind_speed_100m,3.43,-2.7,False
2026-02-02T12:00:00Z,2026-02-03T03:00:00Z,turbine-2,0.01,Open-Meteo Single Runs API,ecmwf_ifs,2026-02-02T00:00:00Z,12,2026-02-02T12:00:00Z,2026-01-31T23:50:00Z,UTC,density_adjusted_power_curve_median_0.5ms,wind_speed_100m,2.47,-0.5,False
2026-02-02T12:00:00Z,2026-02-03T04:00:00Z,turbine-2,0.01,Open-Meteo Single Runs API,ecmwf_ifs,2026-02-02T00:00:00Z,12,2026-02-02T12:00:00Z,2026-01-31T23:50:00Z,UTC,density_adjusted_power_curve_median_0.5ms,wind_speed_100m,2.67,3.0,False
2026-02-02T12:00:00Z,2026-02-03T05:00:00Z,turbine-2,0.03891074741295582,Open-Meteo Single Runs API,ecmwf_ifs,2026-02-02T00:00:00Z,12,2026-02-02T12:00:00Z,2026-01-31T23:50:00Z,UTC,density_adjusted_power_curve_median_0.5ms,wind_speed_100m,3.43,5.1,False
2026-02-02T12:00:00Z,2026-02-03T06:00:00Z,turbine-2,0.16143224298663655,Open-Meteo Single Runs API,ecmwf_ifs,2026-02-02T00:00:00Z,12,2026-02-02T12:00:00Z,2026-01-31T23:50:00Z,UTC,density_adjusted_power_curve_median_0.5ms,wind_speed_100m,5.41,6.0,False
2026-02-02T12:00:00Z,2026-02-03T07:00:00Z,turbine-2,0.11536097909453064,Open-Meteo Single Runs API,ecmwf_ifs,2026-02-02T00:00:00Z,12,2026-02-02T12:00:00Z,2026-01-31T23:50:00Z,UTC,density_adjusted_power_curve_median_0.5ms,wind_speed_100m,4.8,7.2,False
2026-02-02T12:00:00Z,2026-02-03T08:00:00Z,turbine-2,0.04949038051218138,Open-Meteo Single Runs API,ecmwf_ifs,2026-02-02T00:00:00Z,12,2026-02-02T12:00:00Z,2026-01-31T23:50:00Z,UTC,density_adjusted_power_curve_median_0.5ms,wind_speed_100m,3.7,7.5,False
2026-02-02T12:00:00Z,2026-02-03T09:00:00Z,turbine-2,0.017135000243029646,Open-Meteo Single Runs API,ecmwf_ifs,2026-02-02T00:00:00Z,12,2026-02-02T12:00:00Z,2026-01-31T23:50:00Z,UTC,density_adjusted_power_curve_median_0.5ms,wind_speed_100m,2.9,7.5,False
2026-02-02T12:00:00Z,2026-02-03T10:00:00Z,turbine-2,0.05896719376121186,Open-Meteo Single Runs API,ecmwf_ifs,2026-02-02T00:00:00Z,12,2026-02-02T12:00:00Z,2026-01-31T23:50:00Z,UTC,density_adjusted_power_curve_median_0.5ms,wind_speed_100m,3.86,6.7,False
2026-02-02T12:00:00Z,2026-02-03T11:00:00Z,turbine-2,0.1531900149642422,Open-Meteo Single Runs API,ecmwf_ifs,2026-02-02T00:00:00Z,12,2026-02-02T12:00:00Z,2026-01-31T23:50:00Z,UTC,density_adjusted_power_curve_median_0.5ms,wind_speed_100m,5.32,4.8,False
2026-02-02T12:00:00Z,2026-02-03T12:00:00Z,turbine-2,0.345994797525256,Open-Meteo Single Runs API,ecmwf_ifs,2026-02-02T00:00:00Z,12,2026-02-02T12:00:00Z,2026-01-31T23:50:00Z,UTC,density_adjusted_power_curve_median_0.5ms,wind_speed_100m,6.87,2.9,False
2026-02-02T12:00:00Z,2026-02-03T13:00:00Z,turbine-2,0.4369943665900297,Open-Meteo Single Runs API,ecmwf_ifs,2026-02-02T00:00:00Z,12,2026-02-02T12:00:00Z,2026-01-31T23:50:00Z,UTC,density_adjusted_power_curve_median_0.5ms,wind_speed_100m,7.42,2.3,False
2026-02-02T12:00:00Z,2026-02-03T14:00:00Z,turbine-2,0.4142739616404774,Open-Meteo Single Runs API,ecmwf_ifs,2026-02-02T00:00:00Z,12,2026-02-02T12:00:00Z,2026-01-31T23:50:00Z,UTC,density_adjusted_power_curve_median_0.5ms,wind_speed_100m,7.28,2.1,False
2026-02-02T12:00:00Z,2026-02-03T15:00:00Z,turbine-2,0.35253225713976266,Open-Meteo Single Runs API,ecmwf_ifs,2026-02-02T00:00:00Z,12,2026-02-02T12:00:00Z,2026-01-31T23:50:00Z,UTC,density_adjusted_power_curve_median_0.5ms,wind_speed_100m,6.91,2.9,False
2026-02-02T12:00:00Z,2026-02-03T16:00:00Z,turbine-2,0.2456623053367804,Open-Meteo Single Runs API,ecmwf_ifs,2026-02-02T00:00:00Z,12,2026-02-02T12:00:00Z,2026-01-31T23:50:00Z,UTC,density_adjusted_power_curve_median_0.5ms,wind_speed_100m,6.2,2.9,False
2026-02-02T12:00:00Z,2026-02-03T17:00:00Z,turbine-2,0.1573592945864475,Open-Meteo Single Runs API,ecmwf_ifs,2026-02-02T00:00:00Z,12,2026-02-02T12:00:00Z,2026-01-31T23:50:00Z,UTC,density_adjusted_power_curve_median_0.5ms,wind_speed_100m,5.35,3.0,False
2026-02-02T12:00:00Z,2026-02-03T18:00:00Z,turbine-2,0.12507892779047197,Open-Meteo Single Runs API,ecmwf_ifs,2026-02-02T00:00:00Z,12,2026-02-02T12:00:00Z,2026-01-31T23:50:00Z,UTC,density_adjusted_power_curve_median_0.5ms,wind_speed_100m,4.93,2.3,False
2026-02-02T12:00:00Z,2026-02-03T19:00:00Z,turbine-2,0.14543302884309806,Open-Meteo Single Runs API,ecmwf_ifs,2026-02-02T00:00:00Z,12,2026-02-02T12:00:00Z,2026-01-31T23:50:00Z,UTC,density_adjusted_power_curve_median_0.5ms,wind_speed_100m,5.23,2.8,False
2026-02-02T12:00:00Z,2026-02-03T20:00:00Z,turbine-2,0.20388669235033258,Open-Meteo Single Runs API,ecmwf_ifs,2026-02-02T00:00:00Z,12,2026-02-02T12:00:00Z,2026-01-31T23:50:00Z,UTC,density_adjusted_power_curve_median_0.5ms,wind_speed_100m,5.81,3.0,False
2026-02-02T12:00:00Z,2026-02-03T21:00:00Z,turbine-2,0.24126431352462563,Open-Meteo Single Runs API,ecmwf_ifs,2026-02-02T00:00:00Z,12,2026-02-02T12:00:00Z,2026-01-31T23:50:00Z,UTC,density_adjusted_power_curve_median_0.5ms,wind_speed_100m,6.17,3.0,False
2026-02-02T12:00:00Z,2026-02-03T22:00:00Z,turbine-2,0.19881621770962188,Open-Meteo Single Runs API,ecmwf_ifs,2026-02-02T00:00:00Z,12,2026-02-02T12:00:00Z,2026-01-31T23:50:00Z,UTC,density_adjusted_power_curve_median_0.5ms,wind_speed_100m,5.76,2.9,False
2026-02-02T12:00:00Z,2026-02-03T23:00:00Z,turbine-2,0.23923442781199555,Open-Meteo Single Runs API,ecmwf_ifs,2026-02-02T00:00:00Z,12,2026-02-02T12:00:00Z,2026-01-31T23:50:00Z,UTC,density_adjusted_power_curve_median_0.5ms,wind_speed_100m,6.15,2.5,False
2026-02-02T12:00:00Z,2026-02-04T00:00:00Z,turbine-2,0.2962955085774202,Open-Meteo Single Runs API,ecmwf_ifs,2026-02-02T00:00:00Z,12,2026-02-02T12:00:00Z,2026-01-31T23:50:00Z,UTC,density_adjusted_power_curve_median_0.5ms,wind_speed_100m,6.55,2.4,False
2026-02-02T12:00:00Z,2026-02-04T01:00:00Z,turbine-2,0.24047304094890354,Open-Meteo Single Runs API,ecmwf_ifs,2026-02-02T00:00:00Z,12,2026-02-02T12:00:00Z,2026-01-31T23:50:00Z,UTC,density_adjusted_power_curve_median_0.5ms,wind_speed_100m,6.16,2.4,False
2026-02-02T12:00:00Z,2026-02-04T02:00:00Z,turbine-2,0.25918946793050207,Open-Meteo Single Runs API,ecmwf_ifs,2026-02-02T00:00:00Z,12,2026-02-02T12:00:00Z,2026-01-31T23:50:00Z,UTC,density_adjusted_power_curve_median_0.5ms,wind_speed_100m,6.29,2.3,False
2026-02-02T12:00:00Z,2026-02-04T03:00:00Z,turbine-2,0.3923333864422878,Open-Meteo Single Runs API,ecmwf_ifs,2026-02-02T00:00:00Z,12,2026-02-02T12:00:00Z,2026-01-31T23:50:00Z,UTC,density_adjusted_power_curve_median_0.5ms,wind_speed_100m,7.15,2.5,False
2026-02-02T12:00:00Z,2026-02-04T04:00:00Z,turbine-2,0.2398806491686325,Open-Meteo Single Runs API,ecmwf_ifs,2026-02-02T00:00:00Z,12,2026-02-02T12:00:00Z,2026-01-31T23:50:00Z,UTC,density_adjusted_power_curve_median_0.5ms,wind_speed_100m,6.16,3.0,False
2026-02-02T12:00:00Z,2026-02-04T05:00:00Z,turbine-2,0.14084870407740088,Open-Meteo Single Runs API,ecmwf_ifs,2026-02-02T00:00:00Z,12,2026-02-02T12:00:00Z,2026-01-31T23:50:00Z,UTC,density_adjusted_power_curve_median_0.5ms,wind_speed_100m,5.19,3.7,False
2026-02-02T12:00:00Z,2026-02-04T06:00:00Z,turbine-2,0.09368320355732573,Open-Meteo Single Runs API,ecmwf_ifs,2026-02-02T00:00:00Z,12,2026-02-02T12:00:00Z,2026-01-31T23:50:00Z,UTC,density_adjusted_power_curve_median_0.5ms,wind_speed_100m,4.43,4.8,False
2026-02-02T12:00:00Z,2026-02-04T07:00:00Z,turbine-2,0.04481868280136765,Open-Meteo Single Runs API,ecmwf_ifs,2026-02-02T00:00:00Z,12,2026-02-02T12:00:00Z,2026-01-31T23:50:00Z,UTC,density_adjusted_power_curve_median_0.5ms,wind_speed_100m,3.58,6.3,False
2026-02-02T12:00:00Z,2026-02-04T08:00:00Z,turbine-2,0.040460175632492074,Open-Meteo Single Runs API,ecmwf_ifs,2026-02-02T00:00:00Z,12,2026-02-02T12:00:00Z,2026-01-31T23:50:00Z,UTC,density_adjusted_power_curve_median_0.5ms,wind_speed_100m,3.48,8.0,False
2026-02-02T12:00:00Z,2026-02-04T09:00:00Z,turbine-2,0.05020764154816595,Open-Meteo Single Runs API,ecmwf_ifs,2026-02-02T00:00:00Z,12,2026-02-02T12:00:00Z,2026-01-31T23:50:00Z,UTC,density_adjusted_power_curve_median_0.5ms,wind_speed_100m,3.72,8.4,False
2026-02-02T12:00:00Z,2026-02-04T10:00:00Z,turbine-2,0.03555092476734882,Open-Meteo Single Runs API,ecmwf_ifs,2026-02-02T00:00:00Z,12,2026-02-02T12:00:00Z,2026-01-31T23:50:00Z,UTC,density_adjusted_power_curve_median_0.5ms,wind_speed_100m,3.36,8.2,False
2026-02-02T12:00:00Z,2026-02-04T11:00:00Z,turbine-2,0.01,Open-Meteo Single Runs API,ecmwf_ifs,2026-02-02T00:00:00Z,12,2026-02-02T12:00:00Z,2026-01-31T23:50:00Z,UTC,density_adjusted_power_curve_median_0.5ms,wind_speed_100m,2.04,6.7,False
2026-02-02T12:00:00Z,2026-02-04T12:00:00Z,turbine-2,0.01,Open-Meteo Single Runs API,ecmwf_ifs,2026-02-02T00:00:00Z,12,2026-02-02T12:00:00Z,2026-01-31T23:50:00Z,UTC,density_adjusted_power_curve_median_0.5ms,wind_speed_100m,1.05,3.9,False
2026-02-03T12:00:00Z,2026-02-03T13:00:00Z,turbine-1,0.10893346400187826,Open-Meteo Single Runs API,ecmwf_ifs,2026-02-03T00:00:00Z,12,2026-02-03T12:00:00Z,2026-01-31T23:50:00Z,UTC,density_adjusted_power_curve_median_0.5ms,wind_speed_100m,4.67,2.2,False
2026-02-03T12:00:00Z,2026-02-03T14:00:00Z,turbine-1,0.2100945449574922,Open-Meteo Single Runs API,ecmwf_ifs,2026-02-03T00:00:00Z,12,2026-02-03T12:00:00Z,2026-01-31T23:50:00Z,UTC,density_adjusted_power_curve_median_0.5ms,wind_speed_100m,5.77,2.8,False
2026-02-03T12:00:00Z,2026-02-03T15:00:00Z,turbine-1,0.43627060131053874,Open-Meteo Single Runs API,ecmwf_ifs,2026-02-03T00:00:00Z,12,2026-02-03T12:00:00Z,2026-01-31T23:50:00Z,UTC,density_adjusted_power_curve_median_0.5ms,wind_speed_100m,7.36,2.8,False
2026-02-03T12:00:00Z,2026-02-03T16:00:00Z,turbine-1,0.4582556385905933,Open-Meteo Single Runs API,ecmwf_ifs,2026-02-03T00:00:00Z,12,2026-02-03T12:00:00Z,2026-01-31T23:50:00Z,UTC,density_adjusted_power_curve_median_0.5ms,wind_speed_100m,7.49,2.5,False
2026-02-03T12:00:00Z,2026-02-03T17:00:00Z,turbine-1,0.3882248573195215,Open-Meteo Single Runs API,ecmwf_ifs,2026-02-03T00:00:00Z,12,2026-02-03T12:00:00Z,2026-01-31T23:50:00Z,UTC,density_adjusted_power_curve_median_0.5ms,wind_speed_100m,7.07,3.0,False
2026-02-03T12:00:00Z,2026-02-03T18:00:00Z,turbine-1,0.40645279568875076,Open-Meteo Single Runs API,ecmwf_ifs,2026-02-03T00:00:00Z,12,2026-02-03T12:00:00Z,2026-01-31T23:50:00Z,UTC,density_adjusted_power_curve_median_0.5ms,wind_speed_100m,7.18,2.8,False
2026-02-03T12:00:00Z,2026-02-03T19:00:00Z,turbine-1,0.48757059141790837,Open-Meteo Single Runs API,ecmwf_ifs,2026-02-03T00:00:00Z,12,2026-02-03T12:00:00Z,2026-01-31T23:50:00Z,UTC,density_adjusted_power_curve_median_0.5ms,wind_speed_100m,7.67,2.7,False
2026-02-03T12:00:00Z,2026-02-03T20:00:00Z,turbine-1,0.39877022986456034,Open-Meteo Single Runs API,ecmwf_ifs,2026-02-03T00:00:00Z,12,2026-02-03T12:00:00Z,2026-01-31T23:50:00Z,UTC,density_adjusted_power_curve_median_0.5ms,wind_speed_100m,7.13,2.4,False
2026-02-03T12:00:00Z,2026-02-03T21:00:00Z,turbine-1,0.4997663607801477,Open-Meteo Single Runs API,ecmwf_ifs,2026-02-03T00:00:00Z,12,2026-02-03T12:00:00Z,2026-01-31T23:50:00Z,UTC,density_adjusted_power_curve_median_0.5ms,wind_speed_100m,7.74,2.1,False
2026-02-03T12:00:00Z,2026-02-03T22:00:00Z,turbine-1,0.460665165847706,Open-Meteo Single Runs API,ecmwf_ifs,2026-02-03T00:00:00Z,12,2026-02-03T12:00:00Z,2026-01-31T23:50:00Z,UTC,density_adjusted_power_curve_median_0.5ms,wind_speed_100m,7.5,2.0,False
2026-02-03T12:00:00Z,2026-02-03T23:00:00Z,turbine-1,0.5782168109002326,Open-Meteo Single Runs API,ecmwf_ifs,2026-02-03T00:00:00Z,12,2026-02-03T12:00:00Z,2026-01-31T23:50:00Z,UTC,density_adjusted_power_curve_median_0.5ms,wind_speed_100m,8.23,2.4,False
2026-02-03T12:00:00Z,2026-02-04T00:00:00Z,turbine-1,0.4779889227758226,Open-Meteo Single Runs API,ecmwf_ifs,2026-02-03T00:00:00Z,12,2026-02-03T12:00:00Z,2026-01-31T23:50:00Z,UTC,density_adjusted_power_curve_median_0.5ms,wind_speed_100m,7.61,2.6,False
2026-02-03T12:00:00Z,2026-02-04T01:00:00Z,turbine-1,0.3565345927829121,Open-Meteo Single Runs API,ecmwf_ifs,2026-02-03T00:00:00Z,12,2026-02-03T12:00:00Z,2026-01-31T23:50:00Z,UTC,density_adjusted_power_curve_median_0.5ms,wind_speed_100m,6.87,2.5,False
2026-02-03T12:00:00Z,2026-02-04T02:00:00Z,turbine-1,0.37448113515425835,Open-Meteo Single Runs API,ecmwf_ifs,2026-02-03T00:00:00Z,12,2026-02-03T12:00:00Z,2026-01-31T23:50:00Z,UTC,density_adjusted_power_curve_median_0.5ms,wind_speed_100m,6.98,2.4,False
2026-02-03T12:00:00Z,2026-02-04T03:00:00Z,turbine-1,0.37744557649543337,Open-Meteo Single Runs API,ecmwf_ifs,2026-02-03T00:00:00Z,12,2026-02-03T12:00:00Z,2026-01-31T23:50:00Z,UTC,density_adjusted_power_curve_median_0.5ms,wind_speed_100m,7.0,2.6,False
2026-02-03T12:00:00Z,2026-02-04T04:00:00Z,turbine-1,0.40119715367993536,Open-Meteo Single Runs API,ecmwf_ifs,2026-02-03T00:00:00Z,12,2026-02-03T12:00:00Z,2026-01-31T23:50:00Z,UTC,density_adjusted_power_curve_median_0.5ms,wind_speed_100m,7.15,3.0,False
2026-02-03T12:00:00Z,2026-02-04T05:00:00Z,turbine-1,0.38402639739654,Open-Meteo Single Runs API,ecmwf_ifs,2026-02-03T00:00:00Z,12,2026-02-03T12:00:00Z,2026-01-31T23:50:00Z,UTC,density_adjusted_power_curve_median_0.5ms,wind_speed_100m,7.05,3.7,False
2026-02-03T12:00:00Z,2026-02-04T06:00:00Z,turbine-1,0.22058513714046188,Open-Meteo Single Runs API,ecmwf_ifs,2026-02-03T00:00:00Z,12,2026-02-03T12:00:00Z,2026-01-31T23:50:00Z,UTC,density_adjusted_power_curve_median_0.5ms,wind_speed_100m,5.88,4.0,False
2026-02-03T12:00:00Z,2026-02-04T07:00:00Z,turbine-1,0.09668599803375413,Open-Meteo Single Runs API,ecmwf_ifs,2026-02-03T00:00:00Z,12,2026-02-03T12:00:00Z,2026-01-31T23:50:00Z,UTC,density_adjusted_power_curve_median_0.5ms,wind_speed_100m,4.49,6.6,False
2026-02-03T12:00:00Z,2026-02-04T08:00:00Z,turbine-1,0.08941439787948982,Open-Meteo Single Runs API,ecmwf_ifs,2026-02-03T00:00:00Z,12,2026-02-03T12:00:00Z,2026-01-31T23:50:00Z,UTC,density_adjusted_power_curve_median_0.5ms,wind_speed_100m,4.37,6.9,False
2026-02-03T12:00:00Z,2026-02-04T09:00:00Z,turbine-1,0.09224714765817478,Open-Meteo Single Runs API,ecmwf_ifs,2026-02-03T00:00:00Z,12,2026-02-03T12:00:00Z,2026-01-31T23:50:00Z,UTC,density_adjusted_power_curve_median_0.5ms,wind_speed_100m,4.42,7.4,False
2026-02-03T12:00:00Z,2026-02-04T10:00:00Z,turbine-1,0.07736819533263412,Open-Meteo Single Runs API,ecmwf_ifs,2026-02-03T00:00:00Z,12,2026-02-03T12:00:00Z,2026-01-31T23:50:00Z,UTC,density_adjusted_power_curve_median_0.5ms,wind_speed_100m,4.15,7.4,False
2026-02-03T12:00:00Z,2026-02-04T11:00:00Z,turbine-1,0.06429677290897577,Open-Meteo Single Runs API,ecmwf_ifs,2026-02-03T00:00:00Z,12,2026-02-03T12:00:00Z,2026-01-31T23:50:00Z,UTC,density_adjusted_power_curve_median_0.5ms,wind_speed_100m,3.82,5.9,False
2026-02-03T12:00:00Z,2026-02-04T12:00:00Z,turbine-1,0.022270723984395308,Open-Meteo Single Runs API,ecmwf_ifs,2026-02-03T00:00:00Z,12,2026-02-03T12:00:00Z,2026-01-31T23:50:00Z,UTC,density_adjusted_power_curve_median_0.5ms,wind_speed_100m,3.01,2.6,False
2026-02-03T12:00:00Z,2026-02-04T13:00:00Z,turbine-1,0.01,Open-Meteo Single Runs API,ecmwf_ifs,2026-02-03T00:00:00Z,12,2026-02-03T12:00:00Z,2026-01-31T23:50:00Z,UTC,density_adjusted_power_curve_median_0.5ms,wind_speed_100m,1.27,1.1,False
2026-02-03T12:00:00Z,2026-02-04T14:00:00Z,turbine-1,0.042378191236567234,Open-Meteo Single Runs API,ecmwf_ifs,2026-02-03T00:00:00Z,12,2026-02-03T12:00:00Z,2026-01-31T23:50:00Z,UTC,density_adjusted_power_curve_median_0.5ms,wind_speed_100m,3.4,0.6,False
2026-02-03T12:00:00Z,2026-02-04T15:00:00Z,turbine-1,0.28448543971227247,Open-Meteo Single Runs API,ecmwf_ifs,2026-02-03T00:00:00Z,12,2026-02-03T12:00:00Z,2026-01-31T23:50:00Z,UTC,density_adjusted_power_curve_median_0.5ms,wind_speed_100m,6.38,0.5,False
2026-02-03T12:00:00Z,2026-02-04T16:00:00Z,turbine-1,0.31688167108393794,Open-Meteo Single Runs API,ecmwf_ifs,2026-02-03T00:00:00Z,12,2026-02-03T12:00:00Z,2026-01-31T23:50:00Z,UTC,density_adjusted_power_curve_median_0.5ms,wind_speed_100m,6.6,-0.3,False
2026-02-03T12:00:00Z,2026-02-04T17:00:00Z,turbine-1,0.393802354288764,Open-Meteo Single Runs API,ecmwf_ifs,2026-02-03T00:00:00Z,12,2026-02-03T12:00:00Z,2026-01-31T23:50:00Z,UTC,density_adjusted_power_curve_median_0.5ms,wind_speed_100m,7.07,-1.0,False
2026-02-03T12:00:00Z,2026-02-04T18:00:00Z,turbine-1,0.46916023700814424,Open-Meteo Single Runs API,ecmwf_ifs,2026-02-03T00:00:00Z,12,2026-02-03T12:00:00Z,2026-01-31T23:50:00Z,UTC,density_adjusted_power_curve_median_0.5ms,wind_speed_100m,7.52,-1.4,False
2026-02-03T12:00:00Z,2026-02-04T19:00:00Z,turbine-1,0.4906710290931807,Open-Meteo Single Runs API,ecmwf_ifs,2026-02-03T00:00:00Z,12,2026-02-03T12:00:00Z,2026-01-31T23:50:00Z,UTC,density_adjusted_power_curve_median_0.5ms,wind_speed_100m,7.65,-1.5,False
2026-02-03T12:00:00Z,2026-02-04T20:00:00Z,turbine-1,0.5289488784973503,Open-Meteo Single Runs API,ecmwf_ifs,2026-02-03T00:00:00Z,12,2026-02-03T12:00:00Z,2026-01-31T23:50:00Z,UTC,density_adjusted_power_curve_median_0.5ms,wind_speed_100m,7.89,-1.1,False
2026-02-03T12:00:00Z,2026-02-04T21:00:00Z,turbine-1,0.5798190332854011,Open-Meteo Single Runs API,ecmwf_ifs,2026-02-03T00:00:00Z,12,2026-02-03T12:00:00Z,2026-01-31T23:50:00Z,UTC,density_adjusted_power_curve_median_0.5ms,wind_speed_100m,8.21,-0.6,False
2026-02-03T12:00:00Z,2026-02-04T22:00:00Z,turbine-1,0.6670145384981075,Open-Meteo Single Runs API,ecmwf_ifs,2026-02-03T00:00:00Z,12,2026-02-03T12:00:00Z,2026-01-31T23:50:00Z,UTC,density_adjusted_power_curve_median_0.5ms,wind_speed_100m,8.78,0.0,False
2026-02-03T12:00:00Z,2026-02-04T23:00:00Z,turbine-1,0.8054448117170134,Open-Meteo Single Runs API,ecmwf_ifs,2026-02-03T00:00:00Z,12,2026-02-03T12:00:00Z,2026-01-31T23:50:00Z,UTC,density_adjusted_power_curve_median_0.5ms,wind_speed_100m,9.69,0.2,False
2026-02-03T12:00:00Z,2026-02-05T00:00:00Z,turbine-1,0.9070743050193427,Open-Meteo Single Runs API,ecmwf_ifs,2026-02-03T00:00:00Z,12,2026-02-03T12:00:00Z,2026-01-31T23:50:00Z,UTC,density_adjusted_power_curve_median_0.5ms,wind_speed_100m,10.41,0.5,False
2026-02-03T12:00:00Z,2026-02-05T01:00:00Z,turbine-1,0.97523221436306,Open-Meteo Single Runs API,ecmwf_ifs,2026-02-03T00:00:00Z,12,2026-02-03T12:00:00Z,2026-01-31T23:50:00Z,UTC,density_adjusted_power_curve_median_0.5ms,wind_speed_100m,11.19,1.0,False
2026-02-03T12:00:00Z,2026-02-05T02:00:00Z,turbine-1,0.9811279750655993,Open-Meteo Single Runs API,ecmwf_ifs,2026-02-03T00:00:00Z,12,2026-02-03T12:00:00Z,2026-01-31T23:50:00Z,UTC,density_adjusted_power_curve_median_0.5ms,wind_speed_100m,11.33,0.9,False
2026-02-03T12:00:00Z,2026-02-05T03:00:00Z,turbine-1,0.9882272390119664,Open-Meteo Single Runs API,ecmwf_ifs,2026-02-03T00:00:00Z,12,2026-02-03T12:00:00Z,2026-01-31T23:50:00Z,UTC,density_adjusted_power_curve_median_0.5ms,wind_speed_100m,11.51,1.6,False
2026-02-03T12:00:00Z,2026-02-05T04:00:00Z,turbine-1,0.9269741674305372,Open-Meteo Single Runs API,ecmwf_ifs,2026-02-03T00:00:00Z,12,2026-02-03T12:00:00Z,2026-01-31T23:50:00Z,UTC,density_adjusted_power_curve_median_0.5ms,wind_speed_100m,10.58,2.8,False
2026-02-03T12:00:00Z,2026-02-05T05:00:00Z,turbine-1,0.9527871899144991,Open-Meteo Single Runs API,ecmwf_ifs,2026-02-03T00:00:00Z,12,2026-02-03T12:00:00Z,2026-01-31T23:50:00Z,UTC,density_adjusted_power_curve_median_0.5ms,wind_speed_100m,10.9,4.4,False
2026-02-03T12:00:00Z,2026-02-05T06:00:00Z,turbine-1,0.99,Open-Meteo Single Runs API,ecmwf_ifs,2026-02-03T00:00:00Z,12,2026-02-03T12:00:00Z,2026-01-31T23:50:00Z,UTC,density_adjusted_power_curve_median_0.5ms,wind_speed_100m,11.74,6.0,False
2026-02-03T12:00:00Z,2026-02-05T07:00:00Z,turbine-1,0.99,Open-Meteo Single Runs API,ecmwf_ifs,2026-02-03T00:00:00Z,12,2026-02-03T12:00:00Z,2026-01-31T23:50:00Z,UTC,density_adjusted_power_curve_median_0.5ms,wind_speed_100m,12.32,7.5,False
2026-02-03T12:00:00Z,2026-02-05T08:00:00Z,turbine-1,0.99,Open-Meteo Single Runs API,ecmwf_ifs,2026-02-03T00:00:00Z,12,2026-02-03T12:00:00Z,2026-01-31T23:50:00Z,UTC,density_adjusted_power_curve_median_0.5ms,wind_speed_100m,12.04,8.0,False
2026-02-03T12:00:00Z,2026-02-05T09:00:00Z,turbine-1,0.9667993108477133,Open-Meteo Single Runs API,ecmwf_ifs,2026-02-03T00:00:00Z,12,2026-02-03T12:00:00Z,2026-01-31T23:50:00Z,UTC,density_adjusted_power_curve_median_0.5ms,wind_speed_100m,11.12,8.1,False
2026-02-03T12:00:00Z,2026-02-05T10:00:00Z,turbine-1,0.8226510487718163,Open-Meteo Single Runs API,ecmwf_ifs,2026-02-03T00:00:00Z,12,2026-02-03T12:00:00Z,2026-01-31T23:50:00Z,UTC,density_adjusted_power_curve_median_0.5ms,wind_speed_100m,9.9,7.7,False
2026-02-03T12:00:00Z,2026-02-05T11:00:00Z,turbine-1,0.7592175550424772,Open-Meteo Single Runs API,ecmwf_ifs,2026-02-03T00:00:00Z,12,2026-02-03T12:00:00Z,2026-01-31T23:50:00Z,UTC,density_adjusted_power_curve_median_0.5ms,wind_speed_100m,9.46,6.4,False
2026-02-03T12:00:00Z,2026-02-05T12:00:00Z,turbine-1,0.6280995957982013,Open-Meteo Single Runs API,ecmwf_ifs,2026-02-03T00:00:00Z,12,2026-02-03T12:00:00Z,2026-01-31T23:50:00Z,UTC,density_adjusted_power_curve_median_0.5ms,wind_speed_100m,8.55,3.2,False
2026-02-03T12:00:00Z,2026-02-03T13:00:00Z,turbine-2,0.10914312723467817,Open-Meteo Single Runs API,ecmwf_ifs,2026-02-03T00:00:00Z,12,2026-02-03T12:00:00Z,2026-01-31T23:50:00Z,UTC,density_adjusted_power_curve_median_0.5ms,wind_speed_100m,4.67,2.2,False
2026-02-03T12:00:00Z,2026-02-03T14:00:00Z,turbine-2,0.1999164186092639,Open-Meteo Single Runs API,ecmwf_ifs,2026-02-03T00:00:00Z,12,2026-02-03T12:00:00Z,2026-01-31T23:50:00Z,UTC,density_adjusted_power_curve_median_0.5ms,wind_speed_100m,5.77,2.8,False
2026-02-03T12:00:00Z,2026-02-03T15:00:00Z,turbine-2,0.4264018239872635,Open-Meteo Single Runs API,ecmwf_ifs,2026-02-03T00:00:00Z,12,2026-02-03T12:00:00Z,2026-01-31T23:50:00Z,UTC,density_adjusted_power_curve_median_0.5ms,wind_speed_100m,7.36,2.8,False
2026-02-03T12:00:00Z,2026-02-03T16:00:00Z,turbine-2,0.4482016330219773,Open-Meteo Single Runs API,ecmwf_ifs,2026-02-03T00:00:00Z,12,2026-02-03T12:00:00Z,2026-01-31T23:50:00Z,UTC,density_adjusted_power_curve_median_0.5ms,wind_speed_100m,7.49,2.5,False
2026-02-03T12:00:00Z,2026-02-03T17:00:00Z,turbine-2,0.3785426019057399,Open-Meteo Single Runs API,ecmwf_ifs,2026-02-03T00:00:00Z,12,2026-02-03T12:00:00Z,2026-01-31T23:50:00Z,UTC,density_adjusted_power_curve_median_0.5ms,wind_speed_100m,7.07,3.0,False
2026-02-03T12:00:00Z,2026-02-03T18:00:00Z,turbine-2,0.3968352392183165,Open-Meteo Single Runs API,ecmwf_ifs,2026-02-03T00:00:00Z,12,2026-02-03T12:00:00Z,2026-01-31T23:50:00Z,UTC,density_adjusted_power_curve_median_0.5ms,wind_speed_100m,7.18,2.8,False
2026-02-03T12:00:00Z,2026-02-03T19:00:00Z,turbine-2,0.47737617093489004,Open-Meteo Single Runs API,ecmwf_ifs,2026-02-03T00:00:00Z,12,2026-02-03T12:00:00Z,2026-01-31T23:50:00Z,UTC,density_adjusted_power_curve_median_0.5ms,wind_speed_100m,7.67,2.7,False
2026-02-03T12:00:00Z,2026-02-03T20:00:00Z,turbine-2,0.38919269320432215,Open-Meteo Single Runs API,ecmwf_ifs,2026-02-03T00:00:00Z,12,2026-02-03T12:00:00Z,2026-01-31T23:50:00Z,UTC,density_adjusted_power_curve_median_0.5ms,wind_speed_100m,7.13,2.4,False
2026-02-03T12:00:00Z,2026-02-03T21:00:00Z,turbine-2,0.4896358497031269,Open-Meteo Single Runs API,ecmwf_ifs,2026-02-03T00:00:00Z,12,2026-02-03T12:00:00Z,2026-01-31T23:50:00Z,UTC,density_adjusted_power_curve_median_0.5ms,wind_speed_100m,7.74,2.1,False
2026-02-03T12:00:00Z,2026-02-03T22:00:00Z,turbine-2,0.45059085953998956,Open-Meteo Single Runs API,ecmwf_ifs,2026-02-03T00:00:00Z,12,2026-02-03T12:00:00Z,2026-01-31T23:50:00Z,UTC,density_adjusted_power_curve_median_0.5ms,wind_speed_100m,7.5,2.0,False
2026-02-03T12:00:00Z,2026-02-03T23:00:00Z,turbine-2,0.566254447540519,Open-Meteo Single Runs API,ecmwf_ifs,2026-02-03T00:00:00Z,12,2026-02-03T12:00:00Z,2026-01-31T23:50:00Z,UTC,density_adjusted_power_curve_median_0.5ms,wind_speed_100m,8.23,2.4,False
2026-02-03T12:00:00Z,2026-02-04T00:00:00Z,turbine-2,0.46776866042274545,Open-Meteo Single Runs API,ecmwf_ifs,2026-02-03T00:00:00Z,12,2026-02-03T12:00:00Z,2026-01-31T23:50:00Z,UTC,density_adjusted_power_curve_median_0.5ms,wind_speed_100m,7.61,2.6,False
2026-02-03T12:00:00Z,2026-02-04T01:00:00Z,turbine-2,0.34653764341331617,Open-Meteo Single Runs API,ecmwf_ifs,2026-02-03T00:00:00Z,12,2026-02-03T12:00:00Z,2026-01-31T23:50:00Z,UTC,density_adjusted_power_curve_median_0.5ms,wind_speed_100m,6.87,2.5,False
2026-02-03T12:00:00Z,2026-02-04T02:00:00Z,turbine-2,0.36466240040339826,Open-Meteo Single Runs API,ecmwf_ifs,2026-02-03T00:00:00Z,12,2026-02-03T12:00:00Z,2026-01-31T23:50:00Z,UTC,density_adjusted_power_curve_median_0.5ms,wind_speed_100m,6.98,2.4,False
2026-02-03T12:00:00Z,2026-02-04T03:00:00Z,turbine-2,0.3676562795478253,Open-Meteo Single Runs API,ecmwf_ifs,2026-02-03T00:00:00Z,12,2026-02-03T12:00:00Z,2026-01-31T23:50:00Z,UTC,density_adjusted_power_curve_median_0.5ms,wind_speed_100m,7.0,2.6,False
2026-02-03T12:00:00Z,2026-02-04T04:00:00Z,turbine-2,0.39162387702285917,Open-Meteo Single Runs API,ecmwf_ifs,2026-02-03T00:00:00Z,12,2026-02-03T12:00:00Z,2026-01-31T23:50:00Z,UTC,density_adjusted_power_curve_median_0.5ms,wind_speed_100m,7.15,3.0,False
2026-02-03T12:00:00Z,2026-02-04T05:00:00Z,turbine-2,0.37430245000003715,Open-Meteo Single Runs API,ecmwf_ifs,2026-02-03T00:00:00Z,12,2026-02-03T12:00:00Z,2026-01-31T23:50:00Z,UTC,density_adjusted_power_curve_median_0.5ms,wind_speed_100m,7.05,3.7,False
2026-02-03T12:00:00Z,2026-02-04T06:00:00Z,turbine-2,0.21035732541493876,Open-Meteo Single Runs API,ecmwf_ifs,2026-02-03T00:00:00Z,12,2026-02-03T12:00:00Z,2026-01-31T23:50:00Z,UTC,density_adjusted_power_curve_median_0.5ms,wind_speed_100m,5.88,4.0,False
2026-02-03T12:00:00Z,2026-02-04T07:00:00Z,turbine-2,0.09673989622412399,Open-Meteo Single Runs API,ecmwf_ifs,2026-02-03T00:00:00Z,12,2026-02-03T12:00:00Z,2026-01-31T23:50:00Z,UTC,density_adjusted_power_curve_median_0.5ms,wind_speed_100m,4.49,6.6,False
2026-02-03T12:00:00Z,2026-02-04T08:00:00Z,turbine-2,0.08937581480806141,Open-Meteo Single Runs API,ecmwf_ifs,2026-02-03T00:00:00Z,12,2026-02-03T12:00:00Z,2026-01-31T23:50:00Z,UTC,density_adjusted_power_curve_median_0.5ms,wind_speed_100m,4.37,6.9,False
2026-02-03T12:00:00Z,2026-02-04T09:00:00Z,turbine-2,0.09224459190787704,Open-Meteo Single Runs API,ecmwf_ifs,2026-02-03T00:00:00Z,12,2026-02-03T12:00:00Z,2026-01-31T23:50:00Z,UTC,density_adjusted_power_curve_median_0.5ms,wind_speed_100m,4.42,7.4,False
2026-02-03T12:00:00Z,2026-02-04T10:00:00Z,turbine-2,0.07598395783388556,Open-Meteo Single Runs API,ecmwf_ifs,2026-02-03T00:00:00Z,12,2026-02-03T12:00:00Z,2026-01-31T23:50:00Z,UTC,density_adjusted_power_curve_median_0.5ms,wind_speed_100m,4.15,7.4,False
2026-02-03T12:00:00Z,2026-02-04T11:00:00Z,turbine-2,0.05680833834165822,Open-Meteo Single Runs API,ecmwf_ifs,2026-02-03T00:00:00Z,12,2026-02-03T12:00:00Z,2026-01-31T23:50:00Z,UTC,density_adjusted_power_curve_median_0.5ms,wind_speed_100m,3.82,5.9,False
2026-02-03T12:00:00Z,2026-02-04T12:00:00Z,turbine-2,0.022258601704646865,Open-Meteo Single Runs API,ecmwf_ifs,2026-02-03T00:00:00Z,12,2026-02-03T12:00:00Z,2026-01-31T23:50:00Z,UTC,density_adjusted_power_curve_median_0.5ms,wind_speed_100m,3.01,2.6,False
2026-02-03T12:00:00Z,2026-02-04T13:00:00Z,turbine-2,0.01,Open-Meteo Single Runs API,ecmwf_ifs,2026-02-03T00:00:00Z,12,2026-02-03T12:00:00Z,2026-01-31T23:50:00Z,UTC,density_adjusted_power_curve_median_0.5ms,wind_speed_100m,1.27,1.1,False
2026-02-03T12:00:00Z,2026-02-04T14:00:00Z,turbine-2,0.03844294272981726,Open-Meteo Single Runs API,ecmwf_ifs,2026-02-03T00:00:00Z,12,2026-02-03T12:00:00Z,2026-01-31T23:50:00Z,UTC,density_adjusted_power_curve_median_0.5ms,wind_speed_100m,3.4,0.6,False
2026-02-03T12:00:00Z,2026-02-04T15:00:00Z,turbine-2,0.2740712641427118,Open-Meteo Single Runs API,ecmwf_ifs,2026-02-03T00:00:00Z,12,2026-02-03T12:00:00Z,2026-01-31T23:50:00Z,UTC,density_adjusted_power_curve_median_0.5ms,wind_speed_100m,6.38,0.5,False
2026-02-03T12:00:00Z,2026-02-04T16:00:00Z,turbine-2,0.30655808081810626,Open-Meteo Single Runs API,ecmwf_ifs,2026-02-03T00:00:00Z,12,2026-02-03T12:00:00Z,2026-01-31T23:50:00Z,UTC,density_adjusted_power_curve_median_0.5ms,wind_speed_100m,6.6,-0.3,False
2026-02-03T12:00:00Z,2026-02-04T17:00:00Z,turbine-2,0.3841754851145881,Open-Meteo Single Runs API,ecmwf_ifs,2026-02-03T00:00:00Z,12,2026-02-03T12:00:00Z,2026-01-31T23:50:00Z,UTC,density_adjusted_power_curve_median_0.5ms,wind_speed_100m,7.07,-1.0,False
2026-02-03T12:00:00Z,2026-02-04T18:00:00Z,turbine-2,0.45901435806195334,Open-Meteo Single Runs API,ecmwf_ifs,2026-02-03T00:00:00Z,12,2026-02-03T12:00:00Z,2026-01-31T23:50:00Z,UTC,density_adjusted_power_curve_median_0.5ms,wind_speed_100m,7.52,-1.4,False
2026-02-03T12:00:00Z,2026-02-04T19:00:00Z,turbine-2,0.4804928558123088,Open-Meteo Single Runs API,ecmwf_ifs,2026-02-03T00:00:00Z,12,2026-02-03T12:00:00Z,2026-01-31T23:50:00Z,UTC,density_adjusted_power_curve_median_0.5ms,wind_speed_100m,7.65,-1.5,False
2026-02-03T12:00:00Z,2026-02-04T20:00:00Z,turbine-2,0.5189712923664666,Open-Meteo Single Runs API,ecmwf_ifs,2026-02-03T00:00:00Z,12,2026-02-03T12:00:00Z,2026-01-31T23:50:00Z,UTC,density_adjusted_power_curve_median_0.5ms,wind_speed_100m,7.89,-1.1,False
2026-02-03T12:00:00Z,2026-02-04T21:00:00Z,turbine-2,0.5676698820050773,Open-Meteo Single Runs API,ecmwf_ifs,2026-02-03T00:00:00Z,12,2026-02-03T12:00:00Z,2026-01-31T23:50:00Z,UTC,density_adjusted_power_curve_median_0.5ms,wind_speed_100m,8.21,-0.6,False
2026-02-03T12:00:00Z,2026-02-04T22:00:00Z,turbine-2,0.6512609761857381,Open-Meteo Single Runs API,ecmwf_ifs,2026-02-03T00:00:00Z,12,2026-02-03T12:00:00Z,2026-01-31T23:50:00Z,UTC,density_adjusted_power_curve_median_0.5ms,wind_speed_100m,8.78,0.0,False
2026-02-03T12:00:00Z,2026-02-04T23:00:00Z,turbine-2,0.7850368767676136,Open-Meteo Single Runs API,ecmwf_ifs,2026-02-03T00:00:00Z,12,2026-02-03T12:00:00Z,2026-01-31T23:50:00Z,UTC,density_adjusted_power_curve_median_0.5ms,wind_speed_100m,9.69,0.2,False
2026-02-03T12:00:00Z,2026-02-05T00:00:00Z,turbine-2,0.8865521500397658,Open-Meteo Single Runs API,ecmwf_ifs,2026-02-03T00:00:00Z,12,2026-02-03T12:00:00Z,2026-01-31T23:50:00Z,UTC,density_adjusted_power_curve_median_0.5ms,wind_speed_100m,10.41,0.5,False
2026-02-03T12:00:00Z,2026-02-05T01:00:00Z,turbine-2,0.9626246686811363,Open-Meteo Single Runs API,ecmwf_ifs,2026-02-03T00:00:00Z,12,2026-02-03T12:00:00Z,2026-01-31T23:50:00Z,UTC,density_adjusted_power_curve_median_0.5ms,wind_speed_100m,11.19,1.0,False
2026-02-03T12:00:00Z,2026-02-05T02:00:00Z,turbine-2,0.9656046746155568,Open-Meteo Single Runs API,ecmwf_ifs,2026-02-03T00:00:00Z,12,2026-02-03T12:00:00Z,2026-01-31T23:50:00Z,UTC,density_adjusted_power_curve_median_0.5ms,wind_speed_100m,11.33,0.9,False
2026-02-03T12:00:00Z,2026-02-05T03:00:00Z,turbine-2,0.9691929899759614,Open-Meteo Single Runs API,ecmwf_ifs,2026-02-03T00:00:00Z,12,2026-02-03T12:00:00Z,2026-01-31T23:50:00Z,UTC,density_adjusted_power_curve_median_0.5ms,wind_speed_100m,11.51,1.6,False
2026-02-03T12:00:00Z,2026-02-05T04:00:00Z,turbine-2,0.906107425117597,Open-Meteo Single Runs API,ecmwf_ifs,2026-02-03T00:00:00Z,12,2026-02-03T12:00:00Z,2026-01-31T23:50:00Z,UTC,density_adjusted_power_curve_median_0.5ms,wind_speed_100m,10.58,2.8,False
2026-02-03T12:00:00Z,2026-02-05T05:00:00Z,turbine-2,0.9381319814127613,Open-Meteo Single Runs API,ecmwf_ifs,2026-02-03T00:00:00Z,12,2026-02-03T12:00:00Z,2026-01-31T23:50:00Z,UTC,density_adjusted_power_curve_median_0.5ms,wind_speed_100m,10.9,4.4,False
2026-02-03T12:00:00Z,2026-02-05T06:00:00Z,turbine-2,0.97,Open-Meteo Single Runs API,ecmwf_ifs,2026-02-03T00:00:00Z,12,2026-02-03T12:00:00Z,2026-01-31T23:50:00Z,UTC,density_adjusted_power_curve_median_0.5ms,wind_speed_100m,11.74,6.0,False
2026-02-03T12:00:00Z,2026-02-05T07:00:00Z,turbine-2,0.97,Open-Meteo Single Runs API,ecmwf_ifs,2026-02-03T00:00:00Z,12,2026-02-03T12:00:00Z,2026-01-31T23:50:00Z,UTC,density_adjusted_power_curve_median_0.5ms,wind_speed_100m,12.32,7.5,False
2026-02-03T12:00:00Z,2026-02-05T08:00:00Z,turbine-2,0.97,Open-Meteo Single Runs API,ecmwf_ifs,2026-02-03T00:00:00Z,12,2026-02-03T12:00:00Z,2026-01-31T23:50:00Z,UTC,density_adjusted_power_curve_median_0.5ms,wind_speed_100m,12.04,8.0,False
2026-02-03T12:00:00Z,2026-02-05T09:00:00Z,turbine-2,0.9558535229936775,Open-Meteo Single Runs API,ecmwf_ifs,2026-02-03T00:00:00Z,12,2026-02-03T12:00:00Z,2026-01-31T23:50:00Z,UTC,density_adjusted_power_curve_median_0.5ms,wind_speed_100m,11.12,8.1,False
2026-02-03T12:00:00Z,2026-02-05T10:00:00Z,turbine-2,0.8024673309921231,Open-Meteo Single Runs API,ecmwf_ifs,2026-02-03T00:00:00Z,12,2026-02-03T12:00:00Z,2026-01-31T23:50:00Z,UTC,density_adjusted_power_curve_median_0.5ms,wind_speed_100m,9.9,7.7,False
2026-02-03T12:00:00Z,2026-02-05T11:00:00Z,turbine-2,0.7425324438318122,Open-Meteo Single Runs API,ecmwf_ifs,2026-02-03T00:00:00Z,12,2026-02-03T12:00:00Z,2026-01-31T23:50:00Z,UTC,density_adjusted_power_curve_median_0.5ms,wind_speed_100m,9.46,6.4,False
2026-02-03T12:00:00Z,2026-02-05T12:00:00Z,turbine-2,0.6103218713802565,Open-Meteo Single Runs API,ecmwf_ifs,2026-02-03T00:00:00Z,12,2026-02-03T12:00:00Z,2026-01-31T23:50:00Z,UTC,density_adjusted_power_curve_median_0.5ms,wind_speed_100m,8.55,3.2,False
2026-02-04T12:00:00Z,2026-02-04T13:00:00Z,turbine-1,0.01,Open-Meteo Single Runs API,ecmwf_ifs,2026-02-04T00:00:00Z,12,2026-02-04T12:00:00Z,2026-01-31T23:50:00Z,UTC,density_adjusted_power_curve_median_0.5ms,wind_speed_100m,2.13,1.7,False
2026-02-04T12:00:00Z,2026-02-04T14:00:00Z,turbine-1,0.236762037786829,Open-Meteo Single Runs API,ecmwf_ifs,2026-02-04T00:00:00Z,12,2026-02-04T12:00:00Z,2026-01-31T23:50:00Z,UTC,density_adjusted_power_curve_median_0.5ms,wind_speed_100m,6.02,1.7,False
2026-02-04T12:00:00Z,2026-02-04T15:00:00Z,turbine-1,0.2395918199695476,Open-Meteo Single Runs API,ecmwf_ifs,2026-02-04T00:00:00Z,12,2026-02-04T12:00:00Z,2026-01-31T23:50:00Z,UTC,density_adjusted_power_curve_median_0.5ms,wind_speed_100m,6.04,0.7,False
2026-02-04T12:00:00Z,2026-02-04T16:00:00Z,turbine-1,0.4037095395013756,Open-Meteo Single Runs API,ecmwf_ifs,2026-02-04T00:00:00Z,12,2026-02-04T12:00:00Z,2026-01-31T23:50:00Z,UTC,density_adjusted_power_curve_median_0.5ms,wind_speed_100m,7.14,0.1,False
2026-02-04T12:00:00Z,2026-02-04T17:00:00Z,turbine-1,0.42634884184610816,Open-Meteo Single Runs API,ecmwf_ifs,2026-02-04T00:00:00Z,12,2026-02-04T12:00:00Z,2026-01-31T23:50:00Z,UTC,density_adjusted_power_curve_median_0.5ms,wind_speed_100m,7.27,-0.6,False
2026-02-04T12:00:00Z,2026-02-04T18:00:00Z,turbine-1,0.46506521881034735,Open-Meteo Single Runs API,ecmwf_ifs,2026-02-04T00:00:00Z,12,2026-02-04T12:00:00Z,2026-01-31T23:50:00Z,UTC,density_adjusted_power_curve_median_0.5ms,wind_speed_100m,7.5,-0.9,False
2026-02-04T12:00:00Z,2026-02-04T19:00:00Z,turbine-1,0.5386703601168438,Open-Meteo Single Runs API,ecmwf_ifs,2026-02-04T00:00:00Z,12,2026-02-04T12:00:00Z,2026-01-31T23:50:00Z,UTC,density_adjusted_power_curve_median_0.5ms,wind_speed_100m,7.95,-1.1,False
2026-02-04T12:00:00Z,2026-02-04T20:00:00Z,turbine-1,0.6124345887924846,Open-Meteo Single Runs API,ecmwf_ifs,2026-02-04T00:00:00Z,12,2026-02-04T12:00:00Z,2026-01-31T23:50:00Z,UTC,density_adjusted_power_curve_median_0.5ms,wind_speed_100m,8.41,-0.9,False
2026-02-04T12:00:00Z,2026-02-04T21:00:00Z,turbine-1,0.6663509064631197,Open-Meteo Single Runs API,ecmwf_ifs,2026-02-04T00:00:00Z,12,2026-02-04T12:00:00Z,2026-01-31T23:50:00Z,UTC,density_adjusted_power_curve_median_0.5ms,wind_speed_100m,8.77,-0.5,False
2026-02-04T12:00:00Z,2026-02-04T22:00:00Z,turbine-1,0.7901450918382624,Open-Meteo Single Runs API,ecmwf_ifs,2026-02-04T00:00:00Z,12,2026-02-04T12:00:00Z,2026-01-31T23:50:00Z,UTC,density_adjusted_power_curve_median_0.5ms,wind_speed_100m,9.58,0.0,False
2026-02-04T12:00:00Z,2026-02-04T23:00:00Z,turbine-1,0.8955671899023614,Open-Meteo Single Runs API,ecmwf_ifs,2026-02-04T00:00:00Z,12,2026-02-04T12:00:00Z,2026-01-31T23:50:00Z,UTC,density_adjusted_power_curve_median_0.5ms,wind_speed_100m,10.33,0.6,False
2026-02-04T12:00:00Z,2026-02-05T00:00:00Z,turbine-1,0.9629356685577674,Open-Meteo Single Runs API,ecmwf_ifs,2026-02-04T00:00:00Z,12,2026-02-04T12:00:00Z,2026-01-31T23:50:00Z,UTC,density_adjusted_power_curve_median_0.5ms,wind_speed_100m,10.98,1.1,False
2026-02-04T12:00:00Z,2026-02-05T01:00:00Z,turbine-1,0.99,Open-Meteo Single Runs API,ecmwf_ifs,2026-02-04T00:00:00Z,12,2026-02-04T12:00:00Z,2026-01-31T23:50:00Z,UTC,density_adjusted_power_curve_median_0.5ms,wind_speed_100m,11.71,1.6,False
2026-02-04T12:00:00Z,2026-02-05T02:00:00Z,turbine-1,0.99,Open-Meteo Single Runs API,ecmwf_ifs,2026-02-04T00:00:00Z,12,2026-02-04T12:00:00Z,2026-01-31T23:50:00Z,UTC,density_adjusted_power_curve_median_0.5ms,wind_speed_100m,11.89,1.5,False
2026-02-04T12:00:00Z,2026-02-05T03:00:00Z,turbine-1,0.99,Open-Meteo Single Runs API,ecmwf_ifs,2026-02-04T00:00:00Z,12,2026-02-04T12:00:00Z,2026-01-31T23:50:00Z,UTC,density_adjusted_power_curve_median_0.5ms,wind_speed_100m,11.98,2.0,False
2026-02-04T12:00:00Z,2026-02-05T04:00:00Z,turbine-1,0.99,Open-Meteo Single Runs API,ecmwf_ifs,2026-02-04T00:00:00Z,12,2026-02-04T12:00:00Z,2026-01-31T23:50:00Z,UTC,density_adjusted_power_curve_median_0.5ms,wind_speed_100m,11.6,3.2,False
2026-02-04T12:00:00Z,2026-02-05T05:00:00Z,turbine-1,0.9838887732900286,Open-Meteo Single Runs API,ecmwf_ifs,2026-02-04T00:00:00Z,12,2026-02-04T12:00:00Z,2026-01-31T23:50:00Z,UTC,density_adjusted_power_curve_median_0.5ms,wind_speed_100m,11.45,4.8,False
2026-02-04T12:00:00Z,2026-02-05T06:00:00Z,turbine-1,0.99,Open-Meteo Single Runs API,ecmwf_ifs,2026-02-04T00:00:00Z,12,2026-02-04T12:00:00Z,2026-01-31T23:50:00Z,UTC,density_adjusted_power_curve_median_0.5ms,wind_speed_100m,11.79,6.8,False
2026-02-04T12:00:00Z,2026-02-05T07:00:00Z,turbine-1,0.99,Open-Meteo Single Runs API,ecmwf_ifs,2026-02-04T00:00:00Z,12,2026-02-04T12:00:00Z,2026-01-31T23:50:00Z,UTC,density_adjusted_power_curve_median_0.5ms,wind_speed_100m,12.09,8.0,False
2026-02-04T12:00:00Z,2026-02-05T08:00:00Z,turbine-1,0.9784363675649674,Open-Meteo Single Runs API,ecmwf_ifs,2026-02-04T00:00:00Z,12,2026-02-04T12:00:00Z,2026-01-31T23:50:00Z,UTC,density_adjusted_power_curve_median_0.5ms,wind_speed_100m,11.37,8.6,False
2026-02-04T12:00:00Z,2026-02-05T09:00:00Z,turbine-1,0.8956145256816177,Open-Meteo Single Runs API,ecmwf_ifs,2026-02-04T00:00:00Z,12,2026-02-04T12:00:00Z,2026-01-31T23:50:00Z,UTC,density_adjusted_power_curve_median_0.5ms,wind_speed_100m,10.43,8.6,False
2026-02-04T12:00:00Z,2026-02-05T10:00:00Z,turbine-1,0.5803843140146681,Open-Meteo Single Runs API,ecmwf_ifs,2026-02-04T00:00:00Z,12,2026-02-04T12:00:00Z,2026-01-31T23:50:00Z,UTC,density_adjusted_power_curve_median_0.5ms,wind_speed_100m,8.3,8.1,False
2026-02-04T12:00:00Z,2026-02-05T11:00:00Z,turbine-1,0.48369451480379877,Open-Meteo Single Runs API,ecmwf_ifs,2026-02-04T00:00:00Z,12,2026-02-04T12:00:00Z,2026-01-31T23:50:00Z,UTC,density_adjusted_power_curve_median_0.5ms,wind_speed_100m,7.68,6.4,False
2026-02-04T12:00:00Z,2026-02-05T12:00:00Z,turbine-1,0.390769493758319,Open-Meteo Single Runs API,ecmwf_ifs,2026-02-04T00:00:00Z,12,2026-02-04T12:00:00Z,2026-01-31T23:50:00Z,UTC,density_adjusted_power_curve_median_0.5ms,wind_speed_100m,7.09,3.5,False
2026-02-04T12:00:00Z,2026-02-05T13:00:00Z,turbine-1,0.36544407607260215,Open-Meteo Single Runs API,ecmwf_ifs,2026-02-04T00:00:00Z,12,2026-02-04T12:00:00Z,2026-01-31T23:50:00Z,UTC,density_adjusted_power_curve_median_0.5ms,wind_speed_100m,6.92,1.9,False
2026-02-04T12:00:00Z,2026-02-05T14:00:00Z,turbine-1,0.3127546874825675,Open-Meteo Single Runs API,ecmwf_ifs,2026-02-04T00:00:00Z,12,2026-02-04T12:00:00Z,2026-01-31T23:50:00Z,UTC,density_adjusted_power_curve_median_0.5ms,wind_speed_100m,6.58,0.8,False
2026-02-04T12:00:00Z,2026-02-05T15:00:00Z,turbine-1,0.32173122909762986,Open-Meteo Single Runs API,ecmwf_ifs,2026-02-04T00:00:00Z,12,2026-02-04T12:00:00Z,2026-01-31T23:50:00Z,UTC,density_adjusted_power_curve_median_0.5ms,wind_speed_100m,6.63,-0.6,False
2026-02-04T12:00:00Z,2026-02-05T16:00:00Z,turbine-1,0.2589499361461177,Open-Meteo Single Runs API,ecmwf_ifs,2026-02-04T00:00:00Z,12,2026-02-04T12:00:00Z,2026-01-31T23:50:00Z,UTC,density_adjusted_power_curve_median_0.5ms,wind_speed_100m,6.2,0.3,False
2026-02-04T12:00:00Z,2026-02-05T17:00:00Z,turbine-1,0.30176654178086243,Open-Meteo Single Runs API,ecmwf_ifs,2026-02-04T00:00:00Z,12,2026-02-04T12:00:00Z,2026-01-31T23:50:00Z,UTC,density_adjusted_power_curve_median_0.5ms,wind_speed_100m,6.5,0.4,False
2026-02-04T12:00:00Z,2026-02-05T18:00:00Z,turbine-1,0.4498052927969589,Open-Meteo Single Runs API,ecmwf_ifs,2026-02-04T00:00:00Z,12,2026-02-04T12:00:00Z,2026-01-31T23:50:00Z,UTC,density_adjusted_power_curve_median_0.5ms,wind_speed_100m,7.43,1.5,False
2026-02-04T12:00:00Z,2026-02-05T19:00:00Z,turbine-1,0.4007494062000872,Open-Meteo Single Runs API,ecmwf_ifs,2026-02-04T00:00:00Z,12,2026-02-04T12:00:00Z,2026-01-31T23:50:00Z,UTC,density_adjusted_power_curve_median_0.5ms,wind_speed_100m,7.13,1.0,False
2026-02-04T12:00:00Z,2026-02-05T20:00:00Z,turbine-1,0.3968479650528984,Open-Meteo Single Runs API,ecmwf_ifs,2026-02-04T00:00:00Z,12,2026-02-04T12:00:00Z,2026-01-31T23:50:00Z,UTC,density_adjusted_power_curve_median_0.5ms,wind_speed_100m,7.1,0.3,False
2026-02-04T12:00:00Z,2026-02-05T21:00:00Z,turbine-1,0.3248494684892082,Open-Meteo Single Runs API,ecmwf_ifs,2026-02-04T00:00:00Z,12,2026-02-04T12:00:00Z,2026-01-31T23:50:00Z,UTC,density_adjusted_power_curve_median_0.5ms,wind_speed_100m,6.65,-0.5,False
2026-02-04T12:00:00Z,2026-02-05T22:00:00Z,turbine-1,0.18089080532904805,Open-Meteo Single Runs API,ecmwf_ifs,2026-02-04T00:00:00Z,12,2026-02-04T12:00:00Z,2026-01-31T23:50:00Z,UTC,density_adjusted_power_curve_median_0.5ms,wind_speed_100m,5.46,-0.7,False
2026-02-04T12:00:00Z,2026-02-05T23:00:00Z,turbine-1,0.03898349810899247,Open-Meteo Single Runs API,ecmwf_ifs,2026-02-04T00:00:00Z,12,2026-02-04T12:00:00Z,2026-01-31T23:50:00Z,UTC,density_adjusted_power_curve_median_0.5ms,wind_speed_100m,3.34,-0.4,False
2026-02-04T12:00:00Z,2026-02-06T00:00:00Z,turbine-1,0.02456075563128965,Open-Meteo Single Runs API,ecmwf_ifs,2026-02-04T00:00:00Z,12,2026-02-04T12:00:00Z,2026-01-31T23:50:00Z,UTC,density_adjusted_power_curve_median_0.5ms,wind_speed_100m,3.06,0.6,False
2026-02-04T12:00:00Z,2026-02-06T01:00:00Z,turbine-1,0.5382921025666886,Open-Meteo Single Runs API,ecmwf_ifs,2026-02-04T00:00:00Z,12,2026-02-04T12:00:00Z,2026-01-31T23:50:00Z,UTC,density_adjusted_power_curve_median_0.5ms,wind_speed_100m,7.97,1.2,False
2026-02-04T12:00:00Z,2026-02-06T02:00:00Z,turbine-1,0.2129430931277605,Open-Meteo Single Runs API,ecmwf_ifs,2026-02-04T00:00:00Z,12,2026-02-04T12:00:00Z,2026-01-31T23:50:00Z,UTC,density_adjusted_power_curve_median_0.5ms,wind_speed_100m,5.78,0.3,False
2026-02-04T12:00:00Z,2026-02-06T03:00:00Z,turbine-1,0.16092457330915128,Open-Meteo Single Runs API,ecmwf_ifs,2026-02-04T00:00:00Z,12,2026-02-04T12:00:00Z,2026-01-31T23:50:00Z,UTC,density_adjusted_power_curve_median_0.5ms,wind_speed_100m,5.28,1.9,False
2026-02-04T12:00:00Z,2026-02-06T04:00:00Z,turbine-1,0.6183085500710285,Open-Meteo Single Runs API,ecmwf_ifs,2026-02-04T00:00:00Z,12,2026-02-04T12:00:00Z,2026-01-31T23:50:00Z,UTC,density_adjusted_power_curve_median_0.5ms,wind_speed_100m,8.5,4.3,False
2026-02-04T12:00:00Z,2026-02-06T05:00:00Z,turbine-1,0.99,Open-Meteo Single Runs API,ecmwf_ifs,2026-02-04T00:00:00Z,12,2026-02-04T12:00:00Z,2026-01-31T23:50:00Z,UTC,density_adjusted_power_curve_median_0.5ms,wind_speed_100m,13.45,6.7,False
2026-02-04T12:00:00Z,2026-02-06T06:00:00Z,turbine-1,0.99,Open-Meteo Single Runs API,ecmwf_ifs,2026-02-04T00:00:00Z,12,2026-02-04T12:00:00Z,2026-01-31T23:50:00Z,UTC,density_adjusted_power_curve_median_0.5ms,wind_speed_100m,14.05,6.0,False
2026-02-04T12:00:00Z,2026-02-06T07:00:00Z,turbine-1,0.99,Open-Meteo Single Runs API,ecmwf_ifs,2026-02-04T00:00:00Z,12,2026-02-04T12:00:00Z,2026-01-31T23:50:00Z,UTC,density_adjusted_power_curve_median_0.5ms,wind_speed_100m,13.43,6.0,False
2026-02-04T12:00:00Z,2026-02-06T08:00:00Z,turbine-1,0.9810977053027407,Open-Meteo Single Runs API,ecmwf_ifs,2026-02-04T00:00:00Z,12,2026-02-04T12:00:00Z,2026-01-31T23:50:00Z,UTC,density_adjusted_power_curve_median_0.5ms,wind_speed_100m,11.41,6.8,False
2026-02-04T12:00:00Z,2026-02-06T09:00:00Z,turbine-1,0.99,Open-Meteo Single Runs API,ecmwf_ifs,2026-02-04T00:00:00Z,12,2026-02-04T12:00:00Z,2026-01-31T23:50:00Z,UTC,density_adjusted_power_curve_median_0.5ms,wind_speed_100m,12.79,6.6,False
2026-02-04T12:00:00Z,2026-02-06T10:00:00Z,turbine-1,0.99,Open-Meteo Single Runs API,ecmwf_ifs,2026-02-04T00:00:00Z,12,2026-02-04T12:00:00Z,2026-01-31T23:50:00Z,UTC,density_adjusted_power_curve_median_0.5ms,wind_speed_100m,11.75,6.0,False
2026-02-04T12:00:00Z,2026-02-06T11:00:00Z,turbine-1,0.955634289055493,Open-Meteo Single Runs API,ecmwf_ifs,2026-02-04T00:00:00Z,12,2026-02-04T12:00:00Z,2026-01-31T23:50:00Z,UTC,density_adjusted_power_curve_median_0.5ms,wind_speed_100m,10.94,4.8,False
2026-02-04T12:00:00Z,2026-02-06T12:00:00Z,turbine-1,0.9710792190392246,Open-Meteo Single Runs API,ecmwf_ifs,2026-02-04T00:00:00Z,12,2026-02-04T12:00:00Z,2026-01-31T23:50:00Z,UTC,density_adjusted_power_curve_median_0.5ms,wind_speed_100m,11.12,3.2,False
2026-02-04T12:00:00Z,2026-02-04T13:00:00Z,turbine-2,0.01,Open-Meteo Single Runs API,ecmwf_ifs,2026-02-04T00:00:00Z,12,2026-02-04T12:00:00Z,2026-01-31T23:50:00Z,UTC,density_adjusted_power_curve_median_0.5ms,wind_speed_100m,2.13,1.7,False
2026-02-04T12:00:00Z,2026-02-04T14:00:00Z,turbine-2,0.22645760927952105,Open-Meteo Single Runs API,ecmwf_ifs,2026-02-04T00:00:00Z,12,2026-02-04T12:00:00Z,2026-01-31T23:50:00Z,UTC,density_adjusted_power_curve_median_0.5ms,wind_speed_100m,6.02,1.7,False
2026-02-04T12:00:00Z,2026-02-04T15:00:00Z,turbine-2,0.22927398909248223,Open-Meteo Single Runs API,ecmwf_ifs,2026-02-04T00:00:00Z,12,2026-02-04T12:00:00Z,2026-01-31T23:50:00Z,UTC,density_adjusted_power_curve_median_0.5ms,wind_speed_100m,6.04,0.7,False
2026-02-04T12:00:00Z,2026-02-04T16:00:00Z,turbine-2,0.3941150955016474,Open-Meteo Single Runs API,ecmwf_ifs,2026-02-04T00:00:00Z,12,2026-02-04T12:00:00Z,2026-01-31T23:50:00Z,UTC,density_adjusted_power_curve_median_0.5ms,wind_speed_100m,7.14,0.1,False
2026-02-04T12:00:00Z,2026-02-04T17:00:00Z,turbine-2,0.416563657289717,Open-Meteo Single Runs API,ecmwf_ifs,2026-02-04T00:00:00Z,12,2026-02-04T12:00:00Z,2026-01-31T23:50:00Z,UTC,density_adjusted_power_curve_median_0.5ms,wind_speed_100m,7.27,-0.6,False
2026-02-04T12:00:00Z,2026-02-04T18:00:00Z,turbine-2,0.4549538411945729,Open-Meteo Single Runs API,ecmwf_ifs,2026-02-04T00:00:00Z,12,2026-02-04T12:00:00Z,2026-01-31T23:50:00Z,UTC,density_adjusted_power_curve_median_0.5ms,wind_speed_100m,7.5,-0.9,False
2026-02-04T12:00:00Z,2026-02-04T19:00:00Z,turbine-2,0.5287437173989802,Open-Meteo Single Runs API,ecmwf_ifs,2026-02-04T00:00:00Z,12,2026-02-04T12:00:00Z,2026-01-31T23:50:00Z,UTC,density_adjusted_power_curve_median_0.5ms,wind_speed_100m,7.95,-1.1,False
2026-02-04T12:00:00Z,2026-02-04T20:00:00Z,turbine-2,0.5964830990545863,Open-Meteo Single Runs API,ecmwf_ifs,2026-02-04T00:00:00Z,12,2026-02-04T12:00:00Z,2026-01-31T23:50:00Z,UTC,density_adjusted_power_curve_median_0.5ms,wind_speed_100m,8.41,-0.9,False
2026-02-04T12:00:00Z,2026-02-04T21:00:00Z,turbine-2,0.6505162362571926,Open-Meteo Single Runs API,ecmwf_ifs,2026-02-04T00:00:00Z,12,2026-02-04T12:00:00Z,2026-01-31T23:50:00Z,UTC,density_adjusted_power_curve_median_0.5ms,wind_speed_100m,8.77,-0.5,False
2026-02-04T12:00:00Z,2026-02-04T22:00:00Z,turbine-2,0.7695500656265735,Open-Meteo Single Runs API,ecmwf_ifs,2026-02-04T00:00:00Z,12,2026-02-04T12:00:00Z,2026-01-31T23:50:00Z,UTC,density_adjusted_power_curve_median_0.5ms,wind_speed_100m,9.58,0.0,False
2026-02-04T12:00:00Z,2026-02-04T23:00:00Z,turbine-2,0.8752442928890424,Open-Meteo Single Runs API,ecmwf_ifs,2026-02-04T00:00:00Z,12,2026-02-04T12:00:00Z,2026-01-31T23:50:00Z,UTC,density_adjusted_power_curve_median_0.5ms,wind_speed_100m,10.33,0.6,False
2026-02-04T12:00:00Z,2026-02-05T00:00:00Z,turbine-2,0.9509670609212041,Open-Meteo Single Runs API,ecmwf_ifs,2026-02-04T00:00:00Z,12,2026-02-04T12:00:00Z,2026-01-31T23:50:00Z,UTC,density_adjusted_power_curve_median_0.5ms,wind_speed_100m,10.98,1.1,False
2026-02-04T12:00:00Z,2026-02-05T01:00:00Z,turbine-2,0.97,Open-Meteo Single Runs API,ecmwf_ifs,2026-02-04T00:00:00Z,12,2026-02-04T12:00:00Z,2026-01-31T23:50:00Z,UTC,density_adjusted_power_curve_median_0.5ms,wind_speed_100m,11.71,1.6,False
2026-02-04T12:00:00Z,2026-02-05T02:00:00Z,turbine-2,0.97,Open-Meteo Single Runs API,ecmwf_ifs,2026-02-04T00:00:00Z,12,2026-02-04T12:00:00Z,2026-01-31T23:50:00Z,UTC,density_adjusted_power_curve_median_0.5ms,wind_speed_100m,11.89,1.5,False
2026-02-04T12:00:00Z,2026-02-05T03:00:00Z,turbine-2,0.97,Open-Meteo Single Runs API,ecmwf_ifs,2026-02-04T00:00:00Z,12,2026-02-04T12:00:00Z,2026-01-31T23:50:00Z,UTC,density_adjusted_power_curve_median_0.5ms,wind_speed_100m,11.98,2.0,False
2026-02-04T12:00:00Z,2026-02-05T04:00:00Z,turbine-2,0.97,Open-Meteo Single Runs API,ecmwf_ifs,2026-02-04T00:00:00Z,12,2026-02-04T12:00:00Z,2026-01-31T23:50:00Z,UTC,density_adjusted_power_curve_median_0.5ms,wind_speed_100m,11.6,3.2,False
2026-02-04T12:00:00Z,2026-02-05T05:00:00Z,turbine-2,0.9670001171220671,Open-Meteo Single Runs API,ecmwf_ifs,2026-02-04T00:00:00Z,12,2026-02-04T12:00:00Z,2026-01-31T23:50:00Z,UTC,density_adjusted_power_curve_median_0.5ms,wind_speed_100m,11.45,4.8,False
2026-02-04T12:00:00Z,2026-02-05T06:00:00Z,turbine-2,0.97,Open-Meteo Single Runs API,ecmwf_ifs,2026-02-04T00:00:00Z,12,2026-02-04T12:00:00Z,2026-01-31T23:50:00Z,UTC,density_adjusted_power_curve_median_0.5ms,wind_speed_100m,11.79,6.8,False
2026-02-04T12:00:00Z,2026-02-05T07:00:00Z,turbine-2,0.97,Open-Meteo Single Runs API,ecmwf_ifs,2026-02-04T00:00:00Z,12,2026-02-04T12:00:00Z,2026-01-31T23:50:00Z,UTC,density_adjusted_power_curve_median_0.5ms,wind_speed_100m,12.09,8.0,False
2026-02-04T12:00:00Z,2026-02-05T08:00:00Z,turbine-2,0.9642442044863063,Open-Meteo Single Runs API,ecmwf_ifs,2026-02-04T00:00:00Z,12,2026-02-04T12:00:00Z,2026-01-31T23:50:00Z,UTC,density_adjusted_power_curve_median_0.5ms,wind_speed_100m,11.37,8.6,False
2026-02-04T12:00:00Z,2026-02-05T09:00:00Z,turbine-2,0.8752908089988151,Open-Meteo Single Runs API,ecmwf_ifs,2026-02-04T00:00:00Z,12,2026-02-04T12:00:00Z,2026-01-31T23:50:00Z,UTC,density_adjusted_power_curve_median_0.5ms,wind_speed_100m,10.43,8.6,False
2026-02-04T12:00:00Z,2026-02-05T10:00:00Z,turbine-2,0.5681692620123483,Open-Meteo Single Runs API,ecmwf_ifs,2026-02-04T00:00:00Z,12,2026-02-04T12:00:00Z,2026-01-31T23:50:00Z,UTC,density_adjusted_power_curve_median_0.5ms,wind_speed_100m,8.3,8.1,False
2026-02-04T12:00:00Z,2026-02-05T11:00:00Z,turbine-2,0.4734797825432573,Open-Meteo Single Runs API,ecmwf_ifs,2026-02-04T00:00:00Z,12,2026-02-04T12:00:00Z,2026-01-31T23:50:00Z,UTC,density_adjusted_power_curve_median_0.5ms,wind_speed_100m,7.68,6.4,False
2026-02-04T12:00:00Z,2026-02-05T12:00:00Z,turbine-2,0.38111250735755275,Open-Meteo Single Runs API,ecmwf_ifs,2026-02-04T00:00:00Z,12,2026-02-04T12:00:00Z,2026-01-31T23:50:00Z,UTC,density_adjusted_power_curve_median_0.5ms,wind_speed_100m,7.09,3.5,False
2026-02-04T12:00:00Z,2026-02-05T13:00:00Z,turbine-2,0.3555356005791853,Open-Meteo Single Runs API,ecmwf_ifs,2026-02-04T00:00:00Z,12,2026-02-04T12:00:00Z,2026-01-31T23:50:00Z,UTC,density_adjusted_power_curve_median_0.5ms,wind_speed_100m,6.92,1.9,False
2026-02-04T12:00:00Z,2026-02-05T14:00:00Z,turbine-2,0.3024195574774765,Open-Meteo Single Runs API,ecmwf_ifs,2026-02-04T00:00:00Z,12,2026-02-04T12:00:00Z,2026-01-31T23:50:00Z,UTC,density_adjusted_power_curve_median_0.5ms,wind_speed_100m,6.58,0.8,False
2026-02-04T12:00:00Z,2026-02-05T15:00:00Z,turbine-2,0.31138867175177,Open-Meteo Single Runs API,ecmwf_ifs,2026-02-04T00:00:00Z,12,2026-02-04T12:00:00Z,2026-01-31T23:50:00Z,UTC,density_adjusted_power_curve_median_0.5ms,wind_speed_100m,6.63,-0.6,False
2026-02-04T12:00:00Z,2026-02-05T16:00:00Z,turbine-2,0.24846435902000338,Open-Meteo Single Runs API,ecmwf_ifs,2026-02-04T00:00:00Z,12,2026-02-04T12:00:00Z,2026-01-31T23:50:00Z,UTC,density_adjusted_power_curve_median_0.5ms,wind_speed_100m,6.2,0.3,False
2026-02-04T12:00:00Z,2026-02-05T17:00:00Z,turbine-2,0.2914006870749755,Open-Meteo Single Runs API,ecmwf_ifs,2026-02-04T00:00:00Z,12,2026-02-04T12:00:00Z,2026-01-31T23:50:00Z,UTC,density_adjusted_power_curve_median_0.5ms,wind_speed_100m,6.5,0.4,False
2026-02-04T12:00:00Z,2026-02-05T18:00:00Z,turbine-2,0.4398224830468416,Open-Meteo Single Runs API,ecmwf_ifs,2026-02-04T00:00:00Z,12,2026-02-04T12:00:00Z,2026-01-31T23:50:00Z,UTC,density_adjusted_power_curve_median_0.5ms,wind_speed_100m,7.43,1.5,False
2026-02-04T12:00:00Z,2026-02-05T19:00:00Z,turbine-2,0.39117990190323,Open-Meteo Single Runs API,ecmwf_ifs,2026-02-04T00:00:00Z,12,2026-02-04T12:00:00Z,2026-01-31T23:50:00Z,UTC,density_adjusted_power_curve_median_0.5ms,wind_speed_100m,7.13,1.0,False
2026-02-04T12:00:00Z,2026-02-05T20:00:00Z,turbine-2,0.38725133971900755,Open-Meteo Single Runs API,ecmwf_ifs,2026-02-04T00:00:00Z,12,2026-02-04T12:00:00Z,2026-01-31T23:50:00Z,UTC,density_adjusted_power_curve_median_0.5ms,wind_speed_100m,7.1,0.3,False
2026-02-04T12:00:00Z,2026-02-05T21:00:00Z,turbine-2,0.3145378762079718,Open-Meteo Single Runs API,ecmwf_ifs,2026-02-04T00:00:00Z,12,2026-02-04T12:00:00Z,2026-01-31T23:50:00Z,UTC,density_adjusted_power_curve_median_0.5ms,wind_speed_100m,6.65,-0.5,False
2026-02-04T12:00:00Z,2026-02-05T22:00:00Z,turbine-2,0.17087945029060864,Open-Meteo Single Runs API,ecmwf_ifs,2026-02-04T00:00:00Z,12,2026-02-04T12:00:00Z,2026-01-31T23:50:00Z,UTC,density_adjusted_power_curve_median_0.5ms,wind_speed_100m,5.46,-0.7,False
2026-02-04T12:00:00Z,2026-02-05T23:00:00Z,turbine-2,0.0361498905227811,Open-Meteo Single Runs API,ecmwf_ifs,2026-02-04T00:00:00Z,12,2026-02-04T12:00:00Z,2026-01-31T23:50:00Z,UTC,density_adjusted_power_curve_median_0.5ms,wind_speed_100m,3.34,-0.4,False
2026-02-04T12:00:00Z,2026-02-06T00:00:00Z,turbine-2,0.024576104699216,Open-Meteo Single Runs API,ecmwf_ifs,2026-02-04T00:00:00Z,12,2026-02-04T12:00:00Z,2026-01-31T23:50:00Z,UTC,density_adjusted_power_curve_median_0.5ms,wind_speed_100m,3.06,0.6,False
2026-02-04T12:00:00Z,2026-02-06T01:00:00Z,turbine-2,0.5283634776683962,Open-Meteo Single Runs API,ecmwf_ifs,2026-02-04T00:00:00Z,12,2026-02-04T12:00:00Z,2026-01-31T23:50:00Z,UTC,density_adjusted_power_curve_median_0.5ms,wind_speed_100m,7.97,1.2,False
2026-02-04T12:00:00Z,2026-02-06T02:00:00Z,turbine-2,0.2027514755306004,Open-Meteo Single Runs API,ecmwf_ifs,2026-02-04T00:00:00Z,12,2026-02-04T12:00:00Z,2026-01-31T23:50:00Z,UTC,density_adjusted_power_curve_median_0.5ms,wind_speed_100m,5.78,0.3,False
2026-02-04T12:00:00Z,2026-02-06T03:00:00Z,turbine-2,0.15103434167491284,Open-Meteo Single Runs API,ecmwf_ifs,2026-02-04T00:00:00Z,12,2026-02-04T12:00:00Z,2026-01-31T23:50:00Z,UTC,density_adjusted_power_curve_median_0.5ms,wind_speed_100m,5.28,1.9,False
2026-02-04T12:00:00Z,2026-02-06T04:00:00Z,turbine-2,0.6016722708662495,Open-Meteo Single Runs API,ecmwf_ifs,2026-02-04T00:00:00Z,12,2026-02-04T12:00:00Z,2026-01-31T23:50:00Z,UTC,density_adjusted_power_curve_median_0.5ms,wind_speed_100m,8.5,4.3,False
2026-02-04T12:00:00Z,2026-02-06T05:00:00Z,turbine-2,0.97,Open-Meteo Single Runs API,ecmwf_ifs,2026-02-04T00:00:00Z,12,2026-02-04T12:00:00Z,2026-01-31T23:50:00Z,UTC,density_adjusted_power_curve_median_0.5ms,wind_speed_100m,13.45,6.7,False
2026-02-04T12:00:00Z,2026-02-06T06:00:00Z,turbine-2,0.97,Open-Meteo Single Runs API,ecmwf_ifs,2026-02-04T00:00:00Z,12,2026-02-04T12:00:00Z,2026-01-31T23:50:00Z,UTC,density_adjusted_power_curve_median_0.5ms,wind_speed_100m,14.05,6.0,False
2026-02-04T12:00:00Z,2026-02-06T07:00:00Z,turbine-2,0.97,Open-Meteo Single Runs API,ecmwf_ifs,2026-02-04T00:00:00Z,12,2026-02-04T12:00:00Z,2026-01-31T23:50:00Z,UTC,density_adjusted_power_curve_median_0.5ms,wind_speed_100m,13.43,6.0,False
2026-02-04T12:00:00Z,2026-02-06T08:00:00Z,turbine-2,0.9655893747963301,Open-Meteo Single Runs API,ecmwf_ifs,2026-02-04T00:00:00Z,12,2026-02-04T12:00:00Z,2026-01-31T23:50:00Z,UTC,density_adjusted_power_curve_median_0.5ms,wind_speed_100m,11.41,6.8,False
2026-02-04T12:00:00Z,2026-02-06T09:00:00Z,turbine-2,0.97,Open-Meteo Single Runs API,ecmwf_ifs,2026-02-04T00:00:00Z,12,2026-02-04T12:00:00Z,2026-01-31T23:50:00Z,UTC,density_adjusted_power_curve_median_0.5ms,wind_speed_100m,12.79,6.6,False
2026-02-04T12:00:00Z,2026-02-06T10:00:00Z,turbine-2,0.97,Open-Meteo Single Runs API,ecmwf_ifs,2026-02-04T00:00:00Z,12,2026-02-04T12:00:00Z,2026-01-31T23:50:00Z,UTC,density_adjusted_power_curve_median_0.5ms,wind_speed_100m,11.75,6.0,False
2026-02-04T12:00:00Z,2026-02-06T11:00:00Z,turbine-2,0.9417327914580497,Open-Meteo Single Runs API,ecmwf_ifs,2026-02-04T00:00:00Z,12,2026-02-04T12:00:00Z,2026-01-31T23:50:00Z,UTC,density_adjusted_power_curve_median_0.5ms,wind_speed_100m,10.94,4.8,False
2026-02-04T12:00:00Z,2026-02-06T12:00:00Z,turbine-2,0.960525541641377,Open-Meteo Single Runs API,ecmwf_ifs,2026-02-04T00:00:00Z,12,2026-02-04T12:00:00Z,2026-01-31T23:50:00Z,UTC,density_adjusted_power_curve_median_0.5ms,wind_speed_100m,11.12,3.2,False
2026-02-05T12:00:00Z,2026-02-05T13:00:00Z,turbine-1,0.362483843832245,Open-Meteo Single Runs API,ecmwf_ifs,2026-02-05T00:00:00Z,12,2026-02-05T12:00:00Z,2026-01-31T23:50:00Z,UTC,density_adjusted_power_curve_median_0.5ms,wind_speed_100m,6.89,0.5,False
2026-02-05T12:00:00Z,2026-02-05T14:00:00Z,turbine-1,0.41998953749247553,Open-Meteo Single Runs API,ecmwf_ifs,2026-02-05T00:00:00Z,12,2026-02-05T12:00:00Z,2026-01-31T23:50:00Z,UTC,density_adjusted_power_curve_median_0.5ms,wind_speed_100m,7.23,-0.8,False
2026-02-05T12:00:00Z,2026-02-05T15:00:00Z,turbine-1,0.384186064997824,Open-Meteo Single Runs API,ecmwf_ifs,2026-02-05T00:00:00Z,12,2026-02-05T12:00:00Z,2026-01-31T23:50:00Z,UTC,density_adjusted_power_curve_median_0.5ms,wind_speed_100m,7.01,-1.1,False
2026-02-05T12:00:00Z,2026-02-05T16:00:00Z,turbine-1,0.35844017206612944,Open-Meteo Single Runs API,ecmwf_ifs,2026-02-05T00:00:00Z,12,2026-02-05T12:00:00Z,2026-01-31T23:50:00Z,UTC,density_adjusted_power_curve_median_0.5ms,wind_speed_100m,6.85,-1.3,False
2026-02-05T12:00:00Z,2026-02-05T17:00:00Z,turbine-1,0.2952116023357553,Open-Meteo Single Runs API,ecmwf_ifs,2026-02-05T00:00:00Z,12,2026-02-05T12:00:00Z,2026-01-31T23:50:00Z,UTC,density_adjusted_power_curve_median_0.5ms,wind_speed_100m,6.44,-1.4,False
2026-02-05T12:00:00Z,2026-02-05T18:00:00Z,turbine-1,0.2797721293414734,Open-Meteo Single Runs API,ecmwf_ifs,2026-02-05T00:00:00Z,12,2026-02-05T12:00:00Z,2026-01-31T23:50:00Z,UTC,density_adjusted_power_curve_median_0.5ms,wind_speed_100m,6.33,-1.7,False
2026-02-05T12:00:00Z,2026-02-05T19:00:00Z,turbine-1,0.2882666226502366,Open-Meteo Single Runs API,ecmwf_ifs,2026-02-05T00:00:00Z,12,2026-02-05T12:00:00Z,2026-01-31T23:50:00Z,UTC,density_adjusted_power_curve_median_0.5ms,wind_speed_100m,6.39,-1.6,False
2026-02-05T12:00:00Z,2026-02-05T20:00:00Z,turbine-1,0.23304106246903525,Open-Meteo Single Runs API,ecmwf_ifs,2026-02-05T00:00:00Z,12,2026-02-05T12:00:00Z,2026-01-31T23:50:00Z,UTC,density_adjusted_power_curve_median_0.5ms,wind_speed_100m,5.96,-1.6,False
2026-02-05T12:00:00Z,2026-02-05T21:00:00Z,turbine-1,0.1572431413130158,Open-Meteo Single Runs API,ecmwf_ifs,2026-02-05T00:00:00Z,12,2026-02-05T12:00:00Z,2026-01-31T23:50:00Z,UTC,density_adjusted_power_curve_median_0.5ms,wind_speed_100m,5.22,-1.8,False
2026-02-05T12:00:00Z,2026-02-05T22:00:00Z,turbine-1,0.14922496582626993,Open-Meteo Single Runs API,ecmwf_ifs,2026-02-05T00:00:00Z,12,2026-02-05T12:00:00Z,2026-01-31T23:50:00Z,UTC,density_adjusted_power_curve_median_0.5ms,wind_speed_100m,5.14,-1.7,False
2026-02-05T12:00:00Z,2026-02-05T23:00:00Z,turbine-1,0.09872536131802245,Open-Meteo Single Runs API,ecmwf_ifs,2026-02-05T00:00:00Z,12,2026-02-05T12:00:00Z,2026-01-31T23:50:00Z,UTC,density_adjusted_power_curve_median_0.5ms,wind_speed_100m,4.48,-1.5,False
2026-02-05T12:00:00Z,2026-02-06T00:00:00Z,turbine-1,0.019164695122856082,Open-Meteo Single Runs API,ecmwf_ifs,2026-02-05T00:00:00Z,12,2026-02-05T12:00:00Z,2026-01-31T23:50:00Z,UTC,density_adjusted_power_curve_median_0.5ms,wind_speed_100m,2.92,-0.8,False
2026-02-05T12:00:00Z,2026-02-06T01:00:00Z,turbine-1,0.01,Open-Meteo Single Runs API,ecmwf_ifs,2026-02-05T00:00:00Z,12,2026-02-05T12:00:00Z,2026-01-31T23:50:00Z,UTC,density_adjusted_power_curve_median_0.5ms,wind_speed_100m,2.02,0.2,False
2026-02-05T12:00:00Z,2026-02-06T02:00:00Z,turbine-1,0.24431251918261238,Open-Meteo Single Runs API,ecmwf_ifs,2026-02-05T00:00:00Z,12,2026-02-05T12:00:00Z,2026-01-31T23:50:00Z,UTC,density_adjusted_power_curve_median_0.5ms,wind_speed_100m,6.09,1.3,False
2026-02-05T12:00:00Z,2026-02-06T03:00:00Z,turbine-1,0.426430372716656,Open-Meteo Single Runs API,ecmwf_ifs,2026-02-05T00:00:00Z,12,2026-02-05T12:00:00Z,2026-01-31T23:50:00Z,UTC,density_adjusted_power_curve_median_0.5ms,wind_speed_100m,7.29,1.6,False
2026-02-05T12:00:00Z,2026-02-06T04:00:00Z,turbine-1,0.1804254012087418,Open-Meteo Single Runs API,ecmwf_ifs,2026-02-05T00:00:00Z,12,2026-02-05T12:00:00Z,2026-01-31T23:50:00Z,UTC,density_adjusted_power_curve_median_0.5ms,wind_speed_100m,5.48,3.0,False
2026-02-05T12:00:00Z,2026-02-06T05:00:00Z,turbine-1,0.012448832713410303,Open-Meteo Single Runs API,ecmwf_ifs,2026-02-05T00:00:00Z,12,2026-02-05T12:00:00Z,2026-01-31T23:50:00Z,UTC,density_adjusted_power_curve_median_0.5ms,wind_speed_100m,2.77,4.5,False
2026-02-05T12:00:00Z,2026-02-06T06:00:00Z,turbine-1,0.1296726034739615,Open-Meteo Single Runs API,ecmwf_ifs,2026-02-05T00:00:00Z,12,2026-02-05T12:00:00Z,2026-01-31T23:50:00Z,UTC,density_adjusted_power_curve_median_0.5ms,wind_speed_100m,4.95,6.1,False
2026-02-05T12:00:00Z,2026-02-06T07:00:00Z,turbine-1,0.9715178026278117,Open-Meteo Single Runs API,ecmwf_ifs,2026-02-05T00:00:00Z,12,2026-02-05T12:00:00Z,2026-01-31T23:50:00Z,UTC,density_adjusted_power_curve_median_0.5ms,wind_speed_100m,11.18,6.9,False
2026-02-05T12:00:00Z,2026-02-06T08:00:00Z,turbine-1,0.9646553984073997,Open-Meteo Single Runs API,ecmwf_ifs,2026-02-05T00:00:00Z,12,2026-02-05T12:00:00Z,2026-01-31T23:50:00Z,UTC,density_adjusted_power_curve_median_0.5ms,wind_speed_100m,11.07,6.3,False
2026-02-05T12:00:00Z,2026-02-06T09:00:00Z,turbine-1,0.99,Open-Meteo Single Runs API,ecmwf_ifs,2026-02-05T00:00:00Z,12,2026-02-05T12:00:00Z,2026-01-31T23:50:00Z,UTC,density_adjusted_power_curve_median_0.5ms,wind_speed_100m,12.1,6.5,False
2026-02-05T12:00:00Z,2026-02-06T10:00:00Z,turbine-1,0.99,Open-Meteo Single Runs API,ecmwf_ifs,2026-02-05T00:00:00Z,12,2026-02-05T12:00:00Z,2026-01-31T23:50:00Z,UTC,density_adjusted_power_curve_median_0.5ms,wind_speed_100m,13.67,5.9,False
2026-02-05T12:00:00Z,2026-02-06T11:00:00Z,turbine-1,0.99,Open-Meteo Single Runs API,ecmwf_ifs,2026-02-05T00:00:00Z,12,2026-02-05T12:00:00Z,2026-01-31T23:50:00Z,UTC,density_adjusted_power_curve_median_0.5ms,wind_speed_100m,13.79,4.9,False
2026-02-05T12:00:00Z,2026-02-06T12:00:00Z,turbine-1,0.99,Open-Meteo Single Runs API,ecmwf_ifs,2026-02-05T00:00:00Z,12,2026-02-05T12:00:00Z,2026-01-31T23:50:00Z,UTC,density_adjusted_power_curve_median_0.5ms,wind_speed_100m,14.85,4.1,False
2026-02-05T12:00:00Z,2026-02-06T13:00:00Z,turbine-1,0.99,Open-Meteo Single Runs API,ecmwf_ifs,2026-02-05T00:00:00Z,12,2026-02-05T12:00:00Z,2026-01-31T23:50:00Z,UTC,density_adjusted_power_curve_median_0.5ms,wind_speed_100m,14.93,3.3,False
2026-02-05T12:00:00Z,2026-02-06T14:00:00Z,turbine-1,0.99,Open-Meteo Single Runs API,ecmwf_ifs,2026-02-05T00:00:00Z,12,2026-02-05T12:00:00Z,2026-01-31T23:50:00Z,UTC,density_adjusted_power_curve_median_0.5ms,wind_speed_100m,15.09,2.1,False
2026-02-05T12:00:00Z,2026-02-06T15:00:00Z,turbine-1,0.99,Open-Meteo Single Runs API,ecmwf_ifs,2026-02-05T00:00:00Z,12,2026-02-05T12:00:00Z,2026-01-31T23:50:00Z,UTC,density_adjusted_power_curve_median_0.5ms,wind_speed_100m,15.13,1.3,False
2026-02-05T12:00:00Z,2026-02-06T16:00:00Z,turbine-1,0.99,Open-Meteo Single Runs API,ecmwf_ifs,2026-02-05T00:00:00Z,12,2026-02-05T12:00:00Z,2026-01-31T23:50:00Z,UTC,density_adjusted_power_curve_median_0.5ms,wind_speed_100m,14.42,1.2,False
2026-02-05T12:00:00Z,2026-02-06T17:00:00Z,turbine-1,0.99,Open-Meteo Single Runs API,ecmwf_ifs,2026-02-05T00:00:00Z,12,2026-02-05T12:00:00Z,2026-01-31T23:50:00Z,UTC,density_adjusted_power_curve_median_0.5ms,wind_speed_100m,12.65,0.9,False
2026-02-05T12:00:00Z,2026-02-06T18:00:00Z,turbine-1,0.9824368337813196,Open-Meteo Single Runs API,ecmwf_ifs,2026-02-05T00:00:00Z,12,2026-02-05T12:00:00Z,2026-01-31T23:50:00Z,UTC,density_adjusted_power_curve_median_0.5ms,wind_speed_100m,11.36,0.8,False
2026-02-05T12:00:00Z,2026-02-06T19:00:00Z,turbine-1,0.6775247558816028,Open-Meteo Single Runs API,ecmwf_ifs,2026-02-05T00:00:00Z,12,2026-02-05T12:00:00Z,2026-01-31T23:50:00Z,UTC,density_adjusted_power_curve_median_0.5ms,wind_speed_100m,8.86,0.6,False
2026-02-05T12:00:00Z,2026-02-06T20:00:00Z,turbine-1,0.5102816737672636,Open-Meteo Single Runs API,ecmwf_ifs,2026-02-05T00:00:00Z,12,2026-02-05T12:00:00Z,2026-01-31T23:50:00Z,UTC,density_adjusted_power_curve_median_0.5ms,wind_speed_100m,7.79,0.5,False
2026-02-05T12:00:00Z,2026-02-06T21:00:00Z,turbine-1,0.3894293483086911,Open-Meteo Single Runs API,ecmwf_ifs,2026-02-05T00:00:00Z,12,2026-02-05T12:00:00Z,2026-01-31T23:50:00Z,UTC,density_adjusted_power_curve_median_0.5ms,wind_speed_100m,7.05,-0.2,False
2026-02-05T12:00:00Z,2026-02-06T22:00:00Z,turbine-1,0.27854887691636976,Open-Meteo Single Runs API,ecmwf_ifs,2026-02-05T00:00:00Z,12,2026-02-05T12:00:00Z,2026-01-31T23:50:00Z,UTC,density_adjusted_power_curve_median_0.5ms,wind_speed_100m,6.33,-0.6,False
2026-02-05T12:00:00Z,2026-02-06T23:00:00Z,turbine-1,0.23043342568340636,Open-Meteo Single Runs API,ecmwf_ifs,2026-02-05T00:00:00Z,12,2026-02-05T12:00:00Z,2026-01-31T23:50:00Z,UTC,density_adjusted_power_curve_median_0.5ms,wind_speed_100m,5.94,-0.9,False
2026-02-05T12:00:00Z,2026-02-07T00:00:00Z,turbine-1,0.17608426123009757,Open-Meteo Single Runs API,ecmwf_ifs,2026-02-05T00:00:00Z,12,2026-02-05T12:00:00Z,2026-01-31T23:50:00Z,UTC,density_adjusted_power_curve_median_0.5ms,wind_speed_100m,5.41,-1.1,False
2026-02-05T12:00:00Z,2026-02-07T01:00:00Z,turbine-1,0.09852640916267895,Open-Meteo Single Runs API,ecmwf_ifs,2026-02-05T00:00:00Z,12,2026-02-05T12:00:00Z,2026-01-31T23:50:00Z,UTC,density_adjusted_power_curve_median_0.5ms,wind_speed_100m,4.48,-0.9,False
2026-02-05T12:00:00Z,2026-02-07T02:00:00Z,turbine-1,0.01,Open-Meteo Single Runs API,ecmwf_ifs,2026-02-05T00:00:00Z,12,2026-02-05T12:00:00Z,2026-01-31T23:50:00Z,UTC,density_adjusted_power_curve_median_0.5ms,wind_speed_100m,2.44,-1.5,False
2026-02-05T12:00:00Z,2026-02-07T03:00:00Z,turbine-1,0.01,Open-Meteo Single Runs API,ecmwf_ifs,2026-02-05T00:00:00Z,12,2026-02-05T12:00:00Z,2026-01-31T23:50:00Z,UTC,density_adjusted_power_curve_median_0.5ms,wind_speed_100m,0.86,-0.4,False
2026-02-05T12:00:00Z,2026-02-07T04:00:00Z,turbine-1,0.01,Open-Meteo Single Runs API,ecmwf_ifs,2026-02-05T00:00:00Z,12,2026-02-05T12:00:00Z,2026-01-31T23:50:00Z,UTC,density_adjusted_power_curve_median_0.5ms,wind_speed_100m,1.97,0.6,False
2026-02-05T12:00:00Z,2026-02-07T05:00:00Z,turbine-1,0.01,Open-Meteo Single Runs API,ecmwf_ifs,2026-02-05T00:00:00Z,12,2026-02-05T12:00:00Z,2026-01-31T23:50:00Z,UTC,density_adjusted_power_curve_median_0.5ms,wind_speed_100m,1.95,2.0,False
2026-02-05T12:00:00Z,2026-02-07T06:00:00Z,turbine-1,0.01,Open-Meteo Single Runs API,ecmwf_ifs,2026-02-05T00:00:00Z,12,2026-02-05T12:00:00Z,2026-01-31T23:50:00Z,UTC,density_adjusted_power_curve_median_0.5ms,wind_speed_100m,2.57,3.2,False
2026-02-05T12:00:00Z,2026-02-07T07:00:00Z,turbine-1,0.07697455269368582,Open-Meteo Single Runs API,ecmwf_ifs,2026-02-05T00:00:00Z,12,2026-02-05T12:00:00Z,2026-01-31T23:50:00Z,UTC,density_adjusted_power_curve_median_0.5ms,wind_speed_100m,4.12,3.3,False
2026-02-05T12:00:00Z,2026-02-07T08:00:00Z,turbine-1,0.11176539338968973,Open-Meteo Single Runs API,ecmwf_ifs,2026-02-05T00:00:00Z,12,2026-02-05T12:00:00Z,2026-01-31T23:50:00Z,UTC,density_adjusted_power_curve_median_0.5ms,wind_speed_100m,4.72,4.1,False
2026-02-05T12:00:00Z,2026-02-07T09:00:00Z,turbine-1,0.13818193999850634,Open-Meteo Single Runs API,ecmwf_ifs,2026-02-05T00:00:00Z,12,2026-02-05T12:00:00Z,2026-01-31T23:50:00Z,UTC,density_adjusted_power_curve_median_0.5ms,wind_speed_100m,5.04,3.8,False
2026-02-05T12:00:00Z,2026-02-07T10:00:00Z,turbine-1,0.11305417137883438,Open-Meteo Single Runs API,ecmwf_ifs,2026-02-05T00:00:00Z,12,2026-02-05T12:00:00Z,2026-01-31T23:50:00Z,UTC,density_adjusted_power_curve_median_0.5ms,wind_speed_100m,4.73,3.1,False
2026-02-05T12:00:00Z,2026-02-07T11:00:00Z,turbine-1,0.10783238267433823,Open-Meteo Single Runs API,ecmwf_ifs,2026-02-05T00:00:00Z,12,2026-02-05T12:00:00Z,2026-01-31T23:50:00Z,UTC,density_adjusted_power_curve_median_0.5ms,wind_speed_100m,4.65,1.9,False
2026-02-05T12:00:00Z,2026-02-07T12:00:00Z,turbine-1,0.05528613121264807,Open-Meteo Single Runs API,ecmwf_ifs,2026-02-05T00:00:00Z,12,2026-02-05T12:00:00Z,2026-01-31T23:50:00Z,UTC,density_adjusted_power_curve_median_0.5ms,wind_speed_100m,3.61,0.0,False
2026-02-05T12:00:00Z,2026-02-05T13:00:00Z,turbine-2,0.35254597233322615,Open-Meteo Single Runs API,ecmwf_ifs,2026-02-05T00:00:00Z,12,2026-02-05T12:00:00Z,2026-01-31T23:50:00Z,UTC,density_adjusted_power_curve_median_0.5ms,wind_speed_100m,6.89,0.5,False
2026-02-05T12:00:00Z,2026-02-05T14:00:00Z,turbine-2,0.4102579313208743,Open-Meteo Single Runs API,ecmwf_ifs,2026-02-05T00:00:00Z,12,2026-02-05T12:00:00Z,2026-01-31T23:50:00Z,UTC,density_adjusted_power_curve_median_0.5ms,wind_speed_100m,7.23,-0.8,False
2026-02-05T12:00:00Z,2026-02-05T15:00:00Z,turbine-2,0.3744637031491163,Open-Meteo Single Runs API,ecmwf_ifs,2026-02-05T00:00:00Z,12,2026-02-05T12:00:00Z,2026-01-31T23:50:00Z,UTC,density_adjusted_power_curve_median_0.5ms,wind_speed_100m,7.01,-1.1,False
2026-02-05T12:00:00Z,2026-02-05T16:00:00Z,turbine-2,0.34846214567781886,Open-Meteo Single Runs API,ecmwf_ifs,2026-02-05T00:00:00Z,12,2026-02-05T12:00:00Z,2026-01-31T23:50:00Z,UTC,density_adjusted_power_curve_median_0.5ms,wind_speed_100m,6.85,-1.3,False
2026-02-05T12:00:00Z,2026-02-05T17:00:00Z,turbine-2,0.28482741891830476,Open-Meteo Single Runs API,ecmwf_ifs,2026-02-05T00:00:00Z,12,2026-02-05T12:00:00Z,2026-01-31T23:50:00Z,UTC,density_adjusted_power_curve_median_0.5ms,wind_speed_100m,6.44,-1.4,False
2026-02-05T12:00:00Z,2026-02-05T18:00:00Z,turbine-2,0.26934477456453493,Open-Meteo Single Runs API,ecmwf_ifs,2026-02-05T00:00:00Z,12,2026-02-05T12:00:00Z,2026-01-31T23:50:00Z,UTC,density_adjusted_power_curve_median_0.5ms,wind_speed_100m,6.33,-1.7,False
2026-02-05T12:00:00Z,2026-02-05T19:00:00Z,turbine-2,0.27786301990320467,Open-Meteo Single Runs API,ecmwf_ifs,2026-02-05T00:00:00Z,12,2026-02-05T12:00:00Z,2026-01-31T23:50:00Z,UTC,density_adjusted_power_curve_median_0.5ms,wind_speed_100m,6.39,-1.6,False
2026-02-05T12:00:00Z,2026-02-05T20:00:00Z,turbine-2,0.2227542571863599,Open-Meteo Single Runs API,ecmwf_ifs,2026-02-05T00:00:00Z,12,2026-02-05T12:00:00Z,2026-01-31T23:50:00Z,UTC,density_adjusted_power_curve_median_0.5ms,wind_speed_100m,5.96,-1.6,False
2026-02-05T12:00:00Z,2026-02-05T21:00:00Z,turbine-2,0.14737524276472277,Open-Meteo Single Runs API,ecmwf_ifs,2026-02-05T00:00:00Z,12,2026-02-05T12:00:00Z,2026-01-31T23:50:00Z,UTC,density_adjusted_power_curve_median_0.5ms,wind_speed_100m,5.22,-1.8,False
2026-02-05T12:00:00Z,2026-02-05T22:00:00Z,turbine-2,0.13952862350310308,Open-Meteo Single Runs API,ecmwf_ifs,2026-02-05T00:00:00Z,12,2026-02-05T12:00:00Z,2026-01-31T23:50:00Z,UTC,density_adjusted_power_curve_median_0.5ms,wind_speed_100m,5.14,-1.7,False
2026-02-05T12:00:00Z,2026-02-05T23:00:00Z,turbine-2,0.098805196425411,Open-Meteo Single Runs API,ecmwf_ifs,2026-02-05T00:00:00Z,12,2026-02-05T12:00:00Z,2026-01-31T23:50:00Z,UTC,density_adjusted_power_curve_median_0.5ms,wind_speed_100m,4.48,-1.5,False
2026-02-05T12:00:00Z,2026-02-06T00:00:00Z,turbine-2,0.0191153127472225,Open-Meteo Single Runs API,ecmwf_ifs,2026-02-05T00:00:00Z,12,2026-02-05T12:00:00Z,2026-01-31T23:50:00Z,UTC,density_adjusted_power_curve_median_0.5ms,wind_speed_100m,2.92,-0.8,False
2026-02-05T12:00:00Z,2026-02-06T01:00:00Z,turbine-2,0.01,Open-Meteo Single Runs API,ecmwf_ifs,2026-02-05T00:00:00Z,12,2026-02-05T12:00:00Z,2026-01-31T23:50:00Z,UTC,density_adjusted_power_curve_median_0.5ms,wind_speed_100m,2.02,0.2,False
2026-02-05T12:00:00Z,2026-02-06T02:00:00Z,turbine-2,0.23397233020436398,Open-Meteo Single Runs API,ecmwf_ifs,2026-02-05T00:00:00Z,12,2026-02-05T12:00:00Z,2026-01-31T23:50:00Z,UTC,density_adjusted_power_curve_median_0.5ms,wind_speed_100m,6.09,1.3,False
2026-02-05T12:00:00Z,2026-02-06T03:00:00Z,turbine-2,0.4166445012467109,Open-Meteo Single Runs API,ecmwf_ifs,2026-02-05T00:00:00Z,12,2026-02-05T12:00:00Z,2026-01-31T23:50:00Z,UTC,density_adjusted_power_curve_median_0.5ms,wind_speed_100m,7.29,1.6,False
2026-02-05T12:00:00Z,2026-02-06T04:00:00Z,turbine-2,0.17041686950378485,Open-Meteo Single Runs API,ecmwf_ifs,2026-02-05T00:00:00Z,12,2026-02-05T12:00:00Z,2026-01-31T23:50:00Z,UTC,density_adjusted_power_curve_median_0.5ms,wind_speed_100m,5.48,3.0,False
2026-02-05T12:00:00Z,2026-02-06T05:00:00Z,turbine-2,0.012318886476820407,Open-Meteo Single Runs API,ecmwf_ifs,2026-02-05T00:00:00Z,12,2026-02-05T12:00:00Z,2026-01-31T23:50:00Z,UTC,density_adjusted_power_curve_median_0.5ms,wind_speed_100m,2.77,4.5,False
2026-02-05T12:00:00Z,2026-02-06T06:00:00Z,turbine-2,0.12492187048951348,Open-Meteo Single Runs API,ecmwf_ifs,2026-02-05T00:00:00Z,12,2026-02-05T12:00:00Z,2026-01-31T23:50:00Z,UTC,density_adjusted_power_curve_median_0.5ms,wind_speed_100m,4.95,6.1,False
2026-02-05T12:00:00Z,2026-02-06T07:00:00Z,turbine-2,0.9607472232466305,Open-Meteo Single Runs API,ecmwf_ifs,2026-02-05T00:00:00Z,12,2026-02-05T12:00:00Z,2026-01-31T23:50:00Z,UTC,density_adjusted_power_curve_median_0.5ms,wind_speed_100m,11.18,6.9,False
2026-02-05T12:00:00Z,2026-02-06T08:00:00Z,turbine-2,0.9531420538564963,Open-Meteo Single Runs API,ecmwf_ifs,2026-02-05T00:00:00Z,12,2026-02-05T12:00:00Z,2026-01-31T23:50:00Z,UTC,density_adjusted_power_curve_median_0.5ms,wind_speed_100m,11.07,6.3,False
2026-02-05T12:00:00Z,2026-02-06T09:00:00Z,turbine-2,0.97,Open-Meteo Single Runs API,ecmwf_ifs,2026-02-05T00:00:00Z,12,2026-02-05T12:00:00Z,2026-01-31T23:50:00Z,UTC,density_adjusted_power_curve_median_0.5ms,wind_speed_100m,12.1,6.5,False
2026-02-05T12:00:00Z,2026-02-06T10:00:00Z,turbine-2,0.97,Open-Meteo Single Runs API,ecmwf_ifs,2026-02-05T00:00:00Z,12,2026-02-05T12:00:00Z,2026-01-31T23:50:00Z,UTC,density_adjusted_power_curve_median_0.5ms,wind_speed_100m,13.67,5.9,False
2026-02-05T12:00:00Z,2026-02-06T11:00:00Z,turbine-2,0.97,Open-Meteo Single Runs API,ecmwf_ifs,2026-02-05T00:00:00Z,12,2026-02-05T12:00:00Z,2026-01-31T23:50:00Z,UTC,density_adjusted_power_curve_median_0.5ms,wind_speed_100m,13.79,4.9,False
2026-02-05T12:00:00Z,2026-02-06T12:00:00Z,turbine-2,0.97,Open-Meteo Single Runs API,ecmwf_ifs,2026-02-05T00:00:00Z,12,2026-02-05T12:00:00Z,2026-01-31T23:50:00Z,UTC,density_adjusted_power_curve_median_0.5ms,wind_speed_100m,14.85,4.1,False
2026-02-05T12:00:00Z,2026-02-06T13:00:00Z,turbine-2,0.97,Open-Meteo Single Runs API,ecmwf_ifs,2026-02-05T00:00:00Z,12,2026-02-05T12:00:00Z,2026-01-31T23:50:00Z,UTC,density_adjusted_power_curve_median_0.5ms,wind_speed_100m,14.93,3.3,False
2026-02-05T12:00:00Z,2026-02-06T14:00:00Z,turbine-2,0.97,Open-Meteo Single Runs API,ecmwf_ifs,2026-02-05T00:00:00Z,12,2026-02-05T12:00:00Z,2026-01-31T23:50:00Z,UTC,density_adjusted_power_curve_median_0.5ms,wind_speed_100m,15.09,2.1,False
2026-02-05T12:00:00Z,2026-02-06T15:00:00Z,turbine-2,0.97,Open-Meteo Single Runs API,ecmwf_ifs,2026-02-05T00:00:00Z,12,2026-02-05T12:00:00Z,2026-01-31T23:50:00Z,UTC,density_adjusted_power_curve_median_0.5ms,wind_speed_100m,15.13,1.3,False
2026-02-05T12:00:00Z,2026-02-06T16:00:00Z,turbine-2,0.97,Open-Meteo Single Runs API,ecmwf_ifs,2026-02-05T00:00:00Z,12,2026-02-05T12:00:00Z,2026-01-31T23:50:00Z,UTC,density_adjusted_power_curve_median_0.5ms,wind_speed_100m,14.42,1.2,False
2026-02-05T12:00:00Z,2026-02-06T17:00:00Z,turbine-2,0.97,Open-Meteo Single Runs API,ecmwf_ifs,2026-02-05T00:00:00Z,12,2026-02-05T12:00:00Z,2026-01-31T23:50:00Z,UTC,density_adjusted_power_curve_median_0.5ms,wind_speed_100m,12.65,0.9,False
2026-02-05T12:00:00Z,2026-02-06T18:00:00Z,turbine-2,0.9662662358520033,Open-Meteo Single Runs API,ecmwf_ifs,2026-02-05T00:00:00Z,12,2026-02-05T12:00:00Z,2026-01-31T23:50:00Z,UTC,density_adjusted_power_curve_median_0.5ms,wind_speed_100m,11.36,0.8,False
2026-02-05T12:00:00Z,2026-02-06T19:00:00Z,turbine-2,0.663055733115043,Open-Meteo Single Runs API,ecmwf_ifs,2026-02-05T00:00:00Z,12,2026-02-05T12:00:00Z,2026-01-31T23:50:00Z,UTC,density_adjusted_power_curve_median_0.5ms,wind_speed_100m,8.86,0.6,False
2026-02-05T12:00:00Z,2026-02-06T20:00:00Z,turbine-2,0.5002062660122986,Open-Meteo Single Runs API,ecmwf_ifs,2026-02-05T00:00:00Z,12,2026-02-05T12:00:00Z,2026-01-31T23:50:00Z,UTC,density_adjusted_power_curve_median_0.5ms,wind_speed_100m,7.79,0.5,False
2026-02-05T12:00:00Z,2026-02-06T21:00:00Z,turbine-2,0.37975905385641195,Open-Meteo Single Runs API,ecmwf_ifs,2026-02-05T00:00:00Z,12,2026-02-05T12:00:00Z,2026-01-31T23:50:00Z,UTC,density_adjusted_power_curve_median_0.5ms,wind_speed_100m,7.05,-0.2,False
2026-02-05T12:00:00Z,2026-02-06T22:00:00Z,turbine-2,0.2681181017202105,Open-Meteo Single Runs API,ecmwf_ifs,2026-02-05T00:00:00Z,12,2026-02-05T12:00:00Z,2026-01-31T23:50:00Z,UTC,density_adjusted_power_curve_median_0.5ms,wind_speed_100m,6.33,-0.6,False
2026-02-05T12:00:00Z,2026-02-06T23:00:00Z,turbine-2,0.22015897064896126,Open-Meteo Single Runs API,ecmwf_ifs,2026-02-05T00:00:00Z,12,2026-02-05T12:00:00Z,2026-01-31T23:50:00Z,UTC,density_adjusted_power_curve_median_0.5ms,wind_speed_100m,5.94,-0.9,False
2026-02-05T12:00:00Z,2026-02-07T00:00:00Z,turbine-2,0.1661020646719927,Open-Meteo Single Runs API,ecmwf_ifs,2026-02-05T00:00:00Z,12,2026-02-05T12:00:00Z,2026-01-31T23:50:00Z,UTC,density_adjusted_power_curve_median_0.5ms,wind_speed_100m,5.41,-1.1,False
2026-02-05T12:00:00Z,2026-02-07T01:00:00Z,turbine-2,0.0986037139677993,Open-Meteo Single Runs API,ecmwf_ifs,2026-02-05T00:00:00Z,12,2026-02-05T12:00:00Z,2026-01-31T23:50:00Z,UTC,density_adjusted_power_curve_median_0.5ms,wind_speed_100m,4.48,-0.9,False
2026-02-05T12:00:00Z,2026-02-07T02:00:00Z,turbine-2,0.01,Open-Meteo Single Runs API,ecmwf_ifs,2026-02-05T00:00:00Z,12,2026-02-05T12:00:00Z,2026-01-31T23:50:00Z,UTC,density_adjusted_power_curve_median_0.5ms,wind_speed_100m,2.44,-1.5,False
2026-02-05T12:00:00Z,2026-02-07T03:00:00Z,turbine-2,0.01,Open-Meteo Single Runs API,ecmwf_ifs,2026-02-05T00:00:00Z,12,2026-02-05T12:00:00Z,2026-01-31T23:50:00Z,UTC,density_adjusted_power_curve_median_0.5ms,wind_speed_100m,0.86,-0.4,False
2026-02-05T12:00:00Z,2026-02-07T04:00:00Z,turbine-2,0.01,Open-Meteo Single Runs API,ecmwf_ifs,2026-02-05T00:00:00Z,12,2026-02-05T12:00:00Z,2026-01-31T23:50:00Z,UTC,density_adjusted_power_curve_median_0.5ms,wind_speed_100m,1.97,0.6,False
2026-02-05T12:00:00Z,2026-02-07T05:00:00Z,turbine-2,0.01,Open-Meteo Single Runs API,ecmwf_ifs,2026-02-05T00:00:00Z,12,2026-02-05T12:00:00Z,2026-01-31T23:50:00Z,UTC,density_adjusted_power_curve_median_0.5ms,wind_speed_100m,1.95,2.0,False
2026-02-05T12:00:00Z,2026-02-07T06:00:00Z,turbine-2,0.01,Open-Meteo Single Runs API,ecmwf_ifs,2026-02-05T00:00:00Z,12,2026-02-05T12:00:00Z,2026-01-31T23:50:00Z,UTC,density_adjusted_power_curve_median_0.5ms,wind_speed_100m,2.57,3.2,False
2026-02-05T12:00:00Z,2026-02-07T07:00:00Z,turbine-2,0.0754064888166861,Open-Meteo Single Runs API,ecmwf_ifs,2026-02-05T00:00:00Z,12,2026-02-05T12:00:00Z,2026-01-31T23:50:00Z,UTC,density_adjusted_power_curve_median_0.5ms,wind_speed_100m,4.12,3.3,False
2026-02-05T12:00:00Z,2026-02-07T08:00:00Z,turbine-2,0.11154414200073383,Open-Meteo Single Runs API,ecmwf_ifs,2026-02-05T00:00:00Z,12,2026-02-05T12:00:00Z,2026-01-31T23:50:00Z,UTC,density_adjusted_power_curve_median_0.5ms,wind_speed_100m,4.72,4.1,False
2026-02-05T12:00:00Z,2026-02-07T09:00:00Z,turbine-2,0.13127884028599787,Open-Meteo Single Runs API,ecmwf_ifs,2026-02-05T00:00:00Z,12,2026-02-05T12:00:00Z,2026-01-31T23:50:00Z,UTC,density_adjusted_power_curve_median_0.5ms,wind_speed_100m,5.04,3.8,False
2026-02-05T12:00:00Z,2026-02-07T10:00:00Z,turbine-2,0.11250693419113962,Open-Meteo Single Runs API,ecmwf_ifs,2026-02-05T00:00:00Z,12,2026-02-05T12:00:00Z,2026-01-31T23:50:00Z,UTC,density_adjusted_power_curve_median_0.5ms,wind_speed_100m,4.73,3.1,False
2026-02-05T12:00:00Z,2026-02-07T11:00:00Z,turbine-2,0.10802804219566432,Open-Meteo Single Runs API,ecmwf_ifs,2026-02-05T00:00:00Z,12,2026-02-05T12:00:00Z,2026-01-31T23:50:00Z,UTC,density_adjusted_power_curve_median_0.5ms,wind_speed_100m,4.65,1.9,False
2026-02-05T12:00:00Z,2026-02-07T12:00:00Z,turbine-2,0.0471620166307882,Open-Meteo Single Runs API,ecmwf_ifs,2026-02-05T00:00:00Z,12,2026-02-05T12:00:00Z,2026-01-31T23:50:00Z,UTC,density_adjusted_power_curve_median_0.5ms,wind_speed_100m,3.61,0.0,False
2026-02-06T12:00:00Z,2026-02-06T13:00:00Z,turbine-1,0.99,Open-Meteo Single Runs API,ecmwf_ifs,2026-02-06T00:00:00Z,12,2026-02-06T12:00:00Z,2026-01-31T23:50:00Z,UTC,density_adjusted_power_curve_median_0.5ms,wind_speed_100m,13.23,2.0,False
2026-02-06T12:00:00Z,2026-02-06T14:00:00Z,turbine-1,0.99,Open-Meteo Single Runs API,ecmwf_ifs,2026-02-06T00:00:00Z,12,2026-02-06T12:00:00Z,2026-01-31T23:50:00Z,UTC,density_adjusted_power_curve_median_0.5ms,wind_speed_100m,12.2,0.8,False
2026-02-06T12:00:00Z,2026-02-06T15:00:00Z,turbine-1,0.9479546194035232,Open-Meteo Single Runs API,ecmwf_ifs,2026-02-06T00:00:00Z,12,2026-02-06T12:00:00Z,2026-01-31T23:50:00Z,UTC,density_adjusted_power_curve_median_0.5ms,wind_speed_100m,10.79,0.5,False
2026-02-06T12:00:00Z,2026-02-06T16:00:00Z,turbine-1,0.9494926383166886,Open-Meteo Single Runs API,ecmwf_ifs,2026-02-06T00:00:00Z,12,2026-02-06T12:00:00Z,2026-01-31T23:50:00Z,UTC,density_adjusted_power_curve_median_0.5ms,wind_speed_100m,10.81,0.6,False
2026-02-06T12:00:00Z,2026-02-06T17:00:00Z,turbine-1,0.8897260249661418,Open-Meteo Single Runs API,ecmwf_ifs,2026-02-06T00:00:00Z,12,2026-02-06T12:00:00Z,2026-01-31T23:50:00Z,UTC,density_adjusted_power_curve_median_0.5ms,wind_speed_100m,10.29,0.7,False
2026-02-06T12:00:00Z,2026-02-06T18:00:00Z,turbine-1,0.5868769395044906,Open-Meteo Single Runs API,ecmwf_ifs,2026-02-06T00:00:00Z,12,2026-02-06T12:00:00Z,2026-01-31T23:50:00Z,UTC,density_adjusted_power_curve_median_0.5ms,wind_speed_100m,8.26,0.0,False
2026-02-06T12:00:00Z,2026-02-06T19:00:00Z,turbine-1,0.27259828693107546,Open-Meteo Single Runs API,ecmwf_ifs,2026-02-06T00:00:00Z,12,2026-02-06T12:00:00Z,2026-01-31T23:50:00Z,UTC,density_adjusted_power_curve_median_0.5ms,wind_speed_100m,6.29,-0.4,False
2026-02-06T12:00:00Z,2026-02-06T20:00:00Z,turbine-1,0.1543687571019712,Open-Meteo Single Runs API,ecmwf_ifs,2026-02-06T00:00:00Z,12,2026-02-06T12:00:00Z,2026-01-31T23:50:00Z,UTC,density_adjusted_power_curve_median_0.5ms,wind_speed_100m,5.2,-0.5,False
2026-02-06T12:00:00Z,2026-02-06T21:00:00Z,turbine-1,0.15741335243420662,Open-Meteo Single Runs API,ecmwf_ifs,2026-02-06T00:00:00Z,12,2026-02-06T12:00:00Z,2026-01-31T23:50:00Z,UTC,density_adjusted_power_curve_median_0.5ms,wind_speed_100m,5.23,-0.5,False
2026-02-06T12:00:00Z,2026-02-06T22:00:00Z,turbine-1,0.144473478079377,Open-Meteo Single Runs API,ecmwf_ifs,2026-02-06T00:00:00Z,12,2026-02-06T12:00:00Z,2026-01-31T23:50:00Z,UTC,density_adjusted_power_curve_median_0.5ms,wind_speed_100m,5.09,-0.5,False
2026-02-06T12:00:00Z,2026-02-06T23:00:00Z,turbine-1,0.0917574328105868,Open-Meteo Single Runs API,ecmwf_ifs,2026-02-06T00:00:00Z,12,2026-02-06T12:00:00Z,2026-01-31T23:50:00Z,UTC,density_adjusted_power_curve_median_0.5ms,wind_speed_100m,4.37,-0.5,False
2026-02-06T12:00:00Z,2026-02-07T00:00:00Z,turbine-1,0.07004926600931917,Open-Meteo Single Runs API,ecmwf_ifs,2026-02-06T00:00:00Z,12,2026-02-06T12:00:00Z,2026-01-31T23:50:00Z,UTC,density_adjusted_power_curve_median_0.5ms,wind_speed_100m,3.93,-0.8,False
2026-02-06T12:00:00Z,2026-02-07T01:00:00Z,turbine-1,0.01,Open-Meteo Single Runs API,ecmwf_ifs,2026-02-06T00:00:00Z,12,2026-02-06T12:00:00Z,2026-01-31T23:50:00Z,UTC,density_adjusted_power_curve_median_0.5ms,wind_speed_100m,2.55,-1.9,False
2026-02-06T12:00:00Z,2026-02-07T02:00:00Z,turbine-1,0.01,Open-Meteo Single Runs API,ecmwf_ifs,2026-02-06T00:00:00Z,12,2026-02-06T12:00:00Z,2026-01-31T23:50:00Z,UTC,density_adjusted_power_curve_median_0.5ms,wind_speed_100m,0.91,-2.2,False
2026-02-06T12:00:00Z,2026-02-07T03:00:00Z,turbine-1,0.01,Open-Meteo Single Runs API,ecmwf_ifs,2026-02-06T00:00:00Z,12,2026-02-06T12:00:00Z,2026-01-31T23:50:00Z,UTC,density_adjusted_power_curve_median_0.5ms,wind_speed_100m,0.59,-1.1,False
2026-02-06T12:00:00Z,2026-02-07T04:00:00Z,turbine-1,0.01,Open-Meteo Single Runs API,ecmwf_ifs,2026-02-06T00:00:00Z,12,2026-02-06T12:00:00Z,2026-01-31T23:50:00Z,UTC,density_adjusted_power_curve_median_0.5ms,wind_speed_100m,1.34,0.5,False
2026-02-06T12:00:00Z,2026-02-07T05:00:00Z,turbine-1,0.03240299971367466,Open-Meteo Single Runs API,ecmwf_ifs,2026-02-06T00:00:00Z,12,2026-02-06T12:00:00Z,2026-01-31T23:50:00Z,UTC,density_adjusted_power_curve_median_0.5ms,wind_speed_100m,3.24,1.7,False
2026-02-06T12:00:00Z,2026-02-07T06:00:00Z,turbine-1,0.16376507521761302,Open-Meteo Single Runs API,ecmwf_ifs,2026-02-06T00:00:00Z,12,2026-02-06T12:00:00Z,2026-01-31T23:50:00Z,UTC,density_adjusted_power_curve_median_0.5ms,wind_speed_100m,5.31,2.2,False
2026-02-06T12:00:00Z,2026-02-07T07:00:00Z,turbine-1,0.23245900902785022,Open-Meteo Single Runs API,ecmwf_ifs,2026-02-06T00:00:00Z,12,2026-02-06T12:00:00Z,2026-01-31T23:50:00Z,UTC,density_adjusted_power_curve_median_0.5ms,wind_speed_100m,5.99,3.3,False
2026-02-06T12:00:00Z,2026-02-07T08:00:00Z,turbine-1,0.22131676054273827,Open-Meteo Single Runs API,ecmwf_ifs,2026-02-06T00:00:00Z,12,2026-02-06T12:00:00Z,2026-01-31T23:50:00Z,UTC,density_adjusted_power_curve_median_0.5ms,wind_speed_100m,5.88,3.0,False
2026-02-06T12:00:00Z,2026-02-07T09:00:00Z,turbine-1,0.14361408218682895,Open-Meteo Single Runs API,ecmwf_ifs,2026-02-06T00:00:00Z,12,2026-02-06T12:00:00Z,2026-01-31T23:50:00Z,UTC,density_adjusted_power_curve_median_0.5ms,wind_speed_100m,5.1,2.8,False
2026-02-06T12:00:00Z,2026-02-07T10:00:00Z,turbine-1,0.08006843536500058,Open-Meteo Single Runs API,ecmwf_ifs,2026-02-06T00:00:00Z,12,2026-02-06T12:00:00Z,2026-01-31T23:50:00Z,UTC,density_adjusted_power_curve_median_0.5ms,wind_speed_100m,4.19,2.2,False
2026-02-06T12:00:00Z,2026-02-07T11:00:00Z,turbine-1,0.019664451480580922,Open-Meteo Single Runs API,ecmwf_ifs,2026-02-06T00:00:00Z,12,2026-02-06T12:00:00Z,2026-01-31T23:50:00Z,UTC,density_adjusted_power_curve_median_0.5ms,wind_speed_100m,2.94,1.3,False
2026-02-06T12:00:00Z,2026-02-07T12:00:00Z,turbine-1,0.01,Open-Meteo Single Runs API,ecmwf_ifs,2026-02-06T00:00:00Z,12,2026-02-06T12:00:00Z,2026-01-31T23:50:00Z,UTC,density_adjusted_power_curve_median_0.5ms,wind_speed_100m,0.68,-0.1,False
2026-02-06T12:00:00Z,2026-02-07T13:00:00Z,turbine-1,0.0755854953009592,Open-Meteo Single Runs API,ecmwf_ifs,2026-02-06T00:00:00Z,12,2026-02-06T12:00:00Z,2026-01-31T23:50:00Z,UTC,density_adjusted_power_curve_median_0.5ms,wind_speed_100m,4.07,0.1,False
2026-02-06T12:00:00Z,2026-02-07T14:00:00Z,turbine-1,0.2921996437669425,Open-Meteo Single Runs API,ecmwf_ifs,2026-02-06T00:00:00Z,12,2026-02-06T12:00:00Z,2026-01-31T23:50:00Z,UTC,density_adjusted_power_curve_median_0.5ms,wind_speed_100m,6.43,0.0,False
2026-02-06T12:00:00Z,2026-02-07T15:00:00Z,turbine-1,0.4754819117992483,Open-Meteo Single Runs API,ecmwf_ifs,2026-02-06T00:00:00Z,12,2026-02-06T12:00:00Z,2026-01-31T23:50:00Z,UTC,density_adjusted_power_curve_median_0.5ms,wind_speed_100m,7.57,-0.1,False
2026-02-06T12:00:00Z,2026-02-07T16:00:00Z,turbine-1,0.7254173637716977,Open-Meteo Single Runs API,ecmwf_ifs,2026-02-06T00:00:00Z,12,2026-02-06T12:00:00Z,2026-01-31T23:50:00Z,UTC,density_adjusted_power_curve_median_0.5ms,wind_speed_100m,9.17,-0.6,False
2026-02-06T12:00:00Z,2026-02-07T17:00:00Z,turbine-1,0.8515839889373626,Open-Meteo Single Runs API,ecmwf_ifs,2026-02-06T00:00:00Z,12,2026-02-06T12:00:00Z,2026-01-31T23:50:00Z,UTC,density_adjusted_power_curve_median_0.5ms,wind_speed_100m,10.0,-1.0,False
2026-02-06T12:00:00Z,2026-02-07T18:00:00Z,turbine-1,0.7895841210690926,Open-Meteo Single Runs API,ecmwf_ifs,2026-02-06T00:00:00Z,12,2026-02-06T12:00:00Z,2026-01-31T23:50:00Z,UTC,density_adjusted_power_curve_median_0.5ms,wind_speed_100m,9.56,-1.4,False
2026-02-06T12:00:00Z,2026-02-07T19:00:00Z,turbine-1,0.7975913791576503,Open-Meteo Single Runs API,ecmwf_ifs,2026-02-06T00:00:00Z,12,2026-02-06T12:00:00Z,2026-01-31T23:50:00Z,UTC,density_adjusted_power_curve_median_0.5ms,wind_speed_100m,9.61,-1.9,False
2026-02-06T12:00:00Z,2026-02-07T20:00:00Z,turbine-1,0.7411905466468276,Open-Meteo Single Runs API,ecmwf_ifs,2026-02-06T00:00:00Z,12,2026-02-06T12:00:00Z,2026-01-31T23:50:00Z,UTC,density_adjusted_power_curve_median_0.5ms,wind_speed_100m,9.25,-2.2,False
2026-02-06T12:00:00Z,2026-02-07T21:00:00Z,turbine-1,0.6705572856420472,Open-Meteo Single Runs API,ecmwf_ifs,2026-02-06T00:00:00Z,12,2026-02-06T12:00:00Z,2026-01-31T23:50:00Z,UTC,density_adjusted_power_curve_median_0.5ms,wind_speed_100m,8.78,-2.3,False
2026-02-06T12:00:00Z,2026-02-07T22:00:00Z,turbine-1,0.6079898126597915,Open-Meteo Single Runs API,ecmwf_ifs,2026-02-06T00:00:00Z,12,2026-02-06T12:00:00Z,2026-01-31T23:50:00Z,UTC,density_adjusted_power_curve_median_0.5ms,wind_speed_100m,8.37,-2.1,False
2026-02-06T12:00:00Z,2026-02-07T23:00:00Z,turbine-1,0.5410816988064256,Open-Meteo Single Runs API,ecmwf_ifs,2026-02-06T00:00:00Z,12,2026-02-06T12:00:00Z,2026-01-31T23:50:00Z,UTC,density_adjusted_power_curve_median_0.5ms,wind_speed_100m,7.96,-1.6,False
2026-02-06T12:00:00Z,2026-02-08T00:00:00Z,turbine-1,0.4305667938474607,Open-Meteo Single Runs API,ecmwf_ifs,2026-02-06T00:00:00Z,12,2026-02-06T12:00:00Z,2026-01-31T23:50:00Z,UTC,density_adjusted_power_curve_median_0.5ms,wind_speed_100m,7.29,-1.2,False
2026-02-06T12:00:00Z,2026-02-08T01:00:00Z,turbine-1,0.362908575740781,Open-Meteo Single Runs API,ecmwf_ifs,2026-02-06T00:00:00Z,12,2026-02-06T12:00:00Z,2026-01-31T23:50:00Z,UTC,density_adjusted_power_curve_median_0.5ms,wind_speed_100m,6.88,-1.0,False
2026-02-06T12:00:00Z,2026-02-08T02:00:00Z,turbine-1,0.2761263858364761,Open-Meteo Single Runs API,ecmwf_ifs,2026-02-06T00:00:00Z,12,2026-02-06T12:00:00Z,2026-01-31T23:50:00Z,UTC,density_adjusted_power_curve_median_0.5ms,wind_speed_100m,6.31,-1.0,False
2026-02-06T12:00:00Z,2026-02-08T03:00:00Z,turbine-1,0.22509274247205063,Open-Meteo Single Runs API,ecmwf_ifs,2026-02-06T00:00:00Z,12,2026-02-06T12:00:00Z,2026-01-31T23:50:00Z,UTC,density_adjusted_power_curve_median_0.5ms,wind_speed_100m,5.89,-0.7,False
2026-02-06T12:00:00Z,2026-02-08T04:00:00Z,turbine-1,0.12864185724566143,Open-Meteo Single Runs API,ecmwf_ifs,2026-02-06T00:00:00Z,12,2026-02-06T12:00:00Z,2026-01-31T23:50:00Z,UTC,density_adjusted_power_curve_median_0.5ms,wind_speed_100m,4.9,-0.2,False
2026-02-06T12:00:00Z,2026-02-08T05:00:00Z,turbine-1,0.0483192850832103,Open-Meteo Single Runs API,ecmwf_ifs,2026-02-06T00:00:00Z,12,2026-02-06T12:00:00Z,2026-01-31T23:50:00Z,UTC,density_adjusted_power_curve_median_0.5ms,wind_speed_100m,3.5,1.1,False
2026-02-06T12:00:00Z,2026-02-08T06:00:00Z,turbine-1,0.01,Open-Meteo Single Runs API,ecmwf_ifs,2026-02-06T00:00:00Z,12,2026-02-06T12:00:00Z,2026-01-31T23:50:00Z,UTC,density_adjusted_power_curve_median_0.5ms,wind_speed_100m,2.33,1.9,False
2026-02-06T12:00:00Z,2026-02-08T07:00:00Z,turbine-1,0.01,Open-Meteo Single Runs API,ecmwf_ifs,2026-02-06T00:00:00Z,12,2026-02-06T12:00:00Z,2026-01-31T23:50:00Z,UTC,density_adjusted_power_curve_median_0.5ms,wind_speed_100m,1.25,2.5,False
2026-02-06T12:00:00Z,2026-02-08T08:00:00Z,turbine-1,0.01,Open-Meteo Single Runs API,ecmwf_ifs,2026-02-06T00:00:00Z,12,2026-02-06T12:00:00Z,2026-01-31T23:50:00Z,UTC,density_adjusted_power_curve_median_0.5ms,wind_speed_100m,1.21,2.9,False
2026-02-06T12:00:00Z,2026-02-08T09:00:00Z,turbine-1,0.06082538495782043,Open-Meteo Single Runs API,ecmwf_ifs,2026-02-06T00:00:00Z,12,2026-02-06T12:00:00Z,2026-01-31T23:50:00Z,UTC,density_adjusted_power_curve_median_0.5ms,wind_speed_100m,3.72,2.7,False
2026-02-06T12:00:00Z,2026-02-08T10:00:00Z,turbine-1,0.2418310195124993,Open-Meteo Single Runs API,ecmwf_ifs,2026-02-06T00:00:00Z,12,2026-02-06T12:00:00Z,2026-01-31T23:50:00Z,UTC,density_adjusted_power_curve_median_0.5ms,wind_speed_100m,6.08,3.2,False
2026-02-06T12:00:00Z,2026-02-08T11:00:00Z,turbine-1,0.6981914492196665,Open-Meteo Single Runs API,ecmwf_ifs,2026-02-06T00:00:00Z,12,2026-02-06T12:00:00Z,2026-01-31T23:50:00Z,UTC,density_adjusted_power_curve_median_0.5ms,wind_speed_100m,9.02,2.0,False
2026-02-06T12:00:00Z,2026-02-08T12:00:00Z,turbine-1,0.9787810778409203,Open-Meteo Single Runs API,ecmwf_ifs,2026-02-06T00:00:00Z,12,2026-02-06T12:00:00Z,2026-01-31T23:50:00Z,UTC,density_adjusted_power_curve_median_0.5ms,wind_speed_100m,11.26,-0.1,False
2026-02-06T12:00:00Z,2026-02-06T13:00:00Z,turbine-2,0.97,Open-Meteo Single Runs API,ecmwf_ifs,2026-02-06T00:00:00Z,12,2026-02-06T12:00:00Z,2026-01-31T23:50:00Z,UTC,density_adjusted_power_curve_median_0.5ms,wind_speed_100m,13.23,2.0,False
2026-02-06T12:00:00Z,2026-02-06T14:00:00Z,turbine-2,0.97,Open-Meteo Single Runs API,ecmwf_ifs,2026-02-06T00:00:00Z,12,2026-02-06T12:00:00Z,2026-01-31T23:50:00Z,UTC,density_adjusted_power_curve_median_0.5ms,wind_speed_100m,12.2,0.8,False
2026-02-06T12:00:00Z,2026-02-06T15:00:00Z,turbine-2,0.9320200873132772,Open-Meteo Single Runs API,ecmwf_ifs,2026-02-06T00:00:00Z,12,2026-02-06T12:00:00Z,2026-01-31T23:50:00Z,UTC,density_adjusted_power_curve_median_0.5ms,wind_speed_100m,10.79,0.5,False
2026-02-06T12:00:00Z,2026-02-06T16:00:00Z,turbine-2,0.9339652650812831,Open-Meteo Single Runs API,ecmwf_ifs,2026-02-06T00:00:00Z,12,2026-02-06T12:00:00Z,2026-01-31T23:50:00Z,UTC,density_adjusted_power_curve_median_0.5ms,wind_speed_100m,10.81,0.6,False
2026-02-06T12:00:00Z,2026-02-06T17:00:00Z,turbine-2,0.8695042739510973,Open-Meteo Single Runs API,ecmwf_ifs,2026-02-06T00:00:00Z,12,2026-02-06T12:00:00Z,2026-01-31T23:50:00Z,UTC,density_adjusted_power_curve_median_0.5ms,wind_speed_100m,10.29,0.7,False
2026-02-06T12:00:00Z,2026-02-06T18:00:00Z,turbine-2,0.5739049738391422,Open-Meteo Single Runs API,ecmwf_ifs,2026-02-06T00:00:00Z,12,2026-02-06T12:00:00Z,2026-01-31T23:50:00Z,UTC,density_adjusted_power_curve_median_0.5ms,wind_speed_100m,8.26,0.0,False
2026-02-06T12:00:00Z,2026-02-06T19:00:00Z,turbine-2,0.2621508728859402,Open-Meteo Single Runs API,ecmwf_ifs,2026-02-06T00:00:00Z,12,2026-02-06T12:00:00Z,2026-01-31T23:50:00Z,UTC,density_adjusted_power_curve_median_0.5ms,wind_speed_100m,6.29,-0.4,False
2026-02-06T12:00:00Z,2026-02-06T20:00:00Z,turbine-2,0.1445182957546621,Open-Meteo Single Runs API,ecmwf_ifs,2026-02-06T00:00:00Z,12,2026-02-06T12:00:00Z,2026-01-31T23:50:00Z,UTC,density_adjusted_power_curve_median_0.5ms,wind_speed_100m,5.2,-0.5,False
2026-02-06T12:00:00Z,2026-02-06T21:00:00Z,turbine-2,0.1475444213150003,Open-Meteo Single Runs API,ecmwf_ifs,2026-02-06T00:00:00Z,12,2026-02-06T12:00:00Z,2026-01-31T23:50:00Z,UTC,density_adjusted_power_curve_median_0.5ms,wind_speed_100m,5.23,-0.5,False
2026-02-06T12:00:00Z,2026-02-06T22:00:00Z,turbine-2,0.13597898552507284,Open-Meteo Single Runs API,ecmwf_ifs,2026-02-06T00:00:00Z,12,2026-02-06T12:00:00Z,2026-01-31T23:50:00Z,UTC,density_adjusted_power_curve_median_0.5ms,wind_speed_100m,5.09,-0.5,False
2026-02-06T12:00:00Z,2026-02-06T23:00:00Z,turbine-2,0.0917486487960741,Open-Meteo Single Runs API,ecmwf_ifs,2026-02-06T00:00:00Z,12,2026-02-06T12:00:00Z,2026-01-31T23:50:00Z,UTC,density_adjusted_power_curve_median_0.5ms,wind_speed_100m,4.37,-0.5,False
2026-02-06T12:00:00Z,2026-02-07T00:00:00Z,turbine-2,0.06524717653758394,Open-Meteo Single Runs API,ecmwf_ifs,2026-02-06T00:00:00Z,12,2026-02-06T12:00:00Z,2026-01-31T23:50:00Z,UTC,density_adjusted_power_curve_median_0.5ms,wind_speed_100m,3.93,-0.8,False
2026-02-06T12:00:00Z,2026-02-07T01:00:00Z,turbine-2,0.01,Open-Meteo Single Runs API,ecmwf_ifs,2026-02-06T00:00:00Z,12,2026-02-06T12:00:00Z,2026-01-31T23:50:00Z,UTC,density_adjusted_power_curve_median_0.5ms,wind_speed_100m,2.55,-1.9,False
2026-02-06T12:00:00Z,2026-02-07T02:00:00Z,turbine-2,0.01,Open-Meteo Single Runs API,ecmwf_ifs,2026-02-06T00:00:00Z,12,2026-02-06T12:00:00Z,2026-01-31T23:50:00Z,UTC,density_adjusted_power_curve_median_0.5ms,wind_speed_100m,0.91,-2.2,False
2026-02-06T12:00:00Z,2026-02-07T03:00:00Z,turbine-2,0.01,Open-Meteo Single Runs API,ecmwf_ifs,2026-02-06T00:00:00Z,12,2026-02-06T12:00:00Z,2026-01-31T23:50:00Z,UTC,density_adjusted_power_curve_median_0.5ms,wind_speed_100m,0.59,-1.1,False
2026-02-06T12:00:00Z,2026-02-07T04:00:00Z,turbine-2,0.01,Open-Meteo Single Runs API,ecmwf_ifs,2026-02-06T00:00:00Z,12,2026-02-06T12:00:00Z,2026-01-31T23:50:00Z,UTC,density_adjusted_power_curve_median_0.5ms,wind_speed_100m,1.34,0.5,False
2026-02-06T12:00:00Z,2026-02-07T05:00:00Z,turbine-2,0.031704885981365706,Open-Meteo Single Runs API,ecmwf_ifs,2026-02-06T00:00:00Z,12,2026-02-06T12:00:00Z,2026-01-31T23:50:00Z,UTC,density_adjusted_power_curve_median_0.5ms,wind_speed_100m,3.24,1.7,False
2026-02-06T12:00:00Z,2026-02-07T06:00:00Z,turbine-2,0.1538576119264225,Open-Meteo Single Runs API,ecmwf_ifs,2026-02-06T00:00:00Z,12,2026-02-06T12:00:00Z,2026-01-31T23:50:00Z,UTC,density_adjusted_power_curve_median_0.5ms,wind_speed_100m,5.31,2.2,False
2026-02-06T12:00:00Z,2026-02-07T07:00:00Z,turbine-2,0.22217496045750595,Open-Meteo Single Runs API,ecmwf_ifs,2026-02-06T00:00:00Z,12,2026-02-06T12:00:00Z,2026-01-31T23:50:00Z,UTC,density_adjusted_power_curve_median_0.5ms,wind_speed_100m,5.99,3.3,False
2026-02-06T12:00:00Z,2026-02-07T08:00:00Z,turbine-2,0.21108548371399258,Open-Meteo Single Runs API,ecmwf_ifs,2026-02-06T00:00:00Z,12,2026-02-06T12:00:00Z,2026-01-31T23:50:00Z,UTC,density_adjusted_power_curve_median_0.5ms,wind_speed_100m,5.88,3.0,False
2026-02-06T12:00:00Z,2026-02-07T09:00:00Z,turbine-2,0.13533696675940382,Open-Meteo Single Runs API,ecmwf_ifs,2026-02-06T00:00:00Z,12,2026-02-06T12:00:00Z,2026-01-31T23:50:00Z,UTC,density_adjusted_power_curve_median_0.5ms,wind_speed_100m,5.1,2.8,False
2026-02-06T12:00:00Z,2026-02-07T10:00:00Z,turbine-2,0.0799127321261657,Open-Meteo Single Runs API,ecmwf_ifs,2026-02-06T00:00:00Z,12,2026-02-06T12:00:00Z,2026-01-31T23:50:00Z,UTC,density_adjusted_power_curve_median_0.5ms,wind_speed_100m,4.19,2.2,False
2026-02-06T12:00:00Z,2026-02-07T11:00:00Z,turbine-2,0.019621064210156636,Open-Meteo Single Runs API,ecmwf_ifs,2026-02-06T00:00:00Z,12,2026-02-06T12:00:00Z,2026-01-31T23:50:00Z,UTC,density_adjusted_power_curve_median_0.5ms,wind_speed_100m,2.94,1.3,False
2026-02-06T12:00:00Z,2026-02-07T12:00:00Z,turbine-2,0.01,Open-Meteo Single Runs API,ecmwf_ifs,2026-02-06T00:00:00Z,12,2026-02-06T12:00:00Z,2026-01-31T23:50:00Z,UTC,density_adjusted_power_curve_median_0.5ms,wind_speed_100m,0.68,-0.1,False
2026-02-06T12:00:00Z,2026-02-07T13:00:00Z,turbine-2,0.07336875832703552,Open-Meteo Single Runs API,ecmwf_ifs,2026-02-06T00:00:00Z,12,2026-02-06T12:00:00Z,2026-01-31T23:50:00Z,UTC,density_adjusted_power_curve_median_0.5ms,wind_speed_100m,4.07,0.1,False
2026-02-06T12:00:00Z,2026-02-07T14:00:00Z,turbine-2,0.2818070384074876,Open-Meteo Single Runs API,ecmwf_ifs,2026-02-06T00:00:00Z,12,2026-02-06T12:00:00Z,2026-01-31T23:50:00Z,UTC,density_adjusted_power_curve_median_0.5ms,wind_speed_100m,6.43,0.0,False
2026-02-06T12:00:00Z,2026-02-07T15:00:00Z,turbine-2,0.46528277150470243,Open-Meteo Single Runs API,ecmwf_ifs,2026-02-06T00:00:00Z,12,2026-02-06T12:00:00Z,2026-01-31T23:50:00Z,UTC,density_adjusted_power_curve_median_0.5ms,wind_speed_100m,7.57,-0.1,False
2026-02-06T12:00:00Z,2026-02-07T16:00:00Z,turbine-2,0.713023262364625,Open-Meteo Single Runs API,ecmwf_ifs,2026-02-06T00:00:00Z,12,2026-02-06T12:00:00Z,2026-01-31T23:50:00Z,UTC,density_adjusted_power_curve_median_0.5ms,wind_speed_100m,9.17,-0.6,False
2026-02-06T12:00:00Z,2026-02-07T17:00:00Z,turbine-2,0.8317773008321153,Open-Meteo Single Runs API,ecmwf_ifs,2026-02-06T00:00:00Z,12,2026-02-06T12:00:00Z,2026-01-31T23:50:00Z,UTC,density_adjusted_power_curve_median_0.5ms,wind_speed_100m,10.0,-1.0,False
2026-02-06T12:00:00Z,2026-02-07T18:00:00Z,turbine-2,0.7690439064515339,Open-Meteo Single Runs API,ecmwf_ifs,2026-02-06T00:00:00Z,12,2026-02-06T12:00:00Z,2026-01-31T23:50:00Z,UTC,density_adjusted_power_curve_median_0.5ms,wind_speed_100m,9.56,-1.4,False
2026-02-06T12:00:00Z,2026-02-07T19:00:00Z,turbine-2,0.7770811048986539,Open-Meteo Single Runs API,ecmwf_ifs,2026-02-06T00:00:00Z,12,2026-02-06T12:00:00Z,2026-01-31T23:50:00Z,UTC,density_adjusted_power_curve_median_0.5ms,wind_speed_100m,9.61,-1.9,False
2026-02-06T12:00:00Z,2026-02-07T20:00:00Z,turbine-2,0.7267940044308016,Open-Meteo Single Runs API,ecmwf_ifs,2026-02-06T00:00:00Z,12,2026-02-06T12:00:00Z,2026-01-31T23:50:00Z,UTC,density_adjusted_power_curve_median_0.5ms,wind_speed_100m,9.25,-2.2,False
2026-02-06T12:00:00Z,2026-02-07T21:00:00Z,turbine-2,0.6552367114060558,Open-Meteo Single Runs API,ecmwf_ifs,2026-02-06T00:00:00Z,12,2026-02-06T12:00:00Z,2026-01-31T23:50:00Z,UTC,density_adjusted_power_curve_median_0.5ms,wind_speed_100m,8.78,-2.3,False
2026-02-06T12:00:00Z,2026-02-07T22:00:00Z,turbine-2,0.5925564972396961,Open-Meteo Single Runs API,ecmwf_ifs,2026-02-06T00:00:00Z,12,2026-02-06T12:00:00Z,2026-01-31T23:50:00Z,UTC,density_adjusted_power_curve_median_0.5ms,wind_speed_100m,8.37,-2.1,False
2026-02-06T12:00:00Z,2026-02-07T23:00:00Z,turbine-2,0.5311676922100508,Open-Meteo Single Runs API,ecmwf_ifs,2026-02-06T00:00:00Z,12,2026-02-06T12:00:00Z,2026-01-31T23:50:00Z,UTC,density_adjusted_power_curve_median_0.5ms,wind_speed_100m,7.96,-1.6,False
2026-02-06T12:00:00Z,2026-02-08T00:00:00Z,turbine-2,0.4207460722192789,Open-Meteo Single Runs API,ecmwf_ifs,2026-02-06T00:00:00Z,12,2026-02-06T12:00:00Z,2026-01-31T23:50:00Z,UTC,density_adjusted_power_curve_median_0.5ms,wind_speed_100m,7.29,-1.2,False
2026-02-06T12:00:00Z,2026-02-08T01:00:00Z,turbine-2,0.3529749219586671,Open-Meteo Single Runs API,ecmwf_ifs,2026-02-06T00:00:00Z,12,2026-02-06T12:00:00Z,2026-01-31T23:50:00Z,UTC,density_adjusted_power_curve_median_0.5ms,wind_speed_100m,6.88,-1.0,False
2026-02-06T12:00:00Z,2026-02-08T02:00:00Z,turbine-2,0.26568883694841006,Open-Meteo Single Runs API,ecmwf_ifs,2026-02-06T00:00:00Z,12,2026-02-06T12:00:00Z,2026-01-31T23:50:00Z,UTC,density_adjusted_power_curve_median_0.5ms,wind_speed_100m,6.31,-1.0,False
2026-02-06T12:00:00Z,2026-02-08T03:00:00Z,turbine-2,0.21484358189722616,Open-Meteo Single Runs API,ecmwf_ifs,2026-02-06T00:00:00Z,12,2026-02-06T12:00:00Z,2026-01-31T23:50:00Z,UTC,density_adjusted_power_curve_median_0.5ms,wind_speed_100m,5.89,-0.7,False
2026-02-06T12:00:00Z,2026-02-08T04:00:00Z,turbine-2,0.12415184304703972,Open-Meteo Single Runs API,ecmwf_ifs,2026-02-06T00:00:00Z,12,2026-02-06T12:00:00Z,2026-01-31T23:50:00Z,UTC,density_adjusted_power_curve_median_0.5ms,wind_speed_100m,4.9,-0.2,False
2026-02-06T12:00:00Z,2026-02-08T05:00:00Z,turbine-2,0.04245604136503517,Open-Meteo Single Runs API,ecmwf_ifs,2026-02-06T00:00:00Z,12,2026-02-06T12:00:00Z,2026-01-31T23:50:00Z,UTC,density_adjusted_power_curve_median_0.5ms,wind_speed_100m,3.5,1.1,False
2026-02-06T12:00:00Z,2026-02-08T06:00:00Z,turbine-2,0.01,Open-Meteo Single Runs API,ecmwf_ifs,2026-02-06T00:00:00Z,12,2026-02-06T12:00:00Z,2026-01-31T23:50:00Z,UTC,density_adjusted_power_curve_median_0.5ms,wind_speed_100m,2.33,1.9,False
2026-02-06T12:00:00Z,2026-02-08T07:00:00Z,turbine-2,0.01,Open-Meteo Single Runs API,ecmwf_ifs,2026-02-06T00:00:00Z,12,2026-02-06T12:00:00Z,2026-01-31T23:50:00Z,UTC,density_adjusted_power_curve_median_0.5ms,wind_speed_100m,1.25,2.5,False
2026-02-06T12:00:00Z,2026-02-08T08:00:00Z,turbine-2,0.01,Open-Meteo Single Runs API,ecmwf_ifs,2026-02-06T00:00:00Z,12,2026-02-06T12:00:00Z,2026-01-31T23:50:00Z,UTC,density_adjusted_power_curve_median_0.5ms,wind_speed_100m,1.21,2.9,False
2026-02-06T12:00:00Z,2026-02-08T09:00:00Z,turbine-2,0.05171585396591211,Open-Meteo Single Runs API,ecmwf_ifs,2026-02-06T00:00:00Z,12,2026-02-06T12:00:00Z,2026-01-31T23:50:00Z,UTC,density_adjusted_power_curve_median_0.5ms,wind_speed_100m,3.72,2.7,False
2026-02-06T12:00:00Z,2026-02-08T10:00:00Z,turbine-2,0.2315025833738634,Open-Meteo Single Runs API,ecmwf_ifs,2026-02-06T00:00:00Z,12,2026-02-06T12:00:00Z,2026-01-31T23:50:00Z,UTC,density_adjusted_power_curve_median_0.5ms,wind_speed_100m,6.08,3.2,False
2026-02-06T12:00:00Z,2026-02-08T11:00:00Z,turbine-2,0.6862482719142625,Open-Meteo Single Runs API,ecmwf_ifs,2026-02-06T00:00:00Z,12,2026-02-06T12:00:00Z,2026-01-31T23:50:00Z,UTC,density_adjusted_power_curve_median_0.5ms,wind_speed_100m,9.02,2.0,False
2026-02-06T12:00:00Z,2026-02-08T12:00:00Z,turbine-2,0.9644184379262003,Open-Meteo Single Runs API,ecmwf_ifs,2026-02-06T00:00:00Z,12,2026-02-06T12:00:00Z,2026-01-31T23:50:00Z,UTC,density_adjusted_power_curve_median_0.5ms,wind_speed_100m,11.26,-0.1,False
2026-02-07T12:00:00Z,2026-02-07T13:00:00Z,turbine-1,0.2673176392016311,Open-Meteo Single Runs API,ecmwf_ifs,2026-02-07T00:00:00Z,12,2026-02-07T12:00:00Z,2026-01-31T23:50:00Z,UTC,density_adjusted_power_curve_median_0.5ms,wind_speed_100m,6.26,0.5,False
2026-02-07T12:00:00Z,2026-02-07T14:00:00Z,turbine-1,0.35301596082573405,Open-Meteo Single Runs API,ecmwf_ifs,2026-02-07T00:00:00Z,12,2026-02-07T12:00:00Z,2026-01-31T23:50:00Z,UTC,density_adjusted_power_curve_median_0.5ms,wind_speed_100m,6.83,0.3,False
2026-02-07T12:00:00Z,2026-02-07T15:00:00Z,turbine-1,0.45523101324687854,Open-Meteo Single Runs API,ecmwf_ifs,2026-02-07T00:00:00Z,12,2026-02-07T12:00:00Z,2026-01-31T23:50:00Z,UTC,density_adjusted_power_curve_median_0.5ms,wind_speed_100m,7.45,0.1,False
2026-02-07T12:00:00Z,2026-02-07T16:00:00Z,turbine-1,0.7407563648090447,Open-Meteo Single Runs API,ecmwf_ifs,2026-02-07T00:00:00Z,12,2026-02-07T12:00:00Z,2026-01-31T23:50:00Z,UTC,density_adjusted_power_curve_median_0.5ms,wind_speed_100m,9.27,-0.2,False
2026-02-07T12:00:00Z,2026-02-07T17:00:00Z,turbine-1,0.8564026874521695,Open-Meteo Single Runs API,ecmwf_ifs,2026-02-07T00:00:00Z,12,2026-02-07T12:00:00Z,2026-01-31T23:50:00Z,UTC,density_adjusted_power_curve_median_0.5ms,wind_speed_100m,10.04,-0.5,False
2026-02-07T12:00:00Z,2026-02-07T18:00:00Z,turbine-1,0.9347388343715436,Open-Meteo Single Runs API,ecmwf_ifs,2026-02-07T00:00:00Z,12,2026-02-07T12:00:00Z,2026-01-31T23:50:00Z,UTC,density_adjusted_power_curve_median_0.5ms,wind_speed_100m,10.61,-1.0,False
2026-02-07T12:00:00Z,2026-02-07T19:00:00Z,turbine-1,0.9542551682644073,Open-Meteo Single Runs API,ecmwf_ifs,2026-02-07T00:00:00Z,12,2026-02-07T12:00:00Z,2026-01-31T23:50:00Z,UTC,density_adjusted_power_curve_median_0.5ms,wind_speed_100m,10.84,-1.5,False
2026-02-07T12:00:00Z,2026-02-07T20:00:00Z,turbine-1,0.9528239815237779,Open-Meteo Single Runs API,ecmwf_ifs,2026-02-07T00:00:00Z,12,2026-02-07T12:00:00Z,2026-01-31T23:50:00Z,UTC,density_adjusted_power_curve_median_0.5ms,wind_speed_100m,10.82,-1.7,False
2026-02-07T12:00:00Z,2026-02-07T21:00:00Z,turbine-1,0.8572549186958228,Open-Meteo Single Runs API,ecmwf_ifs,2026-02-07T00:00:00Z,12,2026-02-07T12:00:00Z,2026-01-31T23:50:00Z,UTC,density_adjusted_power_curve_median_0.5ms,wind_speed_100m,10.03,-1.8,False
2026-02-07T12:00:00Z,2026-02-07T22:00:00Z,turbine-1,0.6685054206334695,Open-Meteo Single Runs API,ecmwf_ifs,2026-02-07T00:00:00Z,12,2026-02-07T12:00:00Z,2026-01-31T23:50:00Z,UTC,density_adjusted_power_curve_median_0.5ms,wind_speed_100m,8.77,-1.9,False
2026-02-07T12:00:00Z,2026-02-07T23:00:00Z,turbine-1,0.6330583844972537,Open-Meteo Single Runs API,ecmwf_ifs,2026-02-07T00:00:00Z,12,2026-02-07T12:00:00Z,2026-01-31T23:50:00Z,UTC,density_adjusted_power_curve_median_0.5ms,wind_speed_100m,8.53,-1.7,False
2026-02-07T12:00:00Z,2026-02-08T00:00:00Z,turbine-1,0.5422274551203047,Open-Meteo Single Runs API,ecmwf_ifs,2026-02-07T00:00:00Z,12,2026-02-07T12:00:00Z,2026-01-31T23:50:00Z,UTC,density_adjusted_power_curve_median_0.5ms,wind_speed_100m,7.97,-1.3,False
2026-02-07T12:00:00Z,2026-02-08T01:00:00Z,turbine-1,0.4850509736059039,Open-Meteo Single Runs API,ecmwf_ifs,2026-02-07T00:00:00Z,12,2026-02-07T12:00:00Z,2026-01-31T23:50:00Z,UTC,density_adjusted_power_curve_median_0.5ms,wind_speed_100m,7.62,-1.0,False
2026-02-07T12:00:00Z,2026-02-08T02:00:00Z,turbine-1,0.34027900123206134,Open-Meteo Single Runs API,ecmwf_ifs,2026-02-07T00:00:00Z,12,2026-02-07T12:00:00Z,2026-01-31T23:50:00Z,UTC,density_adjusted_power_curve_median_0.5ms,wind_speed_100m,6.74,-1.1,False
2026-02-07T12:00:00Z,2026-02-08T03:00:00Z,turbine-1,0.13864474213707564,Open-Meteo Single Runs API,ecmwf_ifs,2026-02-07T00:00:00Z,12,2026-02-07T12:00:00Z,2026-01-31T23:50:00Z,UTC,density_adjusted_power_curve_median_0.5ms,wind_speed_100m,5.02,-0.4,False
2026-02-07T12:00:00Z,2026-02-08T04:00:00Z,turbine-1,0.04412327445094509,Open-Meteo Single Runs API,ecmwf_ifs,2026-02-07T00:00:00Z,12,2026-02-07T12:00:00Z,2026-01-31T23:50:00Z,UTC,density_adjusted_power_curve_median_0.5ms,wind_speed_100m,3.43,0.9,False
2026-02-07T12:00:00Z,2026-02-08T05:00:00Z,turbine-1,0.01,Open-Meteo Single Runs API,ecmwf_ifs,2026-02-07T00:00:00Z,12,2026-02-07T12:00:00Z,2026-01-31T23:50:00Z,UTC,density_adjusted_power_curve_median_0.5ms,wind_speed_100m,2.58,1.8,False
2026-02-07T12:00:00Z,2026-02-08T06:00:00Z,turbine-1,0.01,Open-Meteo Single Runs API,ecmwf_ifs,2026-02-07T00:00:00Z,12,2026-02-07T12:00:00Z,2026-01-31T23:50:00Z,UTC,density_adjusted_power_curve_median_0.5ms,wind_speed_100m,1.82,2.6,False
2026-02-07T12:00:00Z,2026-02-08T07:00:00Z,turbine-1,0.01,Open-Meteo Single Runs API,ecmwf_ifs,2026-02-07T00:00:00Z,12,2026-02-07T12:00:00Z,2026-01-31T23:50:00Z,UTC,density_adjusted_power_curve_median_0.5ms,wind_speed_100m,0.85,3.3,False
2026-02-07T12:00:00Z,2026-02-08T08:00:00Z,turbine-1,0.01,Open-Meteo Single Runs API,ecmwf_ifs,2026-02-07T00:00:00Z,12,2026-02-07T12:00:00Z,2026-01-31T23:50:00Z,UTC,density_adjusted_power_curve_median_0.5ms,wind_speed_100m,1.35,3.8,False
2026-02-07T12:00:00Z,2026-02-08T09:00:00Z,turbine-1,0.06237858052533752,Open-Meteo Single Runs API,ecmwf_ifs,2026-02-07T00:00:00Z,12,2026-02-07T12:00:00Z,2026-01-31T23:50:00Z,UTC,density_adjusted_power_curve_median_0.5ms,wind_speed_100m,3.76,3.1,False
2026-02-07T12:00:00Z,2026-02-08T10:00:00Z,turbine-1,0.28369552236535517,Open-Meteo Single Runs API,ecmwf_ifs,2026-02-07T00:00:00Z,12,2026-02-07T12:00:00Z,2026-01-31T23:50:00Z,UTC,density_adjusted_power_curve_median_0.5ms,wind_speed_100m,6.4,3.8,False
2026-02-07T12:00:00Z,2026-02-08T11:00:00Z,turbine-1,0.6644823040490391,Open-Meteo Single Runs API,ecmwf_ifs,2026-02-07T00:00:00Z,12,2026-02-07T12:00:00Z,2026-01-31T23:50:00Z,UTC,density_adjusted_power_curve_median_0.5ms,wind_speed_100m,8.79,2.6,False
2026-02-07T12:00:00Z,2026-02-08T12:00:00Z,turbine-1,0.8971614578049494,Open-Meteo Single Runs API,ecmwf_ifs,2026-02-07T00:00:00Z,12,2026-02-07T12:00:00Z,2026-01-31T23:50:00Z,UTC,density_adjusted_power_curve_median_0.5ms,wind_speed_100m,10.34,0.5,False
2026-02-07T12:00:00Z,2026-02-08T13:00:00Z,turbine-1,0.9456770592110537,Open-Meteo Single Runs API,ecmwf_ifs,2026-02-07T00:00:00Z,12,2026-02-07T12:00:00Z,2026-01-31T23:50:00Z,UTC,density_adjusted_power_curve_median_0.5ms,wind_speed_100m,10.74,-1.2,False
2026-02-07T12:00:00Z,2026-02-08T14:00:00Z,turbine-1,0.9835853696721768,Open-Meteo Single Runs API,ecmwf_ifs,2026-02-07T00:00:00Z,12,2026-02-07T12:00:00Z,2026-01-31T23:50:00Z,UTC,density_adjusted_power_curve_median_0.5ms,wind_speed_100m,11.35,-1.9,False
2026-02-07T12:00:00Z,2026-02-08T15:00:00Z,turbine-1,0.99,Open-Meteo Single Runs API,ecmwf_ifs,2026-02-07T00:00:00Z,12,2026-02-07T12:00:00Z,2026-01-31T23:50:00Z,UTC,density_adjusted_power_curve_median_0.5ms,wind_speed_100m,11.81,-2.0,False
2026-02-07T12:00:00Z,2026-02-08T16:00:00Z,turbine-1,0.99,Open-Meteo Single Runs API,ecmwf_ifs,2026-02-07T00:00:00Z,12,2026-02-07T12:00:00Z,2026-01-31T23:50:00Z,UTC,density_adjusted_power_curve_median_0.5ms,wind_speed_100m,12.19,-1.1,False
2026-02-07T12:00:00Z,2026-02-08T17:00:00Z,turbine-1,0.99,Open-Meteo Single Runs API,ecmwf_ifs,2026-02-07T00:00:00Z,12,2026-02-07T12:00:00Z,2026-01-31T23:50:00Z,UTC,density_adjusted_power_curve_median_0.5ms,wind_speed_100m,12.5,-1.3,False
2026-02-07T12:00:00Z,2026-02-08T18:00:00Z,turbine-1,0.99,Open-Meteo Single Runs API,ecmwf_ifs,2026-02-07T00:00:00Z,12,2026-02-07T12:00:00Z,2026-01-31T23:50:00Z,UTC,density_adjusted_power_curve_median_0.5ms,wind_speed_100m,12.45,-1.6,False
2026-02-07T12:00:00Z,2026-02-08T19:00:00Z,turbine-1,0.99,Open-Meteo Single Runs API,ecmwf_ifs,2026-02-07T00:00:00Z,12,2026-02-07T12:00:00Z,2026-01-31T23:50:00Z,UTC,density_adjusted_power_curve_median_0.5ms,wind_speed_100m,12.36,-1.5,False
2026-02-07T12:00:00Z,2026-02-08T20:00:00Z,turbine-1,0.99,Open-Meteo Single Runs API,ecmwf_ifs,2026-02-07T00:00:00Z,12,2026-02-07T12:00:00Z,2026-01-31T23:50:00Z,UTC,density_adjusted_power_curve_median_0.5ms,wind_speed_100m,12.51,-1.6,False
2026-02-07T12:00:00Z,2026-02-08T21:00:00Z,turbine-1,0.99,Open-Meteo Single Runs API,ecmwf_ifs,2026-02-07T00:00:00Z,12,2026-02-07T12:00:00Z,2026-01-31T23:50:00Z,UTC,density_adjusted_power_curve_median_0.5ms,wind_speed_100m,12.1,-1.6,False
2026-02-07T12:00:00Z,2026-02-08T22:00:00Z,turbine-1,0.99,Open-Meteo Single Runs API,ecmwf_ifs,2026-02-07T00:00:00Z,12,2026-02-07T12:00:00Z,2026-01-31T23:50:00Z,UTC,density_adjusted_power_curve_median_0.5ms,wind_speed_100m,11.96,-1.6,False
2026-02-07T12:00:00Z,2026-02-08T23:00:00Z,turbine-1,0.99,Open-Meteo Single Runs API,ecmwf_ifs,2026-02-07T00:00:00Z,12,2026-02-07T12:00:00Z,2026-01-31T23:50:00Z,UTC,density_adjusted_power_curve_median_0.5ms,wind_speed_100m,11.84,-1.6,False
2026-02-07T12:00:00Z,2026-02-09T00:00:00Z,turbine-1,0.9749688255750275,Open-Meteo Single Runs API,ecmwf_ifs,2026-02-07T00:00:00Z,12,2026-02-07T12:00:00Z,2026-01-31T23:50:00Z,UTC,density_adjusted_power_curve_median_0.5ms,wind_speed_100m,11.14,-2.2,False
2026-02-07T12:00:00Z,2026-02-09T01:00:00Z,turbine-1,0.9503981698636854,Open-Meteo Single Runs API,ecmwf_ifs,2026-02-07T00:00:00Z,12,2026-02-07T12:00:00Z,2026-01-31T23:50:00Z,UTC,density_adjusted_power_curve_median_0.5ms,wind_speed_100m,10.78,-2.5,False
2026-02-07T12:00:00Z,2026-02-09T02:00:00Z,turbine-1,0.9011571998356569,Open-Meteo Single Runs API,ecmwf_ifs,2026-02-07T00:00:00Z,12,2026-02-07T12:00:00Z,2026-01-31T23:50:00Z,UTC,density_adjusted_power_curve_median_0.5ms,wind_speed_100m,10.32,-3.3,False
2026-02-07T12:00:00Z,2026-02-09T03:00:00Z,turbine-1,0.8556341067621774,Open-Meteo Single Runs API,ecmwf_ifs,2026-02-07T00:00:00Z,12,2026-02-07T12:00:00Z,2026-01-31T23:50:00Z,UTC,density_adjusted_power_curve_median_0.5ms,wind_speed_100m,10.01,-2.5,False
2026-02-07T12:00:00Z,2026-02-09T04:00:00Z,turbine-1,0.8617360508322942,Open-Meteo Single Runs API,ecmwf_ifs,2026-02-07T00:00:00Z,12,2026-02-07T12:00:00Z,2026-01-31T23:50:00Z,UTC,density_adjusted_power_curve_median_0.5ms,wind_speed_100m,10.08,-0.3,False
2026-02-07T12:00:00Z,2026-02-09T05:00:00Z,turbine-1,0.7092856368414457,Open-Meteo Single Runs API,ecmwf_ifs,2026-02-07T00:00:00Z,12,2026-02-07T12:00:00Z,2026-01-31T23:50:00Z,UTC,density_adjusted_power_curve_median_0.5ms,wind_speed_100m,9.1,2.2,False
2026-02-07T12:00:00Z,2026-02-09T06:00:00Z,turbine-1,0.7598161185058796,Open-Meteo Single Runs API,ecmwf_ifs,2026-02-07T00:00:00Z,12,2026-02-07T12:00:00Z,2026-01-31T23:50:00Z,UTC,density_adjusted_power_curve_median_0.5ms,wind_speed_100m,9.44,4.3,False
2026-02-07T12:00:00Z,2026-02-09T07:00:00Z,turbine-1,0.7493161323521977,Open-Meteo Single Runs API,ecmwf_ifs,2026-02-07T00:00:00Z,12,2026-02-07T12:00:00Z,2026-01-31T23:50:00Z,UTC,density_adjusted_power_curve_median_0.5ms,wind_speed_100m,9.39,5.7,False
2026-02-07T12:00:00Z,2026-02-09T08:00:00Z,turbine-1,0.6295605932594042,Open-Meteo Single Runs API,ecmwf_ifs,2026-02-07T00:00:00Z,12,2026-02-07T12:00:00Z,2026-01-31T23:50:00Z,UTC,density_adjusted_power_curve_median_0.5ms,wind_speed_100m,8.59,6.2,False
2026-02-07T12:00:00Z,2026-02-09T09:00:00Z,turbine-1,0.6328677554792167,Open-Meteo Single Runs API,ecmwf_ifs,2026-02-07T00:00:00Z,12,2026-02-07T12:00:00Z,2026-01-31T23:50:00Z,UTC,density_adjusted_power_curve_median_0.5ms,wind_speed_100m,8.62,7.1,False
2026-02-07T12:00:00Z,2026-02-09T10:00:00Z,turbine-1,0.5550150907213389,Open-Meteo Single Runs API,ecmwf_ifs,2026-02-07T00:00:00Z,12,2026-02-07T12:00:00Z,2026-01-31T23:50:00Z,UTC,density_adjusted_power_curve_median_0.5ms,wind_speed_100m,8.13,7.0,False
2026-02-07T12:00:00Z,2026-02-09T11:00:00Z,turbine-1,0.6612429827151327,Open-Meteo Single Runs API,ecmwf_ifs,2026-02-07T00:00:00Z,12,2026-02-07T12:00:00Z,2026-01-31T23:50:00Z,UTC,density_adjusted_power_curve_median_0.5ms,wind_speed_100m,8.8,5.7,False
2026-02-07T12:00:00Z,2026-02-09T12:00:00Z,turbine-1,0.6629060736101932,Open-Meteo Single Runs API,ecmwf_ifs,2026-02-07T00:00:00Z,12,2026-02-07T12:00:00Z,2026-01-31T23:50:00Z,UTC,density_adjusted_power_curve_median_0.5ms,wind_speed_100m,8.78,2.7,False
2026-02-07T12:00:00Z,2026-02-07T13:00:00Z,turbine-2,0.25685545957858125,Open-Meteo Single Runs API,ecmwf_ifs,2026-02-07T00:00:00Z,12,2026-02-07T12:00:00Z,2026-01-31T23:50:00Z,UTC,density_adjusted_power_curve_median_0.5ms,wind_speed_100m,6.26,0.5,False
2026-02-07T12:00:00Z,2026-02-07T14:00:00Z,turbine-2,0.34298407037168044,Open-Meteo Single Runs API,ecmwf_ifs,2026-02-07T00:00:00Z,12,2026-02-07T12:00:00Z,2026-01-31T23:50:00Z,UTC,density_adjusted_power_curve_median_0.5ms,wind_speed_100m,6.83,0.3,False
2026-02-07T12:00:00Z,2026-02-07T15:00:00Z,turbine-2,0.44520249073922313,Open-Meteo Single Runs API,ecmwf_ifs,2026-02-07T00:00:00Z,12,2026-02-07T12:00:00Z,2026-01-31T23:50:00Z,UTC,density_adjusted_power_curve_median_0.5ms,wind_speed_100m,7.45,0.1,False
2026-02-07T12:00:00Z,2026-02-07T16:00:00Z,turbine-2,0.7264149429474432,Open-Meteo Single Runs API,ecmwf_ifs,2026-02-07T00:00:00Z,12,2026-02-07T12:00:00Z,2026-01-31T23:50:00Z,UTC,density_adjusted_power_curve_median_0.5ms,wind_speed_100m,9.27,-0.2,False
2026-02-07T12:00:00Z,2026-02-07T17:00:00Z,turbine-2,0.8366587925619186,Open-Meteo Single Runs API,ecmwf_ifs,2026-02-07T00:00:00Z,12,2026-02-07T12:00:00Z,2026-01-31T23:50:00Z,UTC,density_adjusted_power_curve_median_0.5ms,wind_speed_100m,10.04,-0.5,False
2026-02-07T12:00:00Z,2026-02-07T18:00:00Z,turbine-2,0.9153056951748594,Open-Meteo Single Runs API,ecmwf_ifs,2026-02-07T00:00:00Z,12,2026-02-07T12:00:00Z,2026-01-31T23:50:00Z,UTC,density_adjusted_power_curve_median_0.5ms,wind_speed_100m,10.61,-1.0,False
2026-02-07T12:00:00Z,2026-02-07T19:00:00Z,turbine-2,0.9399885768198218,Open-Meteo Single Runs API,ecmwf_ifs,2026-02-07T00:00:00Z,12,2026-02-07T12:00:00Z,2026-01-31T23:50:00Z,UTC,density_adjusted_power_curve_median_0.5ms,wind_speed_100m,10.84,-1.5,False
2026-02-07T12:00:00Z,2026-02-07T20:00:00Z,turbine-2,0.9381785128434256,Open-Meteo Single Runs API,ecmwf_ifs,2026-02-07T00:00:00Z,12,2026-02-07T12:00:00Z,2026-01-31T23:50:00Z,UTC,density_adjusted_power_curve_median_0.5ms,wind_speed_100m,10.82,-1.7,False
2026-02-07T12:00:00Z,2026-02-07T21:00:00Z,turbine-2,0.8375221293643746,Open-Meteo Single Runs API,ecmwf_ifs,2026-02-07T00:00:00Z,12,2026-02-07T12:00:00Z,2026-01-31T23:50:00Z,UTC,density_adjusted_power_curve_median_0.5ms,wind_speed_100m,10.03,-1.8,False
2026-02-07T12:00:00Z,2026-02-07T22:00:00Z,turbine-2,0.6529340712089154,Open-Meteo Single Runs API,ecmwf_ifs,2026-02-07T00:00:00Z,12,2026-02-07T12:00:00Z,2026-01-31T23:50:00Z,UTC,density_adjusted_power_curve_median_0.5ms,wind_speed_100m,8.77,-1.9,False
2026-02-07T12:00:00Z,2026-02-07T23:00:00Z,turbine-2,0.6147025619086586,Open-Meteo Single Runs API,ecmwf_ifs,2026-02-07T00:00:00Z,12,2026-02-07T12:00:00Z,2026-01-31T23:50:00Z,UTC,density_adjusted_power_curve_median_0.5ms,wind_speed_100m,8.53,-1.7,False
2026-02-07T12:00:00Z,2026-02-08T00:00:00Z,turbine-2,0.532319452622832,Open-Meteo Single Runs API,ecmwf_ifs,2026-02-07T00:00:00Z,12,2026-02-07T12:00:00Z,2026-01-31T23:50:00Z,UTC,density_adjusted_power_curve_median_0.5ms,wind_speed_100m,7.97,-1.3,False
2026-02-07T12:00:00Z,2026-02-08T01:00:00Z,turbine-2,0.474843349587059,Open-Meteo Single Runs API,ecmwf_ifs,2026-02-07T00:00:00Z,12,2026-02-07T12:00:00Z,2026-01-31T23:50:00Z,UTC,density_adjusted_power_curve_median_0.5ms,wind_speed_100m,7.62,-1.0,False
2026-02-07T12:00:00Z,2026-02-08T02:00:00Z,turbine-2,0.33012062889916605,Open-Meteo Single Runs API,ecmwf_ifs,2026-02-07T00:00:00Z,12,2026-02-07T12:00:00Z,2026-01-31T23:50:00Z,UTC,density_adjusted_power_curve_median_0.5ms,wind_speed_100m,6.74,-1.1,False
2026-02-07T12:00:00Z,2026-02-08T03:00:00Z,turbine-2,0.13162458042779945,Open-Meteo Single Runs API,ecmwf_ifs,2026-02-07T00:00:00Z,12,2026-02-07T12:00:00Z,2026-01-31T23:50:00Z,UTC,density_adjusted_power_curve_median_0.5ms,wind_speed_100m,5.02,-0.4,False
2026-02-07T12:00:00Z,2026-02-08T04:00:00Z,turbine-2,0.039621714054885376,Open-Meteo Single Runs API,ecmwf_ifs,2026-02-07T00:00:00Z,12,2026-02-07T12:00:00Z,2026-01-31T23:50:00Z,UTC,density_adjusted_power_curve_median_0.5ms,wind_speed_100m,3.43,0.9,False
2026-02-07T12:00:00Z,2026-02-08T05:00:00Z,turbine-2,0.01,Open-Meteo Single Runs API,ecmwf_ifs,2026-02-07T00:00:00Z,12,2026-02-07T12:00:00Z,2026-01-31T23:50:00Z,UTC,density_adjusted_power_curve_median_0.5ms,wind_speed_100m,2.58,1.8,False
2026-02-07T12:00:00Z,2026-02-08T06:00:00Z,turbine-2,0.01,Open-Meteo Single Runs API,ecmwf_ifs,2026-02-07T00:00:00Z,12,2026-02-07T12:00:00Z,2026-01-31T23:50:00Z,UTC,density_adjusted_power_curve_median_0.5ms,wind_speed_100m,1.82,2.6,False
2026-02-07T12:00:00Z,2026-02-08T07:00:00Z,turbine-2,0.01,Open-Meteo Single Runs API,ecmwf_ifs,2026-02-07T00:00:00Z,12,2026-02-07T12:00:00Z,2026-01-31T23:50:00Z,UTC,density_adjusted_power_curve_median_0.5ms,wind_speed_100m,0.85,3.3,False
2026-02-07T12:00:00Z,2026-02-08T08:00:00Z,turbine-2,0.01,Open-Meteo Single Runs API,ecmwf_ifs,2026-02-07T00:00:00Z,12,2026-02-07T12:00:00Z,2026-01-31T23:50:00Z,UTC,density_adjusted_power_curve_median_0.5ms,wind_speed_100m,1.35,3.8,False
2026-02-07T12:00:00Z,2026-02-08T09:00:00Z,turbine-2,0.053994373183974854,Open-Meteo Single Runs API,ecmwf_ifs,2026-02-07T00:00:00Z,12,2026-02-07T12:00:00Z,2026-01-31T23:50:00Z,UTC,density_adjusted_power_curve_median_0.5ms,wind_speed_100m,3.76,3.1,False
2026-02-07T12:00:00Z,2026-02-08T10:00:00Z,turbine-2,0.2732791380542292,Open-Meteo Single Runs API,ecmwf_ifs,2026-02-07T00:00:00Z,12,2026-02-07T12:00:00Z,2026-01-31T23:50:00Z,UTC,density_adjusted_power_curve_median_0.5ms,wind_speed_100m,6.4,3.8,False
2026-02-07T12:00:00Z,2026-02-08T11:00:00Z,turbine-2,0.6484192566736682,Open-Meteo Single Runs API,ecmwf_ifs,2026-02-07T00:00:00Z,12,2026-02-07T12:00:00Z,2026-01-31T23:50:00Z,UTC,density_adjusted_power_curve_median_0.5ms,wind_speed_100m,8.79,2.6,False
2026-02-07T12:00:00Z,2026-02-08T12:00:00Z,turbine-2,0.8768109543432103,Open-Meteo Single Runs API,ecmwf_ifs,2026-02-07T00:00:00Z,12,2026-02-07T12:00:00Z,2026-01-31T23:50:00Z,UTC,density_adjusted_power_curve_median_0.5ms,wind_speed_100m,10.34,0.5,False
2026-02-07T12:00:00Z,2026-02-08T13:00:00Z,turbine-2,0.9291395899320269,Open-Meteo Single Runs API,ecmwf_ifs,2026-02-07T00:00:00Z,12,2026-02-07T12:00:00Z,2026-01-31T23:50:00Z,UTC,density_adjusted_power_curve_median_0.5ms,wind_speed_100m,10.74,-1.2,False
2026-02-07T12:00:00Z,2026-02-08T14:00:00Z,turbine-2,0.9668467620882827,Open-Meteo Single Runs API,ecmwf_ifs,2026-02-07T00:00:00Z,12,2026-02-07T12:00:00Z,2026-01-31T23:50:00Z,UTC,density_adjusted_power_curve_median_0.5ms,wind_speed_100m,11.35,-1.9,False
2026-02-07T12:00:00Z,2026-02-08T15:00:00Z,turbine-2,0.97,Open-Meteo Single Runs API,ecmwf_ifs,2026-02-07T00:00:00Z,12,2026-02-07T12:00:00Z,2026-01-31T23:50:00Z,UTC,density_adjusted_power_curve_median_0.5ms,wind_speed_100m,11.81,-2.0,False
2026-02-07T12:00:00Z,2026-02-08T16:00:00Z,turbine-2,0.97,Open-Meteo Single Runs API,ecmwf_ifs,2026-02-07T00:00:00Z,12,2026-02-07T12:00:00Z,2026-01-31T23:50:00Z,UTC,density_adjusted_power_curve_median_0.5ms,wind_speed_100m,12.19,-1.1,False
2026-02-07T12:00:00Z,2026-02-08T17:00:00Z,turbine-2,0.97,Open-Meteo Single Runs API,ecmwf_ifs,2026-02-07T00:00:00Z,12,2026-02-07T12:00:00Z,2026-01-31T23:50:00Z,UTC,density_adjusted_power_curve_median_0.5ms,wind_speed_100m,12.5,-1.3,False
2026-02-07T12:00:00Z,2026-02-08T18:00:00Z,turbine-2,0.97,Open-Meteo Single Runs API,ecmwf_ifs,2026-02-07T00:00:00Z,12,2026-02-07T12:00:00Z,2026-01-31T23:50:00Z,UTC,density_adjusted_power_curve_median_0.5ms,wind_speed_100m,12.45,-1.6,False
2026-02-07T12:00:00Z,2026-02-08T19:00:00Z,turbine-2,0.97,Open-Meteo Single Runs API,ecmwf_ifs,2026-02-07T00:00:00Z,12,2026-02-07T12:00:00Z,2026-01-31T23:50:00Z,UTC,density_adjusted_power_curve_median_0.5ms,wind_speed_100m,12.36,-1.5,False
2026-02-07T12:00:00Z,2026-02-08T20:00:00Z,turbine-2,0.97,Open-Meteo Single Runs API,ecmwf_ifs,2026-02-07T00:00:00Z,12,2026-02-07T12:00:00Z,2026-01-31T23:50:00Z,UTC,density_adjusted_power_curve_median_0.5ms,wind_speed_100m,12.51,-1.6,False
2026-02-07T12:00:00Z,2026-02-08T21:00:00Z,turbine-2,0.97,Open-Meteo Single Runs API,ecmwf_ifs,2026-02-07T00:00:00Z,12,2026-02-07T12:00:00Z,2026-01-31T23:50:00Z,UTC,density_adjusted_power_curve_median_0.5ms,wind_speed_100m,12.1,-1.6,False
2026-02-07T12:00:00Z,2026-02-08T22:00:00Z,turbine-2,0.97,Open-Meteo Single Runs API,ecmwf_ifs,2026-02-07T00:00:00Z,12,2026-02-07T12:00:00Z,2026-01-31T23:50:00Z,UTC,density_adjusted_power_curve_median_0.5ms,wind_speed_100m,11.96,-1.6,False
2026-02-07T12:00:00Z,2026-02-08T23:00:00Z,turbine-2,0.97,Open-Meteo Single Runs API,ecmwf_ifs,2026-02-07T00:00:00Z,12,2026-02-07T12:00:00Z,2026-01-31T23:50:00Z,UTC,density_adjusted_power_curve_median_0.5ms,wind_speed_100m,11.84,-1.6,False
2026-02-07T12:00:00Z,2026-02-09T00:00:00Z,turbine-2,0.9624915391002395,Open-Meteo Single Runs API,ecmwf_ifs,2026-02-07T00:00:00Z,12,2026-02-07T12:00:00Z,2026-01-31T23:50:00Z,UTC,density_adjusted_power_curve_median_0.5ms,wind_speed_100m,11.14,-2.2,False
2026-02-07T12:00:00Z,2026-02-09T01:00:00Z,turbine-2,0.9351105174695132,Open-Meteo Single Runs API,ecmwf_ifs,2026-02-07T00:00:00Z,12,2026-02-07T12:00:00Z,2026-01-31T23:50:00Z,UTC,density_adjusted_power_curve_median_0.5ms,wind_speed_100m,10.78,-2.5,False
2026-02-07T12:00:00Z,2026-02-09T02:00:00Z,turbine-2,0.8807375058407012,Open-Meteo Single Runs API,ecmwf_ifs,2026-02-07T00:00:00Z,12,2026-02-07T12:00:00Z,2026-01-31T23:50:00Z,UTC,density_adjusted_power_curve_median_0.5ms,wind_speed_100m,10.32,-3.3,False
2026-02-07T12:00:00Z,2026-02-09T03:00:00Z,turbine-2,0.8358801963765888,Open-Meteo Single Runs API,ecmwf_ifs,2026-02-07T00:00:00Z,12,2026-02-07T12:00:00Z,2026-01-31T23:50:00Z,UTC,density_adjusted_power_curve_median_0.5ms,wind_speed_100m,10.01,-2.5,False
2026-02-07T12:00:00Z,2026-02-09T04:00:00Z,turbine-2,0.84199897606015,Open-Meteo Single Runs API,ecmwf_ifs,2026-02-07T00:00:00Z,12,2026-02-07T12:00:00Z,2026-01-31T23:50:00Z,UTC,density_adjusted_power_curve_median_0.5ms,wind_speed_100m,10.08,-0.3,False
2026-02-07T12:00:00Z,2026-02-09T05:00:00Z,turbine-2,0.6986983708563144,Open-Meteo Single Runs API,ecmwf_ifs,2026-02-07T00:00:00Z,12,2026-02-07T12:00:00Z,2026-01-31T23:50:00Z,UTC,density_adjusted_power_curve_median_0.5ms,wind_speed_100m,9.1,2.2,False
2026-02-07T12:00:00Z,2026-02-09T06:00:00Z,turbine-2,0.7430550183261297,Open-Meteo Single Runs API,ecmwf_ifs,2026-02-07T00:00:00Z,12,2026-02-07T12:00:00Z,2026-01-31T23:50:00Z,UTC,density_adjusted_power_curve_median_0.5ms,wind_speed_100m,9.44,4.3,False
2026-02-07T12:00:00Z,2026-02-09T07:00:00Z,turbine-2,0.7338880288753981,Open-Meteo Single Runs API,ecmwf_ifs,2026-02-07T00:00:00Z,12,2026-02-07T12:00:00Z,2026-01-31T23:50:00Z,UTC,density_adjusted_power_curve_median_0.5ms,wind_speed_100m,9.39,5.7,False
2026-02-07T12:00:00Z,2026-02-09T08:00:00Z,turbine-2,0.6116125449960801,Open-Meteo Single Runs API,ecmwf_ifs,2026-02-07T00:00:00Z,12,2026-02-07T12:00:00Z,2026-01-31T23:50:00Z,UTC,density_adjusted_power_curve_median_0.5ms,wind_speed_100m,8.59,6.2,False
2026-02-07T12:00:00Z,2026-02-09T09:00:00Z,turbine-2,0.6145341565208845,Open-Meteo Single Runs API,ecmwf_ifs,2026-02-07T00:00:00Z,12,2026-02-07T12:00:00Z,2026-01-31T23:50:00Z,UTC,density_adjusted_power_curve_median_0.5ms,wind_speed_100m,8.62,7.1,False
2026-02-07T12:00:00Z,2026-02-09T10:00:00Z,turbine-2,0.5451740991824291,Open-Meteo Single Runs API,ecmwf_ifs,2026-02-07T00:00:00Z,12,2026-02-07T12:00:00Z,2026-01-31T23:50:00Z,UTC,density_adjusted_power_curve_median_0.5ms,wind_speed_100m,8.13,7.0,False
2026-02-07T12:00:00Z,2026-02-09T11:00:00Z,turbine-2,0.6447840314109314,Open-Meteo Single Runs API,ecmwf_ifs,2026-02-07T00:00:00Z,12,2026-02-07T12:00:00Z,2026-01-31T23:50:00Z,UTC,density_adjusted_power_curve_median_0.5ms,wind_speed_100m,8.8,5.7,False
2026-02-07T12:00:00Z,2026-02-09T12:00:00Z,turbine-2,0.6466503822334542,Open-Meteo Single Runs API,ecmwf_ifs,2026-02-07T00:00:00Z,12,2026-02-07T12:00:00Z,2026-01-31T23:50:00Z,UTC,density_adjusted_power_curve_median_0.5ms,wind_speed_100m,8.78,2.7,False
2026-02-08T12:00:00Z,2026-02-08T13:00:00Z,turbine-1,0.9737503749596994,Open-Meteo Single Runs API,ecmwf_ifs,2026-02-08T00:00:00Z,12,2026-02-08T12:00:00Z,2026-01-31T23:50:00Z,UTC,density_adjusted_power_curve_median_0.5ms,wind_speed_100m,11.13,-0.8,False
2026-02-08T12:00:00Z,2026-02-08T14:00:00Z,turbine-1,0.99,Open-Meteo Single Runs API,ecmwf_ifs,2026-02-08T00:00:00Z,12,2026-02-08T12:00:00Z,2026-01-31T23:50:00Z,UTC,density_adjusted_power_curve_median_0.5ms,wind_speed_100m,11.73,-1.5,False
2026-02-08T12:00:00Z,2026-02-08T15:00:00Z,turbine-1,0.99,Open-Meteo Single Runs API,ecmwf_ifs,2026-02-08T00:00:00Z,12,2026-02-08T12:00:00Z,2026-01-31T23:50:00Z,UTC,density_adjusted_power_curve_median_0.5ms,wind_speed_100m,12.0,-1.1,False
2026-02-08T12:00:00Z,2026-02-08T16:00:00Z,turbine-1,0.99,Open-Meteo Single Runs API,ecmwf_ifs,2026-02-08T00:00:00Z,12,2026-02-08T12:00:00Z,2026-01-31T23:50:00Z,UTC,density_adjusted_power_curve_median_0.5ms,wind_speed_100m,12.11,-1.2,False
2026-02-08T12:00:00Z,2026-02-08T17:00:00Z,turbine-1,0.99,Open-Meteo Single Runs API,ecmwf_ifs,2026-02-08T00:00:00Z,12,2026-02-08T12:00:00Z,2026-01-31T23:50:00Z,UTC,density_adjusted_power_curve_median_0.5ms,wind_speed_100m,12.36,-1.2,False
2026-02-08T12:00:00Z,2026-02-08T18:00:00Z,turbine-1,0.99,Open-Meteo Single Runs API,ecmwf_ifs,2026-02-08T00:00:00Z,12,2026-02-08T12:00:00Z,2026-01-31T23:50:00Z,UTC,density_adjusted_power_curve_median_0.5ms,wind_speed_100m,12.33,-1.2,False
2026-02-08T12:00:00Z,2026-02-08T19:00:00Z,turbine-1,0.99,Open-Meteo Single Runs API,ecmwf_ifs,2026-02-08T00:00:00Z,12,2026-02-08T12:00:00Z,2026-01-31T23:50:00Z,UTC,density_adjusted_power_curve_median_0.5ms,wind_speed_100m,11.86,-1.5,False
2026-02-08T12:00:00Z,2026-02-08T20:00:00Z,turbine-1,0.99,Open-Meteo Single Runs API,ecmwf_ifs,2026-02-08T00:00:00Z,12,2026-02-08T12:00:00Z,2026-01-31T23:50:00Z,UTC,density_adjusted_power_curve_median_0.5ms,wind_speed_100m,12.27,-1.4,False
2026-02-08T12:00:00Z,2026-02-08T21:00:00Z,turbine-1,0.99,Open-Meteo Single Runs API,ecmwf_ifs,2026-02-08T00:00:00Z,12,2026-02-08T12:00:00Z,2026-01-31T23:50:00Z,UTC,density_adjusted_power_curve_median_0.5ms,wind_speed_100m,11.86,-1.4,False
2026-02-08T12:00:00Z,2026-02-08T22:00:00Z,turbine-1,0.99,Open-Meteo Single Runs API,ecmwf_ifs,2026-02-08T00:00:00Z,12,2026-02-08T12:00:00Z,2026-01-31T23:50:00Z,UTC,density_adjusted_power_curve_median_0.5ms,wind_speed_100m,12.19,-1.5,False
2026-02-08T12:00:00Z,2026-02-08T23:00:00Z,turbine-1,0.99,Open-Meteo Single Runs API,ecmwf_ifs,2026-02-08T00:00:00Z,12,2026-02-08T12:00:00Z,2026-01-31T23:50:00Z,UTC,density_adjusted_power_curve_median_0.5ms,wind_speed_100m,11.75,-2.0,False
2026-02-08T12:00:00Z,2026-02-09T00:00:00Z,turbine-1,0.9371785798957901,Open-Meteo Single Runs API,ecmwf_ifs,2026-02-08T00:00:00Z,12,2026-02-08T12:00:00Z,2026-01-31T23:50:00Z,UTC,density_adjusted_power_curve_median_0.5ms,wind_speed_100m,10.62,-2.5,False
2026-02-08T12:00:00Z,2026-02-09T01:00:00Z,turbine-1,0.845450477282677,Open-Meteo Single Runs API,ecmwf_ifs,2026-02-08T00:00:00Z,12,2026-02-08T12:00:00Z,2026-01-31T23:50:00Z,UTC,density_adjusted_power_curve_median_0.5ms,wind_speed_100m,9.93,-3.2,False
2026-02-08T12:00:00Z,2026-02-09T02:00:00Z,turbine-1,0.8361569627984117,Open-Meteo Single Runs API,ecmwf_ifs,2026-02-08T00:00:00Z,12,2026-02-08T12:00:00Z,2026-01-31T23:50:00Z,UTC,density_adjusted_power_curve_median_0.5ms,wind_speed_100m,9.86,-3.6,False
2026-02-08T12:00:00Z,2026-02-09T03:00:00Z,turbine-1,0.8017923605174511,Open-Meteo Single Runs API,ecmwf_ifs,2026-02-08T00:00:00Z,12,2026-02-08T12:00:00Z,2026-01-31T23:50:00Z,UTC,density_adjusted_power_curve_median_0.5ms,wind_speed_100m,9.63,-2.7,False
2026-02-08T12:00:00Z,2026-02-09T04:00:00Z,turbine-1,0.7421803186991193,Open-Meteo Single Runs API,ecmwf_ifs,2026-02-08T00:00:00Z,12,2026-02-08T12:00:00Z,2026-01-31T23:50:00Z,UTC,density_adjusted_power_curve_median_0.5ms,wind_speed_100m,9.28,-0.1,False
2026-02-08T12:00:00Z,2026-02-09T05:00:00Z,turbine-1,0.783159009718168,Open-Meteo Single Runs API,ecmwf_ifs,2026-02-08T00:00:00Z,12,2026-02-08T12:00:00Z,2026-01-31T23:50:00Z,UTC,density_adjusted_power_curve_median_0.5ms,wind_speed_100m,9.57,2.9,False
2026-02-08T12:00:00Z,2026-02-09T06:00:00Z,turbine-1,0.7968853459418523,Open-Meteo Single Runs API,ecmwf_ifs,2026-02-08T00:00:00Z,12,2026-02-08T12:00:00Z,2026-01-31T23:50:00Z,UTC,density_adjusted_power_curve_median_0.5ms,wind_speed_100m,9.68,4.5,False
2026-02-08T12:00:00Z,2026-02-09T07:00:00Z,turbine-1,0.821408423885119,Open-Meteo Single Runs API,ecmwf_ifs,2026-02-08T00:00:00Z,12,2026-02-08T12:00:00Z,2026-01-31T23:50:00Z,UTC,density_adjusted_power_curve_median_0.5ms,wind_speed_100m,9.87,5.9,False
2026-02-08T12:00:00Z,2026-02-09T08:00:00Z,turbine-1,0.7241678733937406,Open-Meteo Single Runs API,ecmwf_ifs,2026-02-08T00:00:00Z,12,2026-02-08T12:00:00Z,2026-01-31T23:50:00Z,UTC,density_adjusted_power_curve_median_0.5ms,wind_speed_100m,9.24,6.4,False
2026-02-08T12:00:00Z,2026-02-09T09:00:00Z,turbine-1,0.8841703987577042,Open-Meteo Single Runs API,ecmwf_ifs,2026-02-08T00:00:00Z,12,2026-02-08T12:00:00Z,2026-01-31T23:50:00Z,UTC,density_adjusted_power_curve_median_0.5ms,wind_speed_100m,10.33,7.1,False
2026-02-08T12:00:00Z,2026-02-09T10:00:00Z,turbine-1,0.7738800801556319,Open-Meteo Single Runs API,ecmwf_ifs,2026-02-08T00:00:00Z,12,2026-02-08T12:00:00Z,2026-01-31T23:50:00Z,UTC,density_adjusted_power_curve_median_0.5ms,wind_speed_100m,9.56,7.1,False
2026-02-08T12:00:00Z,2026-02-09T11:00:00Z,turbine-1,0.7379770362667859,Open-Meteo Single Runs API,ecmwf_ifs,2026-02-08T00:00:00Z,12,2026-02-08T12:00:00Z,2026-01-31T23:50:00Z,UTC,density_adjusted_power_curve_median_0.5ms,wind_speed_100m,9.32,5.8,False
2026-02-08T12:00:00Z,2026-02-09T12:00:00Z,turbine-1,0.6510582147882424,Open-Meteo Single Runs API,ecmwf_ifs,2026-02-08T00:00:00Z,12,2026-02-08T12:00:00Z,2026-01-31T23:50:00Z,UTC,density_adjusted_power_curve_median_0.5ms,wind_speed_100m,8.7,3.0,False
2026-02-08T12:00:00Z,2026-02-09T13:00:00Z,turbine-1,0.37384492764121696,Open-Meteo Single Runs API,ecmwf_ifs,2026-02-08T00:00:00Z,12,2026-02-08T12:00:00Z,2026-01-31T23:50:00Z,UTC,density_adjusted_power_curve_median_0.5ms,wind_speed_100m,6.96,0.5,False
2026-02-08T12:00:00Z,2026-02-09T14:00:00Z,turbine-1,0.21471325098368835,Open-Meteo Single Runs API,ecmwf_ifs,2026-02-08T00:00:00Z,12,2026-02-08T12:00:00Z,2026-01-31T23:50:00Z,UTC,density_adjusted_power_curve_median_0.5ms,wind_speed_100m,5.79,-0.7,False
2026-02-08T12:00:00Z,2026-02-09T15:00:00Z,turbine-1,0.02629561143075483,Open-Meteo Single Runs API,ecmwf_ifs,2026-02-08T00:00:00Z,12,2026-02-08T12:00:00Z,2026-01-31T23:50:00Z,UTC,density_adjusted_power_curve_median_0.5ms,wind_speed_100m,3.1,-0.3,False
2026-02-08T12:00:00Z,2026-02-09T16:00:00Z,turbine-1,0.01,Open-Meteo Single Runs API,ecmwf_ifs,2026-02-08T00:00:00Z,12,2026-02-08T12:00:00Z,2026-01-31T23:50:00Z,UTC,density_adjusted_power_curve_median_0.5ms,wind_speed_100m,0.96,-0.5,False
2026-02-08T12:00:00Z,2026-02-09T17:00:00Z,turbine-1,0.01,Open-Meteo Single Runs API,ecmwf_ifs,2026-02-08T00:00:00Z,12,2026-02-08T12:00:00Z,2026-01-31T23:50:00Z,UTC,density_adjusted_power_curve_median_0.5ms,wind_speed_100m,2.06,-0.2,False
2026-02-08T12:00:00Z,2026-02-09T18:00:00Z,turbine-1,0.050850435117781936,Open-Meteo Single Runs API,ecmwf_ifs,2026-02-08T00:00:00Z,12,2026-02-08T12:00:00Z,2026-01-31T23:50:00Z,UTC,density_adjusted_power_curve_median_0.5ms,wind_speed_100m,3.54,0.7,False
2026-02-08T12:00:00Z,2026-02-09T19:00:00Z,turbine-1,0.12708028175180294,Open-Meteo Single Runs API,ecmwf_ifs,2026-02-08T00:00:00Z,12,2026-02-08T12:00:00Z,2026-01-31T23:50:00Z,UTC,density_adjusted_power_curve_median_0.5ms,wind_speed_100m,4.89,1.3,False
2026-02-08T12:00:00Z,2026-02-09T20:00:00Z,turbine-1,0.09146796508296548,Open-Meteo Single Runs API,ecmwf_ifs,2026-02-08T00:00:00Z,12,2026-02-08T12:00:00Z,2026-01-31T23:50:00Z,UTC,density_adjusted_power_curve_median_0.5ms,wind_speed_100m,4.37,0.4,False
2026-02-08T12:00:00Z,2026-02-09T21:00:00Z,turbine-1,0.10472672449166637,Open-Meteo Single Runs API,ecmwf_ifs,2026-02-08T00:00:00Z,12,2026-02-08T12:00:00Z,2026-01-31T23:50:00Z,UTC,density_adjusted_power_curve_median_0.5ms,wind_speed_100m,4.59,0.4,False
2026-02-08T12:00:00Z,2026-02-09T22:00:00Z,turbine-1,0.1557523990090068,Open-Meteo Single Runs API,ecmwf_ifs,2026-02-08T00:00:00Z,12,2026-02-08T12:00:00Z,2026-01-31T23:50:00Z,UTC,density_adjusted_power_curve_median_0.5ms,wind_speed_100m,5.22,0.5,False
2026-02-08T12:00:00Z,2026-02-09T23:00:00Z,turbine-1,0.11849965106318958,Open-Meteo Single Runs API,ecmwf_ifs,2026-02-08T00:00:00Z,12,2026-02-08T12:00:00Z,2026-01-31T23:50:00Z,UTC,density_adjusted_power_curve_median_0.5ms,wind_speed_100m,4.78,0.3,False
2026-02-08T12:00:00Z,2026-02-10T00:00:00Z,turbine-1,0.1070354768266241,Open-Meteo Single Runs API,ecmwf_ifs,2026-02-08T00:00:00Z,12,2026-02-08T12:00:00Z,2026-01-31T23:50:00Z,UTC,density_adjusted_power_curve_median_0.5ms,wind_speed_100m,4.63,0.7,False
2026-02-08T12:00:00Z,2026-02-10T01:00:00Z,turbine-1,0.21399381591383052,Open-Meteo Single Runs API,ecmwf_ifs,2026-02-08T00:00:00Z,12,2026-02-08T12:00:00Z,2026-01-31T23:50:00Z,UTC,density_adjusted_power_curve_median_0.5ms,wind_speed_100m,5.8,1.7,False
2026-02-08T12:00:00Z,2026-02-10T02:00:00Z,turbine-1,0.042834210098899955,Open-Meteo Single Runs API,ecmwf_ifs,2026-02-08T00:00:00Z,12,2026-02-08T12:00:00Z,2026-01-31T23:50:00Z,UTC,density_adjusted_power_curve_median_0.5ms,wind_speed_100m,3.41,1.2,False
2026-02-08T12:00:00Z,2026-02-10T03:00:00Z,turbine-1,0.18379354557988198,Open-Meteo Single Runs API,ecmwf_ifs,2026-02-08T00:00:00Z,12,2026-02-08T12:00:00Z,2026-01-31T23:50:00Z,UTC,density_adjusted_power_curve_median_0.5ms,wind_speed_100m,5.51,2.5,False
2026-02-08T12:00:00Z,2026-02-10T04:00:00Z,turbine-1,0.02756571097679407,Open-Meteo Single Runs API,ecmwf_ifs,2026-02-08T00:00:00Z,12,2026-02-08T12:00:00Z,2026-01-31T23:50:00Z,UTC,density_adjusted_power_curve_median_0.5ms,wind_speed_100m,3.15,4.5,False
2026-02-08T12:00:00Z,2026-02-10T05:00:00Z,turbine-1,0.1386803525486306,Open-Meteo Single Runs API,ecmwf_ifs,2026-02-08T00:00:00Z,12,2026-02-08T12:00:00Z,2026-01-31T23:50:00Z,UTC,density_adjusted_power_curve_median_0.5ms,wind_speed_100m,5.06,6.1,False
2026-02-08T12:00:00Z,2026-02-10T06:00:00Z,turbine-1,0.2582849813884173,Open-Meteo Single Runs API,ecmwf_ifs,2026-02-08T00:00:00Z,12,2026-02-08T12:00:00Z,2026-01-31T23:50:00Z,UTC,density_adjusted_power_curve_median_0.5ms,wind_speed_100m,6.25,7.6,False
2026-02-08T12:00:00Z,2026-02-10T07:00:00Z,turbine-1,0.24219561323362016,Open-Meteo Single Runs API,ecmwf_ifs,2026-02-08T00:00:00Z,12,2026-02-08T12:00:00Z,2026-01-31T23:50:00Z,UTC,density_adjusted_power_curve_median_0.5ms,wind_speed_100m,6.12,8.2,False
2026-02-08T12:00:00Z,2026-02-10T08:00:00Z,turbine-1,0.5444537867568181,Open-Meteo Single Runs API,ecmwf_ifs,2026-02-08T00:00:00Z,12,2026-02-08T12:00:00Z,2026-01-31T23:50:00Z,UTC,density_adjusted_power_curve_median_0.5ms,wind_speed_100m,8.09,9.7,False
2026-02-08T12:00:00Z,2026-02-10T09:00:00Z,turbine-1,0.48208384727353626,Open-Meteo Single Runs API,ecmwf_ifs,2026-02-08T00:00:00Z,12,2026-02-08T12:00:00Z,2026-01-31T23:50:00Z,UTC,density_adjusted_power_curve_median_0.5ms,wind_speed_100m,7.71,10.8,False
2026-02-08T12:00:00Z,2026-02-10T10:00:00Z,turbine-1,0.36080481635784656,Open-Meteo Single Runs API,ecmwf_ifs,2026-02-08T00:00:00Z,12,2026-02-08T12:00:00Z,2026-01-31T23:50:00Z,UTC,density_adjusted_power_curve_median_0.5ms,wind_speed_100m,6.96,10.2,False
2026-02-08T12:00:00Z,2026-02-10T11:00:00Z,turbine-1,0.36170388293392836,Open-Meteo Single Runs API,ecmwf_ifs,2026-02-08T00:00:00Z,12,2026-02-08T12:00:00Z,2026-01-31T23:50:00Z,UTC,density_adjusted_power_curve_median_0.5ms,wind_speed_100m,6.95,8.3,False
2026-02-08T12:00:00Z,2026-02-10T12:00:00Z,turbine-1,0.21889874543741336,Open-Meteo Single Runs API,ecmwf_ifs,2026-02-08T00:00:00Z,12,2026-02-08T12:00:00Z,2026-01-31T23:50:00Z,UTC,density_adjusted_power_curve_median_0.5ms,wind_speed_100m,5.87,4.9,False
2026-02-08T12:00:00Z,2026-02-08T13:00:00Z,turbine-2,0.9618756745413349,Open-Meteo Single Runs API,ecmwf_ifs,2026-02-08T00:00:00Z,12,2026-02-08T12:00:00Z,2026-01-31T23:50:00Z,UTC,density_adjusted_power_curve_median_0.5ms,wind_speed_100m,11.13,-0.8,False
2026-02-08T12:00:00Z,2026-02-08T14:00:00Z,turbine-2,0.97,Open-Meteo Single Runs API,ecmwf_ifs,2026-02-08T00:00:00Z,12,2026-02-08T12:00:00Z,2026-01-31T23:50:00Z,UTC,density_adjusted_power_curve_median_0.5ms,wind_speed_100m,11.73,-1.5,False
2026-02-08T12:00:00Z,2026-02-08T15:00:00Z,turbine-2,0.97,Open-Meteo Single Runs API,ecmwf_ifs,2026-02-08T00:00:00Z,12,2026-02-08T12:00:00Z,2026-01-31T23:50:00Z,UTC,density_adjusted_power_curve_median_0.5ms,wind_speed_100m,12.0,-1.1,False
2026-02-08T12:00:00Z,2026-02-08T16:00:00Z,turbine-2,0.97,Open-Meteo Single Runs API,ecmwf_ifs,2026-02-08T00:00:00Z,12,2026-02-08T12:00:00Z,2026-01-31T23:50:00Z,UTC,density_adjusted_power_curve_median_0.5ms,wind_speed_100m,12.11,-1.2,False
2026-02-08T12:00:00Z,2026-02-08T17:00:00Z,turbine-2,0.97,Open-Meteo Single Runs API,ecmwf_ifs,2026-02-08T00:00:00Z,12,2026-02-08T12:00:00Z,2026-01-31T23:50:00Z,UTC,density_adjusted_power_curve_median_0.5ms,wind_speed_100m,12.36,-1.2,False
2026-02-08T12:00:00Z,2026-02-08T18:00:00Z,turbine-2,0.97,Open-Meteo Single Runs API,ecmwf_ifs,2026-02-08T00:00:00Z,12,2026-02-08T12:00:00Z,2026-01-31T23:50:00Z,UTC,density_adjusted_power_curve_median_0.5ms,wind_speed_100m,12.33,-1.2,False
2026-02-08T12:00:00Z,2026-02-08T19:00:00Z,turbine-2,0.97,Open-Meteo Single Runs API,ecmwf_ifs,2026-02-08T00:00:00Z,12,2026-02-08T12:00:00Z,2026-01-31T23:50:00Z,UTC,density_adjusted_power_curve_median_0.5ms,wind_speed_100m,11.86,-1.5,False
2026-02-08T12:00:00Z,2026-02-08T20:00:00Z,turbine-2,0.97,Open-Meteo Single Runs API,ecmwf_ifs,2026-02-08T00:00:00Z,12,2026-02-08T12:00:00Z,2026-01-31T23:50:00Z,UTC,density_adjusted_power_curve_median_0.5ms,wind_speed_100m,12.27,-1.4,False
2026-02-08T12:00:00Z,2026-02-08T21:00:00Z,turbine-2,0.97,Open-Meteo Single Runs API,ecmwf_ifs,2026-02-08T00:00:00Z,12,2026-02-08T12:00:00Z,2026-01-31T23:50:00Z,UTC,density_adjusted_power_curve_median_0.5ms,wind_speed_100m,11.86,-1.4,False
2026-02-08T12:00:00Z,2026-02-08T22:00:00Z,turbine-2,0.97,Open-Meteo Single Runs API,ecmwf_ifs,2026-02-08T00:00:00Z,12,2026-02-08T12:00:00Z,2026-01-31T23:50:00Z,UTC,density_adjusted_power_curve_median_0.5ms,wind_speed_100m,12.19,-1.5,False
2026-02-08T12:00:00Z,2026-02-08T23:00:00Z,turbine-2,0.97,Open-Meteo Single Runs API,ecmwf_ifs,2026-02-08T00:00:00Z,12,2026-02-08T12:00:00Z,2026-01-31T23:50:00Z,UTC,density_adjusted_power_curve_median_0.5ms,wind_speed_100m,11.75,-2.0,False
2026-02-08T12:00:00Z,2026-02-09T00:00:00Z,turbine-2,0.9183913131167015,Open-Meteo Single Runs API,ecmwf_ifs,2026-02-08T00:00:00Z,12,2026-02-08T12:00:00Z,2026-01-31T23:50:00Z,UTC,density_adjusted_power_curve_median_0.5ms,wind_speed_100m,10.62,-2.5,False
2026-02-08T12:00:00Z,2026-02-09T01:00:00Z,turbine-2,0.8255638624264966,Open-Meteo Single Runs API,ecmwf_ifs,2026-02-08T00:00:00Z,12,2026-02-08T12:00:00Z,2026-01-31T23:50:00Z,UTC,density_adjusted_power_curve_median_0.5ms,wind_speed_100m,9.93,-3.2,False
2026-02-08T12:00:00Z,2026-02-09T02:00:00Z,turbine-2,0.816149242699542,Open-Meteo Single Runs API,ecmwf_ifs,2026-02-08T00:00:00Z,12,2026-02-08T12:00:00Z,2026-01-31T23:50:00Z,UTC,density_adjusted_power_curve_median_0.5ms,wind_speed_100m,9.86,-3.6,False
2026-02-08T12:00:00Z,2026-02-09T03:00:00Z,turbine-2,0.7813368299044642,Open-Meteo Single Runs API,ecmwf_ifs,2026-02-08T00:00:00Z,12,2026-02-08T12:00:00Z,2026-01-31T23:50:00Z,UTC,density_adjusted_power_curve_median_0.5ms,wind_speed_100m,9.63,-2.7,False
2026-02-08T12:00:00Z,2026-02-09T04:00:00Z,turbine-2,0.7276581227095484,Open-Meteo Single Runs API,ecmwf_ifs,2026-02-08T00:00:00Z,12,2026-02-08T12:00:00Z,2026-01-31T23:50:00Z,UTC,density_adjusted_power_curve_median_0.5ms,wind_speed_100m,9.28,-0.1,False
2026-02-08T12:00:00Z,2026-02-09T05:00:00Z,turbine-2,0.7634344773426155,Open-Meteo Single Runs API,ecmwf_ifs,2026-02-08T00:00:00Z,12,2026-02-08T12:00:00Z,2026-01-31T23:50:00Z,UTC,density_adjusted_power_curve_median_0.5ms,wind_speed_100m,9.57,2.9,False
2026-02-08T12:00:00Z,2026-02-09T06:00:00Z,turbine-2,0.7763658712534499,Open-Meteo Single Runs API,ecmwf_ifs,2026-02-08T00:00:00Z,12,2026-02-08T12:00:00Z,2026-01-31T23:50:00Z,UTC,density_adjusted_power_curve_median_0.5ms,wind_speed_100m,9.68,4.5,False
2026-02-08T12:00:00Z,2026-02-09T07:00:00Z,turbine-2,0.8012085132659216,Open-Meteo Single Runs API,ecmwf_ifs,2026-02-08T00:00:00Z,12,2026-02-08T12:00:00Z,2026-01-31T23:50:00Z,UTC,density_adjusted_power_curve_median_0.5ms,wind_speed_100m,9.87,5.9,False
2026-02-08T12:00:00Z,2026-02-09T08:00:00Z,turbine-2,0.7119323975819597,Open-Meteo Single Runs API,ecmwf_ifs,2026-02-08T00:00:00Z,12,2026-02-08T12:00:00Z,2026-01-31T23:50:00Z,UTC,density_adjusted_power_curve_median_0.5ms,wind_speed_100m,9.24,6.4,False
2026-02-08T12:00:00Z,2026-02-09T09:00:00Z,turbine-2,0.8640448493334432,Open-Meteo Single Runs API,ecmwf_ifs,2026-02-08T00:00:00Z,12,2026-02-08T12:00:00Z,2026-01-31T23:50:00Z,UTC,density_adjusted_power_curve_median_0.5ms,wind_speed_100m,10.33,7.1,False
2026-02-08T12:00:00Z,2026-02-09T10:00:00Z,turbine-2,0.7553335286205045,Open-Meteo Single Runs API,ecmwf_ifs,2026-02-08T00:00:00Z,12,2026-02-08T12:00:00Z,2026-01-31T23:50:00Z,UTC,density_adjusted_power_curve_median_0.5ms,wind_speed_100m,9.56,7.1,False
2026-02-08T12:00:00Z,2026-02-09T11:00:00Z,turbine-2,0.7239884563736424,Open-Meteo Single Runs API,ecmwf_ifs,2026-02-08T00:00:00Z,12,2026-02-08T12:00:00Z,2026-01-31T23:50:00Z,UTC,density_adjusted_power_curve_median_0.5ms,wind_speed_100m,9.32,5.8,False
2026-02-08T12:00:00Z,2026-02-09T12:00:00Z,turbine-2,0.6333544997755828,Open-Meteo Single Runs API,ecmwf_ifs,2026-02-08T00:00:00Z,12,2026-02-08T12:00:00Z,2026-01-31T23:50:00Z,UTC,density_adjusted_power_curve_median_0.5ms,wind_speed_100m,8.7,3.0,False
2026-02-08T12:00:00Z,2026-02-09T13:00:00Z,turbine-2,0.36401987515644313,Open-Meteo Single Runs API,ecmwf_ifs,2026-02-08T00:00:00Z,12,2026-02-08T12:00:00Z,2026-01-31T23:50:00Z,UTC,density_adjusted_power_curve_median_0.5ms,wind_speed_100m,6.96,0.5,False
2026-02-08T12:00:00Z,2026-02-09T14:00:00Z,turbine-2,0.2045132495928006,Open-Meteo Single Runs API,ecmwf_ifs,2026-02-08T00:00:00Z,12,2026-02-08T12:00:00Z,2026-01-31T23:50:00Z,UTC,density_adjusted_power_curve_median_0.5ms,wind_speed_100m,5.79,-0.7,False
2026-02-08T12:00:00Z,2026-02-09T15:00:00Z,turbine-2,0.02633177192584961,Open-Meteo Single Runs API,ecmwf_ifs,2026-02-08T00:00:00Z,12,2026-02-08T12:00:00Z,2026-01-31T23:50:00Z,UTC,density_adjusted_power_curve_median_0.5ms,wind_speed_100m,3.1,-0.3,False
2026-02-08T12:00:00Z,2026-02-09T16:00:00Z,turbine-2,0.01,Open-Meteo Single Runs API,ecmwf_ifs,2026-02-08T00:00:00Z,12,2026-02-08T12:00:00Z,2026-01-31T23:50:00Z,UTC,density_adjusted_power_curve_median_0.5ms,wind_speed_100m,0.96,-0.5,False
2026-02-08T12:00:00Z,2026-02-09T17:00:00Z,turbine-2,0.01,Open-Meteo Single Runs API,ecmwf_ifs,2026-02-08T00:00:00Z,12,2026-02-08T12:00:00Z,2026-01-31T23:50:00Z,UTC,density_adjusted_power_curve_median_0.5ms,wind_speed_100m,2.06,-0.2,False
2026-02-08T12:00:00Z,2026-02-09T18:00:00Z,turbine-2,0.04416578623887025,Open-Meteo Single Runs API,ecmwf_ifs,2026-02-08T00:00:00Z,12,2026-02-08T12:00:00Z,2026-01-31T23:50:00Z,UTC,density_adjusted_power_curve_median_0.5ms,wind_speed_100m,3.54,0.7,False
2026-02-08T12:00:00Z,2026-02-09T19:00:00Z,turbine-2,0.12298525523837157,Open-Meteo Single Runs API,ecmwf_ifs,2026-02-08T00:00:00Z,12,2026-02-08T12:00:00Z,2026-01-31T23:50:00Z,UTC,density_adjusted_power_curve_median_0.5ms,wind_speed_100m,4.89,1.3,False
2026-02-08T12:00:00Z,2026-02-09T20:00:00Z,turbine-2,0.09145549957605326,Open-Meteo Single Runs API,ecmwf_ifs,2026-02-08T00:00:00Z,12,2026-02-08T12:00:00Z,2026-01-31T23:50:00Z,UTC,density_adjusted_power_curve_median_0.5ms,wind_speed_100m,4.37,0.4,False
2026-02-08T12:00:00Z,2026-02-09T21:00:00Z,turbine-2,0.10488288580333371,Open-Meteo Single Runs API,ecmwf_ifs,2026-02-08T00:00:00Z,12,2026-02-08T12:00:00Z,2026-01-31T23:50:00Z,UTC,density_adjusted_power_curve_median_0.5ms,wind_speed_100m,4.59,0.4,False
2026-02-08T12:00:00Z,2026-02-09T22:00:00Z,turbine-2,0.14589354391881182,Open-Meteo Single Runs API,ecmwf_ifs,2026-02-08T00:00:00Z,12,2026-02-08T12:00:00Z,2026-01-31T23:50:00Z,UTC,density_adjusted_power_curve_median_0.5ms,wind_speed_100m,5.22,0.5,False
2026-02-08T12:00:00Z,2026-02-09T23:00:00Z,turbine-2,0.11657502455058948,Open-Meteo Single Runs API,ecmwf_ifs,2026-02-08T00:00:00Z,12,2026-02-08T12:00:00Z,2026-01-31T23:50:00Z,UTC,density_adjusted_power_curve_median_0.5ms,wind_speed_100m,4.78,0.3,False
2026-02-08T12:00:00Z,2026-02-10T00:00:00Z,turbine-2,0.10722100118419428,Open-Meteo Single Runs API,ecmwf_ifs,2026-02-08T00:00:00Z,12,2026-02-08T12:00:00Z,2026-01-31T23:50:00Z,UTC,density_adjusted_power_curve_median_0.5ms,wind_speed_100m,4.63,0.7,False
2026-02-08T12:00:00Z,2026-02-10T01:00:00Z,turbine-2,0.2037972218999775,Open-Meteo Single Runs API,ecmwf_ifs,2026-02-08T00:00:00Z,12,2026-02-08T12:00:00Z,2026-01-31T23:50:00Z,UTC,density_adjusted_power_curve_median_0.5ms,wind_speed_100m,5.8,1.7,False
2026-02-08T12:00:00Z,2026-02-10T02:00:00Z,turbine-2,0.038750975008266304,Open-Meteo Single Runs API,ecmwf_ifs,2026-02-08T00:00:00Z,12,2026-02-08T12:00:00Z,2026-01-31T23:50:00Z,UTC,density_adjusted_power_curve_median_0.5ms,wind_speed_100m,3.41,1.2,False
2026-02-08T12:00:00Z,2026-02-10T03:00:00Z,turbine-2,0.1737645813210177,Open-Meteo Single Runs API,ecmwf_ifs,2026-02-08T00:00:00Z,12,2026-02-08T12:00:00Z,2026-01-31T23:50:00Z,UTC,density_adjusted_power_curve_median_0.5ms,wind_speed_100m,5.51,2.5,False
2026-02-08T12:00:00Z,2026-02-10T04:00:00Z,turbine-2,0.02761710765705605,Open-Meteo Single Runs API,ecmwf_ifs,2026-02-08T00:00:00Z,12,2026-02-08T12:00:00Z,2026-01-31T23:50:00Z,UTC,density_adjusted_power_curve_median_0.5ms,wind_speed_100m,3.15,4.5,False
2026-02-08T12:00:00Z,2026-02-10T05:00:00Z,turbine-2,0.1316511834784653,Open-Meteo Single Runs API,ecmwf_ifs,2026-02-08T00:00:00Z,12,2026-02-08T12:00:00Z,2026-01-31T23:50:00Z,UTC,density_adjusted_power_curve_median_0.5ms,wind_speed_100m,5.06,6.1,False
2026-02-08T12:00:00Z,2026-02-10T06:00:00Z,turbine-2,0.24779754493712405,Open-Meteo Single Runs API,ecmwf_ifs,2026-02-08T00:00:00Z,12,2026-02-08T12:00:00Z,2026-01-31T23:50:00Z,UTC,density_adjusted_power_curve_median_0.5ms,wind_speed_100m,6.25,7.6,False
2026-02-08T12:00:00Z,2026-02-10T07:00:00Z,turbine-2,0.23186545031195072,Open-Meteo Single Runs API,ecmwf_ifs,2026-02-08T00:00:00Z,12,2026-02-08T12:00:00Z,2026-01-31T23:50:00Z,UTC,density_adjusted_power_curve_median_0.5ms,wind_speed_100m,6.12,8.2,False
2026-02-08T12:00:00Z,2026-02-10T08:00:00Z,turbine-2,0.5345574508896511,Open-Meteo Single Runs API,ecmwf_ifs,2026-02-08T00:00:00Z,12,2026-02-08T12:00:00Z,2026-01-31T23:50:00Z,UTC,density_adjusted_power_curve_median_0.5ms,wind_speed_100m,8.09,9.7,False
2026-02-08T12:00:00Z,2026-02-10T09:00:00Z,turbine-2,0.4718606746430549,Open-Meteo Single Runs API,ecmwf_ifs,2026-02-08T00:00:00Z,12,2026-02-08T12:00:00Z,2026-01-31T23:50:00Z,UTC,density_adjusted_power_curve_median_0.5ms,wind_speed_100m,7.71,10.8,False
2026-02-08T12:00:00Z,2026-02-10T10:00:00Z,turbine-2,0.35085027160584087,Open-Meteo Single Runs API,ecmwf_ifs,2026-02-08T00:00:00Z,12,2026-02-08T12:00:00Z,2026-01-31T23:50:00Z,UTC,density_adjusted_power_curve_median_0.5ms,wind_speed_100m,6.96,10.2,False
2026-02-08T12:00:00Z,2026-02-10T11:00:00Z,turbine-2,0.3517582661862011,Open-Meteo Single Runs API,ecmwf_ifs,2026-02-08T00:00:00Z,12,2026-02-08T12:00:00Z,2026-01-31T23:50:00Z,UTC,density_adjusted_power_curve_median_0.5ms,wind_speed_100m,6.95,8.3,False
2026-02-08T12:00:00Z,2026-02-10T12:00:00Z,turbine-2,0.20867892077368536,Open-Meteo Single Runs API,ecmwf_ifs,2026-02-08T00:00:00Z,12,2026-02-08T12:00:00Z,2026-01-31T23:50:00Z,UTC,density_adjusted_power_curve_median_0.5ms,wind_speed_100m,5.87,4.9,False
2026-02-09T12:00:00Z,2026-02-09T13:00:00Z,turbine-1,0.4910277964126449,Open-Meteo Single Runs API,ecmwf_ifs,2026-02-09T00:00:00Z,12,2026-02-09T12:00:00Z,2026-01-31T23:50:00Z,UTC,density_adjusted_power_curve_median_0.5ms,wind_speed_100m,7.67,0.4,False
2026-02-09T12:00:00Z,2026-02-09T14:00:00Z,turbine-1,0.45629012557000953,Open-Meteo Single Runs API,ecmwf_ifs,2026-02-09T00:00:00Z,12,2026-02-09T12:00:00Z,2026-01-31T23:50:00Z,UTC,density_adjusted_power_curve_median_0.5ms,wind_speed_100m,7.45,-0.6,False
2026-02-09T12:00:00Z,2026-02-09T15:00:00Z,turbine-1,0.31722832468498957,Open-Meteo Single Runs API,ecmwf_ifs,2026-02-09T00:00:00Z,12,2026-02-09T12:00:00Z,2026-01-31T23:50:00Z,UTC,density_adjusted_power_curve_median_0.5ms,wind_speed_100m,6.6,-0.6,False
2026-02-09T12:00:00Z,2026-02-09T16:00:00Z,turbine-1,0.18942514594528723,Open-Meteo Single Runs API,ecmwf_ifs,2026-02-09T00:00:00Z,12,2026-02-09T12:00:00Z,2026-01-31T23:50:00Z,UTC,density_adjusted_power_curve_median_0.5ms,wind_speed_100m,5.54,-1.3,False
2026-02-09T12:00:00Z,2026-02-09T17:00:00Z,turbine-1,0.0759313390714614,Open-Meteo Single Runs API,ecmwf_ifs,2026-02-09T00:00:00Z,12,2026-02-09T12:00:00Z,2026-01-31T23:50:00Z,UTC,density_adjusted_power_curve_median_0.5ms,wind_speed_100m,4.07,-1.6,False
2026-02-09T12:00:00Z,2026-02-09T18:00:00Z,turbine-1,0.01,Open-Meteo Single Runs API,ecmwf_ifs,2026-02-09T00:00:00Z,12,2026-02-09T12:00:00Z,2026-01-31T23:50:00Z,UTC,density_adjusted_power_curve_median_0.5ms,wind_speed_100m,0.47,-1.6,False
2026-02-09T12:00:00Z,2026-02-09T19:00:00Z,turbine-1,0.01,Open-Meteo Single Runs API,ecmwf_ifs,2026-02-09T00:00:00Z,12,2026-02-09T12:00:00Z,2026-01-31T23:50:00Z,UTC,density_adjusted_power_curve_median_0.5ms,wind_speed_100m,1.43,-1.1,False
2026-02-09T12:00:00Z,2026-02-09T20:00:00Z,turbine-1,0.014373900797975875,Open-Meteo Single Runs API,ecmwf_ifs,2026-02-09T00:00:00Z,12,2026-02-09T12:00:00Z,2026-01-31T23:50:00Z,UTC,density_adjusted_power_curve_median_0.5ms,wind_speed_100m,2.8,-0.9,False
2026-02-09T12:00:00Z,2026-02-09T21:00:00Z,turbine-1,0.026325933711497183,Open-Meteo Single Runs API,ecmwf_ifs,2026-02-09T00:00:00Z,12,2026-02-09T12:00:00Z,2026-01-31T23:50:00Z,UTC,density_adjusted_power_curve_median_0.5ms,wind_speed_100m,3.1,-0.5,False
2026-02-09T12:00:00Z,2026-02-09T22:00:00Z,turbine-1,0.022679714837464428,Open-Meteo Single Runs API,ecmwf_ifs,2026-02-09T00:00:00Z,12,2026-02-09T12:00:00Z,2026-01-31T23:50:00Z,UTC,density_adjusted_power_curve_median_0.5ms,wind_speed_100m,3.01,-0.2,False
2026-02-09T12:00:00Z,2026-02-09T23:00:00Z,turbine-1,0.01,Open-Meteo Single Runs API,ecmwf_ifs,2026-02-09T00:00:00Z,12,2026-02-09T12:00:00Z,2026-01-31T23:50:00Z,UTC,density_adjusted_power_curve_median_0.5ms,wind_speed_100m,2.21,1.0,False
2026-02-09T12:00:00Z,2026-02-10T00:00:00Z,turbine-1,0.01,Open-Meteo Single Runs API,ecmwf_ifs,2026-02-09T00:00:00Z,12,2026-02-09T12:00:00Z,2026-01-31T23:50:00Z,UTC,density_adjusted_power_curve_median_0.5ms,wind_speed_100m,1.28,2.6,False
2026-02-09T12:00:00Z,2026-02-10T01:00:00Z,turbine-1,0.05970994220866277,Open-Meteo Single Runs API,ecmwf_ifs,2026-02-09T00:00:00Z,12,2026-02-09T12:00:00Z,2026-01-31T23:50:00Z,UTC,density_adjusted_power_curve_median_0.5ms,wind_speed_100m,3.69,1.6,False
2026-02-09T12:00:00Z,2026-02-10T02:00:00Z,turbine-1,0.1004085188137053,Open-Meteo Single Runs API,ecmwf_ifs,2026-02-09T00:00:00Z,12,2026-02-09T12:00:00Z,2026-01-31T23:50:00Z,UTC,density_adjusted_power_curve_median_0.5ms,wind_speed_100m,4.52,0.7,False
2026-02-09T12:00:00Z,2026-02-10T03:00:00Z,turbine-1,0.19356267223433538,Open-Meteo Single Runs API,ecmwf_ifs,2026-02-09T00:00:00Z,12,2026-02-09T12:00:00Z,2026-01-31T23:50:00Z,UTC,density_adjusted_power_curve_median_0.5ms,wind_speed_100m,5.61,3.0,False
2026-02-09T12:00:00Z,2026-02-10T04:00:00Z,turbine-1,0.10599028962406454,Open-Meteo Single Runs API,ecmwf_ifs,2026-02-09T00:00:00Z,12,2026-02-09T12:00:00Z,2026-01-31T23:50:00Z,UTC,density_adjusted_power_curve_median_0.5ms,wind_speed_100m,4.64,5.6,False
2026-02-09T12:00:00Z,2026-02-10T05:00:00Z,turbine-1,0.16333052850870208,Open-Meteo Single Runs API,ecmwf_ifs,2026-02-09T00:00:00Z,12,2026-02-09T12:00:00Z,2026-01-31T23:50:00Z,UTC,density_adjusted_power_curve_median_0.5ms,wind_speed_100m,5.33,6.0,False
2026-02-09T12:00:00Z,2026-02-10T06:00:00Z,turbine-1,0.5168090008162716,Open-Meteo Single Runs API,ecmwf_ifs,2026-02-09T00:00:00Z,12,2026-02-09T12:00:00Z,2026-01-31T23:50:00Z,UTC,density_adjusted_power_curve_median_0.5ms,wind_speed_100m,7.89,6.8,False
2026-02-09T12:00:00Z,2026-02-10T07:00:00Z,turbine-1,0.878956608423514,Open-Meteo Single Runs API,ecmwf_ifs,2026-02-09T00:00:00Z,12,2026-02-09T12:00:00Z,2026-01-31T23:50:00Z,UTC,density_adjusted_power_curve_median_0.5ms,wind_speed_100m,10.31,8.5,False
2026-02-09T12:00:00Z,2026-02-10T08:00:00Z,turbine-1,0.6421738460153514,Open-Meteo Single Runs API,ecmwf_ifs,2026-02-09T00:00:00Z,12,2026-02-09T12:00:00Z,2026-01-31T23:50:00Z,UTC,density_adjusted_power_curve_median_0.5ms,wind_speed_100m,8.71,10.0,False
2026-02-09T12:00:00Z,2026-02-10T09:00:00Z,turbine-1,0.5785478979974678,Open-Meteo Single Runs API,ecmwf_ifs,2026-02-09T00:00:00Z,12,2026-02-09T12:00:00Z,2026-01-31T23:50:00Z,UTC,density_adjusted_power_curve_median_0.5ms,wind_speed_100m,8.31,10.3,False
2026-02-09T12:00:00Z,2026-02-10T10:00:00Z,turbine-1,0.2975535858137705,Open-Meteo Single Runs API,ecmwf_ifs,2026-02-09T00:00:00Z,12,2026-02-09T12:00:00Z,2026-01-31T23:50:00Z,UTC,density_adjusted_power_curve_median_0.5ms,wind_speed_100m,6.55,10.6,False
2026-02-09T12:00:00Z,2026-02-10T11:00:00Z,turbine-1,0.33906393865453704,Open-Meteo Single Runs API,ecmwf_ifs,2026-02-09T00:00:00Z,12,2026-02-09T12:00:00Z,2026-01-31T23:50:00Z,UTC,density_adjusted_power_curve_median_0.5ms,wind_speed_100m,6.81,8.4,False
2026-02-09T12:00:00Z,2026-02-10T12:00:00Z,turbine-1,0.3896330655291662,Open-Meteo Single Runs API,ecmwf_ifs,2026-02-09T00:00:00Z,12,2026-02-09T12:00:00Z,2026-01-31T23:50:00Z,UTC,density_adjusted_power_curve_median_0.5ms,wind_speed_100m,7.1,5.5,False
2026-02-09T12:00:00Z,2026-02-10T13:00:00Z,turbine-1,0.2545595452853754,Open-Meteo Single Runs API,ecmwf_ifs,2026-02-09T00:00:00Z,12,2026-02-09T12:00:00Z,2026-01-31T23:50:00Z,UTC,density_adjusted_power_curve_median_0.5ms,wind_speed_100m,6.2,4.4,False
2026-02-09T12:00:00Z,2026-02-10T14:00:00Z,turbine-1,0.08367656394461025,Open-Meteo Single Runs API,ecmwf_ifs,2026-02-09T00:00:00Z,12,2026-02-09T12:00:00Z,2026-01-31T23:50:00Z,UTC,density_adjusted_power_curve_median_0.5ms,wind_speed_100m,4.25,2.2,False
2026-02-09T12:00:00Z,2026-02-10T15:00:00Z,turbine-1,0.2581941664386958,Open-Meteo Single Runs API,ecmwf_ifs,2026-02-09T00:00:00Z,12,2026-02-09T12:00:00Z,2026-01-31T23:50:00Z,UTC,density_adjusted_power_curve_median_0.5ms,wind_speed_100m,6.2,1.0,False
2026-02-09T12:00:00Z,2026-02-10T16:00:00Z,turbine-1,0.6283740363003003,Open-Meteo Single Runs API,ecmwf_ifs,2026-02-09T00:00:00Z,12,2026-02-09T12:00:00Z,2026-01-31T23:50:00Z,UTC,density_adjusted_power_curve_median_0.5ms,wind_speed_100m,8.53,1.1,False
2026-02-09T12:00:00Z,2026-02-10T17:00:00Z,turbine-1,0.7854573320776813,Open-Meteo Single Runs API,ecmwf_ifs,2026-02-09T00:00:00Z,12,2026-02-09T12:00:00Z,2026-01-31T23:50:00Z,UTC,density_adjusted_power_curve_median_0.5ms,wind_speed_100m,9.56,0.8,False
2026-02-09T12:00:00Z,2026-02-10T18:00:00Z,turbine-1,0.970171842208959,Open-Meteo Single Runs API,ecmwf_ifs,2026-02-09T00:00:00Z,12,2026-02-09T12:00:00Z,2026-01-31T23:50:00Z,UTC,density_adjusted_power_curve_median_0.5ms,wind_speed_100m,11.07,1.1,False
2026-02-09T12:00:00Z,2026-02-10T19:00:00Z,turbine-1,0.9718397246491878,Open-Meteo Single Runs API,ecmwf_ifs,2026-02-09T00:00:00Z,12,2026-02-09T12:00:00Z,2026-01-31T23:50:00Z,UTC,density_adjusted_power_curve_median_0.5ms,wind_speed_100m,11.11,1.1,False
2026-02-09T12:00:00Z,2026-02-10T20:00:00Z,turbine-1,0.763185922333781,Open-Meteo Single Runs API,ecmwf_ifs,2026-02-09T00:00:00Z,12,2026-02-09T12:00:00Z,2026-01-31T23:50:00Z,UTC,density_adjusted_power_curve_median_0.5ms,wind_speed_100m,9.42,0.7,False
2026-02-09T12:00:00Z,2026-02-10T21:00:00Z,turbine-1,0.6724250776579181,Open-Meteo Single Runs API,ecmwf_ifs,2026-02-09T00:00:00Z,12,2026-02-09T12:00:00Z,2026-01-31T23:50:00Z,UTC,density_adjusted_power_curve_median_0.5ms,wind_speed_100m,8.82,0.2,False
2026-02-09T12:00:00Z,2026-02-10T22:00:00Z,turbine-1,0.4921913517828956,Open-Meteo Single Runs API,ecmwf_ifs,2026-02-09T00:00:00Z,12,2026-02-09T12:00:00Z,2026-01-31T23:50:00Z,UTC,density_adjusted_power_curve_median_0.5ms,wind_speed_100m,7.68,0.7,False
2026-02-09T12:00:00Z,2026-02-10T23:00:00Z,turbine-1,0.3550457401638595,Open-Meteo Single Runs API,ecmwf_ifs,2026-02-09T00:00:00Z,12,2026-02-09T12:00:00Z,2026-01-31T23:50:00Z,UTC,density_adjusted_power_curve_median_0.5ms,wind_speed_100m,6.84,0.0,False
2026-02-09T12:00:00Z,2026-02-11T00:00:00Z,turbine-1,0.06390290992151088,Open-Meteo Single Runs API,ecmwf_ifs,2026-02-09T00:00:00Z,12,2026-02-09T12:00:00Z,2026-01-31T23:50:00Z,UTC,density_adjusted_power_curve_median_0.5ms,wind_speed_100m,3.78,-0.7,False
2026-02-09T12:00:00Z,2026-02-11T01:00:00Z,turbine-1,0.01,Open-Meteo Single Runs API,ecmwf_ifs,2026-02-09T00:00:00Z,12,2026-02-09T12:00:00Z,2026-01-31T23:50:00Z,UTC,density_adjusted_power_curve_median_0.5ms,wind_speed_100m,2.3,-1.4,False
2026-02-09T12:00:00Z,2026-02-11T02:00:00Z,turbine-1,0.01,Open-Meteo Single Runs API,ecmwf_ifs,2026-02-09T00:00:00Z,12,2026-02-09T12:00:00Z,2026-01-31T23:50:00Z,UTC,density_adjusted_power_curve_median_0.5ms,wind_speed_100m,2.11,-1.2,False
2026-02-09T12:00:00Z,2026-02-11T03:00:00Z,turbine-1,0.01,Open-Meteo Single Runs API,ecmwf_ifs,2026-02-09T00:00:00Z,12,2026-02-09T12:00:00Z,2026-01-31T23:50:00Z,UTC,density_adjusted_power_curve_median_0.5ms,wind_speed_100m,1.19,1.5,False
2026-02-09T12:00:00Z,2026-02-11T04:00:00Z,turbine-1,0.07641295626817488,Open-Meteo Single Runs API,ecmwf_ifs,2026-02-09T00:00:00Z,12,2026-02-09T12:00:00Z,2026-01-31T23:50:00Z,UTC,density_adjusted_power_curve_median_0.5ms,wind_speed_100m,4.12,6.1,False
2026-02-09T12:00:00Z,2026-02-11T05:00:00Z,turbine-1,0.01,Open-Meteo Single Runs API,ecmwf_ifs,2026-02-09T00:00:00Z,12,2026-02-09T12:00:00Z,2026-01-31T23:50:00Z,UTC,density_adjusted_power_curve_median_0.5ms,wind_speed_100m,2.17,9.5,False
2026-02-09T12:00:00Z,2026-02-11T06:00:00Z,turbine-1,0.019662729711167497,Open-Meteo Single Runs API,ecmwf_ifs,2026-02-09T00:00:00Z,12,2026-02-09T12:00:00Z,2026-01-31T23:50:00Z,UTC,density_adjusted_power_curve_median_0.5ms,wind_speed_100m,2.97,9.8,False
2026-02-09T12:00:00Z,2026-02-11T07:00:00Z,turbine-1,0.015931084511625903,Open-Meteo Single Runs API,ecmwf_ifs,2026-02-09T00:00:00Z,12,2026-02-09T12:00:00Z,2026-01-31T23:50:00Z,UTC,density_adjusted_power_curve_median_0.5ms,wind_speed_100m,2.88,11.1,False
2026-02-09T12:00:00Z,2026-02-11T08:00:00Z,turbine-1,0.22631639003860207,Open-Meteo Single Runs API,ecmwf_ifs,2026-02-09T00:00:00Z,12,2026-02-09T12:00:00Z,2026-01-31T23:50:00Z,UTC,density_adjusted_power_curve_median_0.5ms,wind_speed_100m,5.99,11.7,False
2026-02-09T12:00:00Z,2026-02-11T09:00:00Z,turbine-1,0.7878843208940578,Open-Meteo Single Runs API,ecmwf_ifs,2026-02-09T00:00:00Z,12,2026-02-09T12:00:00Z,2026-01-31T23:50:00Z,UTC,density_adjusted_power_curve_median_0.5ms,wind_speed_100m,9.68,9.9,False
2026-02-09T12:00:00Z,2026-02-11T10:00:00Z,turbine-1,0.9851428966326112,Open-Meteo Single Runs API,ecmwf_ifs,2026-02-09T00:00:00Z,12,2026-02-09T12:00:00Z,2026-01-31T23:50:00Z,UTC,density_adjusted_power_curve_median_0.5ms,wind_speed_100m,11.52,7.7,False
2026-02-09T12:00:00Z,2026-02-11T11:00:00Z,turbine-1,0.99,Open-Meteo Single Runs API,ecmwf_ifs,2026-02-09T00:00:00Z,12,2026-02-09T12:00:00Z,2026-01-31T23:50:00Z,UTC,density_adjusted_power_curve_median_0.5ms,wind_speed_100m,11.61,5.4,False
2026-02-09T12:00:00Z,2026-02-11T12:00:00Z,turbine-1,0.99,Open-Meteo Single Runs API,ecmwf_ifs,2026-02-09T00:00:00Z,12,2026-02-09T12:00:00Z,2026-01-31T23:50:00Z,UTC,density_adjusted_power_curve_median_0.5ms,wind_speed_100m,13.46,3.7,False
2026-02-09T12:00:00Z,2026-02-09T13:00:00Z,turbine-2,0.4808514926970942,Open-Meteo Single Runs API,ecmwf_ifs,2026-02-09T00:00:00Z,12,2026-02-09T12:00:00Z,2026-01-31T23:50:00Z,UTC,density_adjusted_power_curve_median_0.5ms,wind_speed_100m,7.67,0.4,False
2026-02-09T12:00:00Z,2026-02-09T14:00:00Z,turbine-2,0.4462526798335812,Open-Meteo Single Runs API,ecmwf_ifs,2026-02-09T00:00:00Z,12,2026-02-09T12:00:00Z,2026-01-31T23:50:00Z,UTC,density_adjusted_power_curve_median_0.5ms,wind_speed_100m,7.45,-0.6,False
2026-02-09T12:00:00Z,2026-02-09T15:00:00Z,turbine-2,0.30690570372084547,Open-Meteo Single Runs API,ecmwf_ifs,2026-02-09T00:00:00Z,12,2026-02-09T12:00:00Z,2026-01-31T23:50:00Z,UTC,density_adjusted_power_curve_median_0.5ms,wind_speed_100m,6.6,-0.6,False
2026-02-09T12:00:00Z,2026-02-09T16:00:00Z,turbine-2,0.1793620180742463,Open-Meteo Single Runs API,ecmwf_ifs,2026-02-09T00:00:00Z,12,2026-02-09T12:00:00Z,2026-01-31T23:50:00Z,UTC,density_adjusted_power_curve_median_0.5ms,wind_speed_100m,5.54,-1.3,False
2026-02-09T12:00:00Z,2026-02-09T17:00:00Z,turbine-2,0.07387610697907696,Open-Meteo Single Runs API,ecmwf_ifs,2026-02-09T00:00:00Z,12,2026-02-09T12:00:00Z,2026-01-31T23:50:00Z,UTC,density_adjusted_power_curve_median_0.5ms,wind_speed_100m,4.07,-1.6,False
2026-02-09T12:00:00Z,2026-02-09T18:00:00Z,turbine-2,0.01,Open-Meteo Single Runs API,ecmwf_ifs,2026-02-09T00:00:00Z,12,2026-02-09T12:00:00Z,2026-01-31T23:50:00Z,UTC,density_adjusted_power_curve_median_0.5ms,wind_speed_100m,0.47,-1.6,False
2026-02-09T12:00:00Z,2026-02-09T19:00:00Z,turbine-2,0.01,Open-Meteo Single Runs API,ecmwf_ifs,2026-02-09T00:00:00Z,12,2026-02-09T12:00:00Z,2026-01-31T23:50:00Z,UTC,density_adjusted_power_curve_median_0.5ms,wind_speed_100m,1.43,-1.1,False
2026-02-09T12:00:00Z,2026-02-09T20:00:00Z,turbine-2,0.014267047785761487,Open-Meteo Single Runs API,ecmwf_ifs,2026-02-09T00:00:00Z,12,2026-02-09T12:00:00Z,2026-01-31T23:50:00Z,UTC,density_adjusted_power_curve_median_0.5ms,wind_speed_100m,2.8,-0.9,False
2026-02-09T12:00:00Z,2026-02-09T21:00:00Z,turbine-2,0.026362457954367105,Open-Meteo Single Runs API,ecmwf_ifs,2026-02-09T00:00:00Z,12,2026-02-09T12:00:00Z,2026-01-31T23:50:00Z,UTC,density_adjusted_power_curve_median_0.5ms,wind_speed_100m,3.1,-0.5,False
2026-02-09T12:00:00Z,2026-02-09T22:00:00Z,turbine-2,0.022672498834856614,Open-Meteo Single Runs API,ecmwf_ifs,2026-02-09T00:00:00Z,12,2026-02-09T12:00:00Z,2026-01-31T23:50:00Z,UTC,density_adjusted_power_curve_median_0.5ms,wind_speed_100m,3.01,-0.2,False
2026-02-09T12:00:00Z,2026-02-09T23:00:00Z,turbine-2,0.01,Open-Meteo Single Runs API,ecmwf_ifs,2026-02-09T00:00:00Z,12,2026-02-09T12:00:00Z,2026-01-31T23:50:00Z,UTC,density_adjusted_power_curve_median_0.5ms,wind_speed_100m,2.21,1.0,False
2026-02-09T12:00:00Z,2026-02-10T00:00:00Z,turbine-2,0.01,Open-Meteo Single Runs API,ecmwf_ifs,2026-02-09T00:00:00Z,12,2026-02-09T12:00:00Z,2026-01-31T23:50:00Z,UTC,density_adjusted_power_curve_median_0.5ms,wind_speed_100m,1.28,2.6,False
2026-02-09T12:00:00Z,2026-02-10T01:00:00Z,turbine-2,0.05021916711779593,Open-Meteo Single Runs API,ecmwf_ifs,2026-02-09T00:00:00Z,12,2026-02-09T12:00:00Z,2026-01-31T23:50:00Z,UTC,density_adjusted_power_curve_median_0.5ms,wind_speed_100m,3.69,1.6,False
2026-02-09T12:00:00Z,2026-02-10T02:00:00Z,turbine-2,0.10050976056140734,Open-Meteo Single Runs API,ecmwf_ifs,2026-02-09T00:00:00Z,12,2026-02-09T12:00:00Z,2026-01-31T23:50:00Z,UTC,density_adjusted_power_curve_median_0.5ms,wind_speed_100m,4.52,0.7,False
2026-02-09T12:00:00Z,2026-02-10T03:00:00Z,turbine-2,0.183474444421122,Open-Meteo Single Runs API,ecmwf_ifs,2026-02-09T00:00:00Z,12,2026-02-09T12:00:00Z,2026-01-31T23:50:00Z,UTC,density_adjusted_power_curve_median_0.5ms,wind_speed_100m,5.61,3.0,False
2026-02-09T12:00:00Z,2026-02-10T04:00:00Z,turbine-2,0.10616252113972131,Open-Meteo Single Runs API,ecmwf_ifs,2026-02-09T00:00:00Z,12,2026-02-09T12:00:00Z,2026-01-31T23:50:00Z,UTC,density_adjusted_power_curve_median_0.5ms,wind_speed_100m,4.64,5.6,False
2026-02-09T12:00:00Z,2026-02-10T05:00:00Z,turbine-2,0.15342570135720057,Open-Meteo Single Runs API,ecmwf_ifs,2026-02-09T00:00:00Z,12,2026-02-09T12:00:00Z,2026-01-31T23:50:00Z,UTC,density_adjusted_power_curve_median_0.5ms,wind_speed_100m,5.33,6.0,False
2026-02-09T12:00:00Z,2026-02-10T06:00:00Z,turbine-2,0.5067677981681812,Open-Meteo Single Runs API,ecmwf_ifs,2026-02-09T00:00:00Z,12,2026-02-09T12:00:00Z,2026-01-31T23:50:00Z,UTC,density_adjusted_power_curve_median_0.5ms,wind_speed_100m,7.89,6.8,False
2026-02-09T12:00:00Z,2026-02-10T07:00:00Z,turbine-2,0.8589213413374346,Open-Meteo Single Runs API,ecmwf_ifs,2026-02-09T00:00:00Z,12,2026-02-09T12:00:00Z,2026-01-31T23:50:00Z,UTC,density_adjusted_power_curve_median_0.5ms,wind_speed_100m,10.31,8.5,False
2026-02-09T12:00:00Z,2026-02-10T08:00:00Z,turbine-2,0.6233842997004528,Open-Meteo Single Runs API,ecmwf_ifs,2026-02-09T00:00:00Z,12,2026-02-09T12:00:00Z,2026-01-31T23:50:00Z,UTC,density_adjusted_power_curve_median_0.5ms,wind_speed_100m,8.71,10.0,False
2026-02-09T12:00:00Z,2026-02-10T09:00:00Z,turbine-2,0.5665469363314231,Open-Meteo Single Runs API,ecmwf_ifs,2026-02-09T00:00:00Z,12,2026-02-09T12:00:00Z,2026-01-31T23:50:00Z,UTC,density_adjusted_power_curve_median_0.5ms,wind_speed_100m,8.31,10.3,False
2026-02-09T12:00:00Z,2026-02-10T10:00:00Z,turbine-2,0.287175950975451,Open-Meteo Single Runs API,ecmwf_ifs,2026-02-09T00:00:00Z,12,2026-02-09T12:00:00Z,2026-01-31T23:50:00Z,UTC,density_adjusted_power_curve_median_0.5ms,wind_speed_100m,6.55,10.6,False
2026-02-09T12:00:00Z,2026-02-10T11:00:00Z,turbine-2,0.32889350038105486,Open-Meteo Single Runs API,ecmwf_ifs,2026-02-09T00:00:00Z,12,2026-02-09T12:00:00Z,2026-01-31T23:50:00Z,UTC,density_adjusted_power_curve_median_0.5ms,wind_speed_100m,6.81,8.4,False
2026-02-09T12:00:00Z,2026-02-10T12:00:00Z,turbine-2,0.3799647940507851,Open-Meteo Single Runs API,ecmwf_ifs,2026-02-09T00:00:00Z,12,2026-02-09T12:00:00Z,2026-01-31T23:50:00Z,UTC,density_adjusted_power_curve_median_0.5ms,wind_speed_100m,7.1,5.5,False
2026-02-09T12:00:00Z,2026-02-10T13:00:00Z,turbine-2,0.24406169188906637,Open-Meteo Single Runs API,ecmwf_ifs,2026-02-09T00:00:00Z,12,2026-02-09T12:00:00Z,2026-01-31T23:50:00Z,UTC,density_adjusted_power_curve_median_0.5ms,wind_speed_100m,6.2,4.4,False
2026-02-09T12:00:00Z,2026-02-10T14:00:00Z,turbine-2,0.08356500627185211,Open-Meteo Single Runs API,ecmwf_ifs,2026-02-09T00:00:00Z,12,2026-02-09T12:00:00Z,2026-01-31T23:50:00Z,UTC,density_adjusted_power_curve_median_0.5ms,wind_speed_100m,4.25,2.2,False
2026-02-09T12:00:00Z,2026-02-10T15:00:00Z,turbine-2,0.2477064760535511,Open-Meteo Single Runs API,ecmwf_ifs,2026-02-09T00:00:00Z,12,2026-02-09T12:00:00Z,2026-01-31T23:50:00Z,UTC,density_adjusted_power_curve_median_0.5ms,wind_speed_100m,6.2,1.0,False
2026-02-09T12:00:00Z,2026-02-10T16:00:00Z,turbine-2,0.6105643174656049,Open-Meteo Single Runs API,ecmwf_ifs,2026-02-09T00:00:00Z,12,2026-02-09T12:00:00Z,2026-01-31T23:50:00Z,UTC,density_adjusted_power_curve_median_0.5ms,wind_speed_100m,8.53,1.1,False
2026-02-09T12:00:00Z,2026-02-10T17:00:00Z,turbine-2,0.7654410225433109,Open-Meteo Single Runs API,ecmwf_ifs,2026-02-09T00:00:00Z,12,2026-02-09T12:00:00Z,2026-01-31T23:50:00Z,UTC,density_adjusted_power_curve_median_0.5ms,wind_speed_100m,9.56,0.8,False
2026-02-09T12:00:00Z,2026-02-10T18:00:00Z,turbine-2,0.9600669089940611,Open-Meteo Single Runs API,ecmwf_ifs,2026-02-09T00:00:00Z,12,2026-02-09T12:00:00Z,2026-01-31T23:50:00Z,UTC,density_adjusted_power_curve_median_0.5ms,wind_speed_100m,11.07,1.1,False
2026-02-09T12:00:00Z,2026-02-10T19:00:00Z,turbine-2,0.9609099383876484,Open-Meteo Single Runs API,ecmwf_ifs,2026-02-09T00:00:00Z,12,2026-02-09T12:00:00Z,2026-01-31T23:50:00Z,UTC,density_adjusted_power_curve_median_0.5ms,wind_speed_100m,11.11,1.1,False
2026-02-09T12:00:00Z,2026-02-10T20:00:00Z,turbine-2,0.7459970180287271,Open-Meteo Single Runs API,ecmwf_ifs,2026-02-09T00:00:00Z,12,2026-02-09T12:00:00Z,2026-01-31T23:50:00Z,UTC,density_adjusted_power_curve_median_0.5ms,wind_speed_100m,9.42,0.7,False
2026-02-09T12:00:00Z,2026-02-10T21:00:00Z,turbine-2,0.6573327815459836,Open-Meteo Single Runs API,ecmwf_ifs,2026-02-09T00:00:00Z,12,2026-02-09T12:00:00Z,2026-01-31T23:50:00Z,UTC,density_adjusted_power_curve_median_0.5ms,wind_speed_100m,8.82,0.2,False
2026-02-09T12:00:00Z,2026-02-10T22:00:00Z,turbine-2,0.48202114543851926,Open-Meteo Single Runs API,ecmwf_ifs,2026-02-09T00:00:00Z,12,2026-02-09T12:00:00Z,2026-01-31T23:50:00Z,UTC,density_adjusted_power_curve_median_0.5ms,wind_speed_100m,7.68,0.7,False
2026-02-09T12:00:00Z,2026-02-10T23:00:00Z,turbine-2,0.34503400603537415,Open-Meteo Single Runs API,ecmwf_ifs,2026-02-09T00:00:00Z,12,2026-02-09T12:00:00Z,2026-01-31T23:50:00Z,UTC,density_adjusted_power_curve_median_0.5ms,wind_speed_100m,6.84,0.0,False
2026-02-09T12:00:00Z,2026-02-11T00:00:00Z,turbine-2,0.056230546075834956,Open-Meteo Single Runs API,ecmwf_ifs,2026-02-09T00:00:00Z,12,2026-02-09T12:00:00Z,2026-01-31T23:50:00Z,UTC,density_adjusted_power_curve_median_0.5ms,wind_speed_100m,3.78,-0.7,False
2026-02-09T12:00:00Z,2026-02-11T01:00:00Z,turbine-2,0.01,Open-Meteo Single Runs API,ecmwf_ifs,2026-02-09T00:00:00Z,12,2026-02-09T12:00:00Z,2026-01-31T23:50:00Z,UTC,density_adjusted_power_curve_median_0.5ms,wind_speed_100m,2.3,-1.4,False
2026-02-09T12:00:00Z,2026-02-11T02:00:00Z,turbine-2,0.01,Open-Meteo Single Runs API,ecmwf_ifs,2026-02-09T00:00:00Z,12,2026-02-09T12:00:00Z,2026-01-31T23:50:00Z,UTC,density_adjusted_power_curve_median_0.5ms,wind_speed_100m,2.11,-1.2,False
2026-02-09T12:00:00Z,2026-02-11T03:00:00Z,turbine-2,0.01,Open-Meteo Single Runs API,ecmwf_ifs,2026-02-09T00:00:00Z,12,2026-02-09T12:00:00Z,2026-01-31T23:50:00Z,UTC,density_adjusted_power_curve_median_0.5ms,wind_speed_100m,1.19,1.5,False
2026-02-09T12:00:00Z,2026-02-11T04:00:00Z,turbine-2,0.07458263361449313,Open-Meteo Single Runs API,ecmwf_ifs,2026-02-09T00:00:00Z,12,2026-02-09T12:00:00Z,2026-01-31T23:50:00Z,UTC,density_adjusted_power_curve_median_0.5ms,wind_speed_100m,4.12,6.1,False
2026-02-09T12:00:00Z,2026-02-11T05:00:00Z,turbine-2,0.01,Open-Meteo Single Runs API,ecmwf_ifs,2026-02-09T00:00:00Z,12,2026-02-09T12:00:00Z,2026-01-31T23:50:00Z,UTC,density_adjusted_power_curve_median_0.5ms,wind_speed_100m,2.17,9.5,False
2026-02-09T12:00:00Z,2026-02-11T06:00:00Z,turbine-2,0.01961932178630106,Open-Meteo Single Runs API,ecmwf_ifs,2026-02-09T00:00:00Z,12,2026-02-09T12:00:00Z,2026-01-31T23:50:00Z,UTC,density_adjusted_power_curve_median_0.5ms,wind_speed_100m,2.97,9.8,False
2026-02-09T12:00:00Z,2026-02-11T07:00:00Z,turbine-2,0.015842911562304628,Open-Meteo Single Runs API,ecmwf_ifs,2026-02-09T00:00:00Z,12,2026-02-09T12:00:00Z,2026-01-31T23:50:00Z,UTC,density_adjusted_power_curve_median_0.5ms,wind_speed_100m,2.88,11.1,False
2026-02-09T12:00:00Z,2026-02-11T08:00:00Z,turbine-2,0.21606143404346576,Open-Meteo Single Runs API,ecmwf_ifs,2026-02-09T00:00:00Z,12,2026-02-09T12:00:00Z,2026-01-31T23:50:00Z,UTC,density_adjusted_power_curve_median_0.5ms,wind_speed_100m,5.99,11.7,False
2026-02-09T12:00:00Z,2026-02-11T09:00:00Z,turbine-2,0.7675598997066838,Open-Meteo Single Runs API,ecmwf_ifs,2026-02-09T00:00:00Z,12,2026-02-09T12:00:00Z,2026-01-31T23:50:00Z,UTC,density_adjusted_power_curve_median_0.5ms,wind_speed_100m,9.68,9.9,False
2026-02-09T12:00:00Z,2026-02-11T10:00:00Z,turbine-2,0.9676340124227671,Open-Meteo Single Runs API,ecmwf_ifs,2026-02-09T00:00:00Z,12,2026-02-09T12:00:00Z,2026-01-31T23:50:00Z,UTC,density_adjusted_power_curve_median_0.5ms,wind_speed_100m,11.52,7.7,False
2026-02-09T12:00:00Z,2026-02-11T11:00:00Z,turbine-2,0.97,Open-Meteo Single Runs API,ecmwf_ifs,2026-02-09T00:00:00Z,12,2026-02-09T12:00:00Z,2026-01-31T23:50:00Z,UTC,density_adjusted_power_curve_median_0.5ms,wind_speed_100m,11.61,5.4,False
2026-02-09T12:00:00Z,2026-02-11T12:00:00Z,turbine-2,0.97,Open-Meteo Single Runs API,ecmwf_ifs,2026-02-09T00:00:00Z,12,2026-02-09T12:00:00Z,2026-01-31T23:50:00Z,UTC,density_adjusted_power_curve_median_0.5ms,wind_speed_100m,13.46,3.7,False
2026-02-10T12:00:00Z,2026-02-10T13:00:00Z,turbine-1,0.09472708222649259,Open-Meteo Single Runs API,ecmwf_ifs,2026-02-10T00:00:00Z,12,2026-02-10T12:00:00Z,2026-01-31T23:50:00Z,UTC,density_adjusted_power_curve_median_0.5ms,wind_speed_100m,4.43,1.5,False
2026-02-10T12:00:00Z,2026-02-10T14:00:00Z,turbine-1,0.017008526172192433,Open-Meteo Single Runs API,ecmwf_ifs,2026-02-10T00:00:00Z,12,2026-02-10T12:00:00Z,2026-01-31T23:50:00Z,UTC,density_adjusted_power_curve_median_0.5ms,wind_speed_100m,2.87,0.3,False
2026-02-10T12:00:00Z,2026-02-10T15:00:00Z,turbine-1,0.3570728492214739,Open-Meteo Single Runs API,ecmwf_ifs,2026-02-10T00:00:00Z,12,2026-02-10T12:00:00Z,2026-01-31T23:50:00Z,UTC,density_adjusted_power_curve_median_0.5ms,wind_speed_100m,6.86,0.9,False
2026-02-10T12:00:00Z,2026-02-10T16:00:00Z,turbine-1,0.6645733930072509,Open-Meteo Single Runs API,ecmwf_ifs,2026-02-10T00:00:00Z,12,2026-02-10T12:00:00Z,2026-01-31T23:50:00Z,UTC,density_adjusted_power_curve_median_0.5ms,wind_speed_100m,8.78,1.6,False
2026-02-10T12:00:00Z,2026-02-10T17:00:00Z,turbine-1,0.917319156140645,Open-Meteo Single Runs API,ecmwf_ifs,2026-02-10T00:00:00Z,12,2026-02-10T12:00:00Z,2026-01-31T23:50:00Z,UTC,density_adjusted_power_curve_median_0.5ms,wind_speed_100m,10.49,1.1,False
2026-02-10T12:00:00Z,2026-02-10T18:00:00Z,turbine-1,0.9773743268893332,Open-Meteo Single Runs API,ecmwf_ifs,2026-02-10T00:00:00Z,12,2026-02-10T12:00:00Z,2026-01-31T23:50:00Z,UTC,density_adjusted_power_curve_median_0.5ms,wind_speed_100m,11.24,0.9,False
2026-02-10T12:00:00Z,2026-02-10T19:00:00Z,turbine-1,0.99,Open-Meteo Single Runs API,ecmwf_ifs,2026-02-10T00:00:00Z,12,2026-02-10T12:00:00Z,2026-01-31T23:50:00Z,UTC,density_adjusted_power_curve_median_0.5ms,wind_speed_100m,11.93,1.4,False
2026-02-10T12:00:00Z,2026-02-10T20:00:00Z,turbine-1,0.8324980470221592,Open-Meteo Single Runs API,ecmwf_ifs,2026-02-10T00:00:00Z,12,2026-02-10T12:00:00Z,2026-01-31T23:50:00Z,UTC,density_adjusted_power_curve_median_0.5ms,wind_speed_100m,9.89,1.0,False
2026-02-10T12:00:00Z,2026-02-10T21:00:00Z,turbine-1,0.7550260003762944,Open-Meteo Single Runs API,ecmwf_ifs,2026-02-10T00:00:00Z,12,2026-02-10T12:00:00Z,2026-01-31T23:50:00Z,UTC,density_adjusted_power_curve_median_0.5ms,wind_speed_100m,9.36,-0.1,False
2026-02-10T12:00:00Z,2026-02-10T22:00:00Z,turbine-1,0.6343511940824937,Open-Meteo Single Runs API,ecmwf_ifs,2026-02-10T00:00:00Z,12,2026-02-10T12:00:00Z,2026-01-31T23:50:00Z,UTC,density_adjusted_power_curve_median_0.5ms,wind_speed_100m,8.56,0.4,False
2026-02-10T12:00:00Z,2026-02-10T23:00:00Z,turbine-1,0.5316159160206669,Open-Meteo Single Runs API,ecmwf_ifs,2026-02-10T00:00:00Z,12,2026-02-10T12:00:00Z,2026-01-31T23:50:00Z,UTC,density_adjusted_power_curve_median_0.5ms,wind_speed_100m,7.92,0.3,False
2026-02-10T12:00:00Z,2026-02-11T00:00:00Z,turbine-1,0.07629992192549039,Open-Meteo Single Runs API,ecmwf_ifs,2026-02-10T00:00:00Z,12,2026-02-10T12:00:00Z,2026-01-31T23:50:00Z,UTC,density_adjusted_power_curve_median_0.5ms,wind_speed_100m,4.09,0.6,False
2026-02-10T12:00:00Z,2026-02-11T01:00:00Z,turbine-1,0.01,Open-Meteo Single Runs API,ecmwf_ifs,2026-02-10T00:00:00Z,12,2026-02-10T12:00:00Z,2026-01-31T23:50:00Z,UTC,density_adjusted_power_curve_median_0.5ms,wind_speed_100m,2.27,-0.5,False
2026-02-10T12:00:00Z,2026-02-11T02:00:00Z,turbine-1,0.01,Open-Meteo Single Runs API,ecmwf_ifs,2026-02-10T00:00:00Z,12,2026-02-10T12:00:00Z,2026-01-31T23:50:00Z,UTC,density_adjusted_power_curve_median_0.5ms,wind_speed_100m,2.44,-0.5,False
2026-02-10T12:00:00Z,2026-02-11T03:00:00Z,turbine-1,0.12368876479139276,Open-Meteo Single Runs API,ecmwf_ifs,2026-02-10T00:00:00Z,12,2026-02-10T12:00:00Z,2026-01-31T23:50:00Z,UTC,density_adjusted_power_curve_median_0.5ms,wind_speed_100m,4.85,1.5,False
2026-02-10T12:00:00Z,2026-02-11T04:00:00Z,turbine-1,0.03018308107573979,Open-Meteo Single Runs API,ecmwf_ifs,2026-02-10T00:00:00Z,12,2026-02-10T12:00:00Z,2026-01-31T23:50:00Z,UTC,density_adjusted_power_curve_median_0.5ms,wind_speed_100m,3.22,6.0,False
2026-02-10T12:00:00Z,2026-02-11T05:00:00Z,turbine-1,0.01,Open-Meteo Single Runs API,ecmwf_ifs,2026-02-10T00:00:00Z,12,2026-02-10T12:00:00Z,2026-01-31T23:50:00Z,UTC,density_adjusted_power_curve_median_0.5ms,wind_speed_100m,1.97,6.4,False
2026-02-10T12:00:00Z,2026-02-11T06:00:00Z,turbine-1,0.01,Open-Meteo Single Runs API,ecmwf_ifs,2026-02-10T00:00:00Z,12,2026-02-10T12:00:00Z,2026-01-31T23:50:00Z,UTC,density_adjusted_power_curve_median_0.5ms,wind_speed_100m,1.2,8.1,False
2026-02-10T12:00:00Z,2026-02-11T07:00:00Z,turbine-1,0.01,Open-Meteo Single Runs API,ecmwf_ifs,2026-02-10T00:00:00Z,12,2026-02-10T12:00:00Z,2026-01-31T23:50:00Z,UTC,density_adjusted_power_curve_median_0.5ms,wind_speed_100m,1.24,9.7,False
2026-02-10T12:00:00Z,2026-02-11T08:00:00Z,turbine-1,0.01,Open-Meteo Single Runs API,ecmwf_ifs,2026-02-10T00:00:00Z,12,2026-02-10T12:00:00Z,2026-01-31T23:50:00Z,UTC,density_adjusted_power_curve_median_0.5ms,wind_speed_100m,2.65,10.1,False
2026-02-10T12:00:00Z,2026-02-11T09:00:00Z,turbine-1,0.6223268808061184,Open-Meteo Single Runs API,ecmwf_ifs,2026-02-10T00:00:00Z,12,2026-02-10T12:00:00Z,2026-01-31T23:50:00Z,UTC,density_adjusted_power_curve_median_0.5ms,wind_speed_100m,8.57,8.7,False
2026-02-10T12:00:00Z,2026-02-11T10:00:00Z,turbine-1,0.99,Open-Meteo Single Runs API,ecmwf_ifs,2026-02-10T00:00:00Z,12,2026-02-10T12:00:00Z,2026-01-31T23:50:00Z,UTC,density_adjusted_power_curve_median_0.5ms,wind_speed_100m,12.72,7.3,False
2026-02-10T12:00:00Z,2026-02-11T11:00:00Z,turbine-1,0.99,Open-Meteo Single Runs API,ecmwf_ifs,2026-02-10T00:00:00Z,12,2026-02-10T12:00:00Z,2026-01-31T23:50:00Z,UTC,density_adjusted_power_curve_median_0.5ms,wind_speed_100m,13.09,5.0,False
2026-02-10T12:00:00Z,2026-02-11T12:00:00Z,turbine-1,0.9868261862811991,Open-Meteo Single Runs API,ecmwf_ifs,2026-02-10T00:00:00Z,12,2026-02-10T12:00:00Z,2026-01-31T23:50:00Z,UTC,density_adjusted_power_curve_median_0.5ms,wind_speed_100m,11.5,3.3,False
2026-02-10T12:00:00Z,2026-02-11T13:00:00Z,turbine-1,0.9363442050700053,Open-Meteo Single Runs API,ecmwf_ifs,2026-02-10T00:00:00Z,12,2026-02-10T12:00:00Z,2026-01-31T23:50:00Z,UTC,density_adjusted_power_curve_median_0.5ms,wind_speed_100m,10.68,2.9,False
2026-02-10T12:00:00Z,2026-02-11T14:00:00Z,turbine-1,0.9627189005445003,Open-Meteo Single Runs API,ecmwf_ifs,2026-02-10T00:00:00Z,12,2026-02-10T12:00:00Z,2026-01-31T23:50:00Z,UTC,density_adjusted_power_curve_median_0.5ms,wind_speed_100m,11.0,2.8,False
2026-02-10T12:00:00Z,2026-02-11T15:00:00Z,turbine-1,0.9516574629755304,Open-Meteo Single Runs API,ecmwf_ifs,2026-02-10T00:00:00Z,12,2026-02-10T12:00:00Z,2026-01-31T23:50:00Z,UTC,density_adjusted_power_curve_median_0.5ms,wind_speed_100m,10.86,2.4,False
2026-02-10T12:00:00Z,2026-02-11T16:00:00Z,turbine-1,0.8284680552579473,Open-Meteo Single Runs API,ecmwf_ifs,2026-02-10T00:00:00Z,12,2026-02-10T12:00:00Z,2026-01-31T23:50:00Z,UTC,density_adjusted_power_curve_median_0.5ms,wind_speed_100m,9.87,1.7,False
2026-02-10T12:00:00Z,2026-02-11T17:00:00Z,turbine-1,0.673899905715297,Open-Meteo Single Runs API,ecmwf_ifs,2026-02-10T00:00:00Z,12,2026-02-10T12:00:00Z,2026-01-31T23:50:00Z,UTC,density_adjusted_power_curve_median_0.5ms,wind_speed_100m,8.84,1.1,False
2026-02-10T12:00:00Z,2026-02-11T18:00:00Z,turbine-1,0.6518120350170328,Open-Meteo Single Runs API,ecmwf_ifs,2026-02-10T00:00:00Z,12,2026-02-10T12:00:00Z,2026-01-31T23:50:00Z,UTC,density_adjusted_power_curve_median_0.5ms,wind_speed_100m,8.68,0.6,False
2026-02-10T12:00:00Z,2026-02-11T19:00:00Z,turbine-1,0.6589544574794134,Open-Meteo Single Runs API,ecmwf_ifs,2026-02-10T00:00:00Z,12,2026-02-10T12:00:00Z,2026-01-31T23:50:00Z,UTC,density_adjusted_power_curve_median_0.5ms,wind_speed_100m,8.73,0.6,False
2026-02-10T12:00:00Z,2026-02-11T20:00:00Z,turbine-1,0.4330321820707988,Open-Meteo Single Runs API,ecmwf_ifs,2026-02-10T00:00:00Z,12,2026-02-10T12:00:00Z,2026-01-31T23:50:00Z,UTC,density_adjusted_power_curve_median_0.5ms,wind_speed_100m,7.32,0.5,False
2026-02-10T12:00:00Z,2026-02-11T21:00:00Z,turbine-1,0.4645944661050345,Open-Meteo Single Runs API,ecmwf_ifs,2026-02-10T00:00:00Z,12,2026-02-10T12:00:00Z,2026-01-31T23:50:00Z,UTC,density_adjusted_power_curve_median_0.5ms,wind_speed_100m,7.51,0.5,False
2026-02-10T12:00:00Z,2026-02-11T22:00:00Z,turbine-1,0.4443614678215336,Open-Meteo Single Runs API,ecmwf_ifs,2026-02-10T00:00:00Z,12,2026-02-10T12:00:00Z,2026-01-31T23:50:00Z,UTC,density_adjusted_power_curve_median_0.5ms,wind_speed_100m,7.39,0.7,False
2026-02-10T12:00:00Z,2026-02-11T23:00:00Z,turbine-1,0.4164204536317273,Open-Meteo Single Runs API,ecmwf_ifs,2026-02-10T00:00:00Z,12,2026-02-10T12:00:00Z,2026-01-31T23:50:00Z,UTC,density_adjusted_power_curve_median_0.5ms,wind_speed_100m,7.22,0.5,False
2026-02-10T12:00:00Z,2026-02-12T00:00:00Z,turbine-1,0.3338007707761063,Open-Meteo Single Runs API,ecmwf_ifs,2026-02-10T00:00:00Z,12,2026-02-10T12:00:00Z,2026-01-31T23:50:00Z,UTC,density_adjusted_power_curve_median_0.5ms,wind_speed_100m,6.71,0.1,False
2026-02-10T12:00:00Z,2026-02-12T01:00:00Z,turbine-1,0.18061982714941918,Open-Meteo Single Runs API,ecmwf_ifs,2026-02-10T00:00:00Z,12,2026-02-10T12:00:00Z,2026-01-31T23:50:00Z,UTC,density_adjusted_power_curve_median_0.5ms,wind_speed_100m,5.46,-0.3,False
2026-02-10T12:00:00Z,2026-02-12T02:00:00Z,turbine-1,0.05542010261826652,Open-Meteo Single Runs API,ecmwf_ifs,2026-02-10T00:00:00Z,12,2026-02-10T12:00:00Z,2026-01-31T23:50:00Z,UTC,density_adjusted_power_curve_median_0.5ms,wind_speed_100m,3.61,-0.5,False
2026-02-10T12:00:00Z,2026-02-12T03:00:00Z,turbine-1,0.01,Open-Meteo Single Runs API,ecmwf_ifs,2026-02-10T00:00:00Z,12,2026-02-10T12:00:00Z,2026-01-31T23:50:00Z,UTC,density_adjusted_power_curve_median_0.5ms,wind_speed_100m,1.96,-0.3,False
2026-02-10T12:00:00Z,2026-02-12T04:00:00Z,turbine-1,0.01,Open-Meteo Single Runs API,ecmwf_ifs,2026-02-10T00:00:00Z,12,2026-02-10T12:00:00Z,2026-01-31T23:50:00Z,UTC,density_adjusted_power_curve_median_0.5ms,wind_speed_100m,1.9,0.0,False
2026-02-10T12:00:00Z,2026-02-12T05:00:00Z,turbine-1,0.01,Open-Meteo Single Runs API,ecmwf_ifs,2026-02-10T00:00:00Z,12,2026-02-10T12:00:00Z,2026-01-31T23:50:00Z,UTC,density_adjusted_power_curve_median_0.5ms,wind_speed_100m,1.5,0.9,False
2026-02-10T12:00:00Z,2026-02-12T06:00:00Z,turbine-1,0.01,Open-Meteo Single Runs API,ecmwf_ifs,2026-02-10T00:00:00Z,12,2026-02-10T12:00:00Z,2026-01-31T23:50:00Z,UTC,density_adjusted_power_curve_median_0.5ms,wind_speed_100m,1.6,2.4,False
2026-02-10T12:00:00Z,2026-02-12T07:00:00Z,turbine-1,0.021886462928946554,Open-Meteo Single Runs API,ecmwf_ifs,2026-02-10T00:00:00Z,12,2026-02-10T12:00:00Z,2026-01-31T23:50:00Z,UTC,density_adjusted_power_curve_median_0.5ms,wind_speed_100m,3.0,2.5,False
2026-02-10T12:00:00Z,2026-02-12T08:00:00Z,turbine-1,0.01,Open-Meteo Single Runs API,ecmwf_ifs,2026-02-10T00:00:00Z,12,2026-02-10T12:00:00Z,2026-01-31T23:50:00Z,UTC,density_adjusted_power_curve_median_0.5ms,wind_speed_100m,1.59,2.2,False
2026-02-10T12:00:00Z,2026-02-12T09:00:00Z,turbine-1,0.01,Open-Meteo Single Runs API,ecmwf_ifs,2026-02-10T00:00:00Z,12,2026-02-10T12:00:00Z,2026-01-31T23:50:00Z,UTC,density_adjusted_power_curve_median_0.5ms,wind_speed_100m,2.54,2.6,False
2026-02-10T12:00:00Z,2026-02-12T10:00:00Z,turbine-1,0.040333409992156975,Open-Meteo Single Runs API,ecmwf_ifs,2026-02-10T00:00:00Z,12,2026-02-10T12:00:00Z,2026-01-31T23:50:00Z,UTC,density_adjusted_power_curve_median_0.5ms,wind_speed_100m,3.37,1.5,False
2026-02-10T12:00:00Z,2026-02-12T11:00:00Z,turbine-1,0.0478156604960933,Open-Meteo Single Runs API,ecmwf_ifs,2026-02-10T00:00:00Z,12,2026-02-10T12:00:00Z,2026-01-31T23:50:00Z,UTC,density_adjusted_power_curve_median_0.5ms,wind_speed_100m,3.49,0.7,False
2026-02-10T12:00:00Z,2026-02-12T12:00:00Z,turbine-1,0.06752096212471463,Open-Meteo Single Runs API,ecmwf_ifs,2026-02-10T00:00:00Z,12,2026-02-10T12:00:00Z,2026-01-31T23:50:00Z,UTC,density_adjusted_power_curve_median_0.5ms,wind_speed_100m,3.87,-0.4,False
2026-02-10T12:00:00Z,2026-02-10T13:00:00Z,turbine-2,0.0947560666424842,Open-Meteo Single Runs API,ecmwf_ifs,2026-02-10T00:00:00Z,12,2026-02-10T12:00:00Z,2026-01-31T23:50:00Z,UTC,density_adjusted_power_curve_median_0.5ms,wind_speed_100m,4.43,1.5,False
2026-02-10T12:00:00Z,2026-02-10T14:00:00Z,turbine-2,0.01693327827327248,Open-Meteo Single Runs API,ecmwf_ifs,2026-02-10T00:00:00Z,12,2026-02-10T12:00:00Z,2026-01-31T23:50:00Z,UTC,density_adjusted_power_curve_median_0.5ms,wind_speed_100m,2.87,0.3,False
2026-02-10T12:00:00Z,2026-02-10T15:00:00Z,turbine-2,0.3470812449018601,Open-Meteo Single Runs API,ecmwf_ifs,2026-02-10T00:00:00Z,12,2026-02-10T12:00:00Z,2026-01-31T23:50:00Z,UTC,density_adjusted_power_curve_median_0.5ms,wind_speed_100m,6.86,0.9,False
2026-02-10T12:00:00Z,2026-02-10T16:00:00Z,turbine-2,0.6485214783577544,Open-Meteo Single Runs API,ecmwf_ifs,2026-02-10T00:00:00Z,12,2026-02-10T12:00:00Z,2026-01-31T23:50:00Z,UTC,density_adjusted_power_curve_median_0.5ms,wind_speed_100m,8.78,1.6,False
2026-02-10T12:00:00Z,2026-02-10T17:00:00Z,turbine-2,0.8966196006416249,Open-Meteo Single Runs API,ecmwf_ifs,2026-02-10T00:00:00Z,12,2026-02-10T12:00:00Z,2026-01-31T23:50:00Z,UTC,density_adjusted_power_curve_median_0.5ms,wind_speed_100m,10.49,1.1,False
2026-02-10T12:00:00Z,2026-02-10T18:00:00Z,turbine-2,0.9637073971639496,Open-Meteo Single Runs API,ecmwf_ifs,2026-02-10T00:00:00Z,12,2026-02-10T12:00:00Z,2026-01-31T23:50:00Z,UTC,density_adjusted_power_curve_median_0.5ms,wind_speed_100m,11.24,0.9,False
2026-02-10T12:00:00Z,2026-02-10T19:00:00Z,turbine-2,0.97,Open-Meteo Single Runs API,ecmwf_ifs,2026-02-10T00:00:00Z,12,2026-02-10T12:00:00Z,2026-01-31T23:50:00Z,UTC,density_adjusted_power_curve_median_0.5ms,wind_speed_100m,11.93,1.4,False
2026-02-10T12:00:00Z,2026-02-10T20:00:00Z,turbine-2,0.8124426470187913,Open-Meteo Single Runs API,ecmwf_ifs,2026-02-10T00:00:00Z,12,2026-02-10T12:00:00Z,2026-01-31T23:50:00Z,UTC,density_adjusted_power_curve_median_0.5ms,wind_speed_100m,9.89,1.0,False
2026-02-10T12:00:00Z,2026-02-10T21:00:00Z,turbine-2,0.7388730163959397,Open-Meteo Single Runs API,ecmwf_ifs,2026-02-10T00:00:00Z,12,2026-02-10T12:00:00Z,2026-01-31T23:50:00Z,UTC,density_adjusted_power_curve_median_0.5ms,wind_speed_100m,9.36,-0.1,False
2026-02-10T12:00:00Z,2026-02-10T22:00:00Z,turbine-2,0.6158446550787448,Open-Meteo Single Runs API,ecmwf_ifs,2026-02-10T00:00:00Z,12,2026-02-10T12:00:00Z,2026-01-31T23:50:00Z,UTC,density_adjusted_power_curve_median_0.5ms,wind_speed_100m,8.56,0.4,False
2026-02-10T12:00:00Z,2026-02-10T23:00:00Z,turbine-2,0.5216523059481052,Open-Meteo Single Runs API,ecmwf_ifs,2026-02-10T00:00:00Z,12,2026-02-10T12:00:00Z,2026-01-31T23:50:00Z,UTC,density_adjusted_power_curve_median_0.5ms,wind_speed_100m,7.92,0.3,False
2026-02-10T12:00:00Z,2026-02-11T00:00:00Z,turbine-2,0.07441681359318093,Open-Meteo Single Runs API,ecmwf_ifs,2026-02-10T00:00:00Z,12,2026-02-10T12:00:00Z,2026-01-31T23:50:00Z,UTC,density_adjusted_power_curve_median_0.5ms,wind_speed_100m,4.09,0.6,False
2026-02-10T12:00:00Z,2026-02-11T01:00:00Z,turbine-2,0.01,Open-Meteo Single Runs API,ecmwf_ifs,2026-02-10T00:00:00Z,12,2026-02-10T12:00:00Z,2026-01-31T23:50:00Z,UTC,density_adjusted_power_curve_median_0.5ms,wind_speed_100m,2.27,-0.5,False
2026-02-10T12:00:00Z,2026-02-11T02:00:00Z,turbine-2,0.01,Open-Meteo Single Runs API,ecmwf_ifs,2026-02-10T00:00:00Z,12,2026-02-10T12:00:00Z,2026-01-31T23:50:00Z,UTC,density_adjusted_power_curve_median_0.5ms,wind_speed_100m,2.44,-0.5,False
2026-02-10T12:00:00Z,2026-02-11T03:00:00Z,turbine-2,0.12045159461519563,Open-Meteo Single Runs API,ecmwf_ifs,2026-02-10T00:00:00Z,12,2026-02-10T12:00:00Z,2026-01-31T23:50:00Z,UTC,density_adjusted_power_curve_median_0.5ms,wind_speed_100m,4.85,1.5,False
2026-02-10T12:00:00Z,2026-02-11T04:00:00Z,turbine-2,0.030205372139949956,Open-Meteo Single Runs API,ecmwf_ifs,2026-02-10T00:00:00Z,12,2026-02-10T12:00:00Z,2026-01-31T23:50:00Z,UTC,density_adjusted_power_curve_median_0.5ms,wind_speed_100m,3.22,6.0,False
2026-02-10T12:00:00Z,2026-02-11T05:00:00Z,turbine-2,0.01,Open-Meteo Single Runs API,ecmwf_ifs,2026-02-10T00:00:00Z,12,2026-02-10T12:00:00Z,2026-01-31T23:50:00Z,UTC,density_adjusted_power_curve_median_0.5ms,wind_speed_100m,1.97,6.4,False
2026-02-10T12:00:00Z,2026-02-11T06:00:00Z,turbine-2,0.01,Open-Meteo Single Runs API,ecmwf_ifs,2026-02-10T00:00:00Z,12,2026-02-10T12:00:00Z,2026-01-31T23:50:00Z,UTC,density_adjusted_power_curve_median_0.5ms,wind_speed_100m,1.2,8.1,False
2026-02-10T12:00:00Z,2026-02-11T07:00:00Z,turbine-2,0.01,Open-Meteo Single Runs API,ecmwf_ifs,2026-02-10T00:00:00Z,12,2026-02-10T12:00:00Z,2026-01-31T23:50:00Z,UTC,density_adjusted_power_curve_median_0.5ms,wind_speed_100m,1.24,9.7,False
2026-02-10T12:00:00Z,2026-02-11T08:00:00Z,turbine-2,0.01,Open-Meteo Single Runs API,ecmwf_ifs,2026-02-10T00:00:00Z,12,2026-02-10T12:00:00Z,2026-01-31T23:50:00Z,UTC,density_adjusted_power_curve_median_0.5ms,wind_speed_100m,2.65,10.1,False
2026-02-10T12:00:00Z,2026-02-11T09:00:00Z,turbine-2,0.6052221425102174,Open-Meteo Single Runs API,ecmwf_ifs,2026-02-10T00:00:00Z,12,2026-02-10T12:00:00Z,2026-01-31T23:50:00Z,UTC,density_adjusted_power_curve_median_0.5ms,wind_speed_100m,8.57,8.7,False
2026-02-10T12:00:00Z,2026-02-11T10:00:00Z,turbine-2,0.97,Open-Meteo Single Runs API,ecmwf_ifs,2026-02-10T00:00:00Z,12,2026-02-10T12:00:00Z,2026-01-31T23:50:00Z,UTC,density_adjusted_power_curve_median_0.5ms,wind_speed_100m,12.72,7.3,False
2026-02-10T12:00:00Z,2026-02-11T11:00:00Z,turbine-2,0.97,Open-Meteo Single Runs API,ecmwf_ifs,2026-02-10T00:00:00Z,12,2026-02-10T12:00:00Z,2026-01-31T23:50:00Z,UTC,density_adjusted_power_curve_median_0.5ms,wind_speed_100m,13.09,5.0,False
2026-02-10T12:00:00Z,2026-02-11T12:00:00Z,turbine-2,0.9684848293733229,Open-Meteo Single Runs API,ecmwf_ifs,2026-02-10T00:00:00Z,12,2026-02-10T12:00:00Z,2026-01-31T23:50:00Z,UTC,density_adjusted_power_curve_median_0.5ms,wind_speed_100m,11.5,3.3,False
2026-02-10T12:00:00Z,2026-02-11T13:00:00Z,turbine-2,0.9173360547272191,Open-Meteo Single Runs API,ecmwf_ifs,2026-02-10T00:00:00Z,12,2026-02-10T12:00:00Z,2026-01-31T23:50:00Z,UTC,density_adjusted_power_curve_median_0.5ms,wind_speed_100m,10.68,2.9,False
2026-02-10T12:00:00Z,2026-02-11T14:00:00Z,turbine-2,0.9506929080375089,Open-Meteo Single Runs API,ecmwf_ifs,2026-02-10T00:00:00Z,12,2026-02-10T12:00:00Z,2026-01-31T23:50:00Z,UTC,density_adjusted_power_curve_median_0.5ms,wind_speed_100m,11.0,2.8,False
2026-02-10T12:00:00Z,2026-02-11T15:00:00Z,turbine-2,0.9367031825164744,Open-Meteo Single Runs API,ecmwf_ifs,2026-02-10T00:00:00Z,12,2026-02-10T12:00:00Z,2026-01-31T23:50:00Z,UTC,density_adjusted_power_curve_median_0.5ms,wind_speed_100m,10.86,2.4,False
2026-02-10T12:00:00Z,2026-02-11T16:00:00Z,turbine-2,0.8083601398007684,Open-Meteo Single Runs API,ecmwf_ifs,2026-02-10T00:00:00Z,12,2026-02-10T12:00:00Z,2026-01-31T23:50:00Z,UTC,density_adjusted_power_curve_median_0.5ms,wind_speed_100m,9.87,1.7,False
2026-02-10T12:00:00Z,2026-02-11T17:00:00Z,turbine-2,0.6589878603911289,Open-Meteo Single Runs API,ecmwf_ifs,2026-02-10T00:00:00Z,12,2026-02-10T12:00:00Z,2026-01-31T23:50:00Z,UTC,density_adjusted_power_curve_median_0.5ms,wind_speed_100m,8.84,1.1,False
2026-02-10T12:00:00Z,2026-02-11T18:00:00Z,turbine-2,0.6342004505340263,Open-Meteo Single Runs API,ecmwf_ifs,2026-02-10T00:00:00Z,12,2026-02-10T12:00:00Z,2026-01-31T23:50:00Z,UTC,density_adjusted_power_curve_median_0.5ms,wind_speed_100m,8.68,0.6,False
2026-02-10T12:00:00Z,2026-02-11T19:00:00Z,turbine-2,0.6422158068065311,Open-Meteo Single Runs API,ecmwf_ifs,2026-02-10T00:00:00Z,12,2026-02-10T12:00:00Z,2026-01-31T23:50:00Z,UTC,density_adjusted_power_curve_median_0.5ms,wind_speed_100m,8.73,0.6,False
2026-02-10T12:00:00Z,2026-02-11T20:00:00Z,turbine-2,0.4231906890639345,Open-Meteo Single Runs API,ecmwf_ifs,2026-02-10T00:00:00Z,12,2026-02-10T12:00:00Z,2026-01-31T23:50:00Z,UTC,density_adjusted_power_curve_median_0.5ms,wind_speed_100m,7.32,0.5,False
2026-02-10T12:00:00Z,2026-02-11T21:00:00Z,turbine-2,0.45448705467300965,Open-Meteo Single Runs API,ecmwf_ifs,2026-02-10T00:00:00Z,12,2026-02-10T12:00:00Z,2026-01-31T23:50:00Z,UTC,density_adjusted_power_curve_median_0.5ms,wind_speed_100m,7.51,0.5,False
2026-02-10T12:00:00Z,2026-02-11T22:00:00Z,turbine-2,0.43442452336312787,Open-Meteo Single Runs API,ecmwf_ifs,2026-02-10T00:00:00Z,12,2026-02-10T12:00:00Z,2026-01-31T23:50:00Z,UTC,density_adjusted_power_curve_median_0.5ms,wind_speed_100m,7.39,0.7,False
2026-02-10T12:00:00Z,2026-02-11T23:00:00Z,turbine-2,0.4067189176907369,Open-Meteo Single Runs API,ecmwf_ifs,2026-02-10T00:00:00Z,12,2026-02-10T12:00:00Z,2026-01-31T23:50:00Z,UTC,density_adjusted_power_curve_median_0.5ms,wind_speed_100m,7.22,0.5,False
2026-02-10T12:00:00Z,2026-02-12T00:00:00Z,turbine-2,0.32357806764639785,Open-Meteo Single Runs API,ecmwf_ifs,2026-02-10T00:00:00Z,12,2026-02-10T12:00:00Z,2026-01-31T23:50:00Z,UTC,density_adjusted_power_curve_median_0.5ms,wind_speed_100m,6.71,0.1,False
2026-02-10T12:00:00Z,2026-02-12T01:00:00Z,turbine-2,0.17061011597645964,Open-Meteo Single Runs API,ecmwf_ifs,2026-02-10T00:00:00Z,12,2026-02-10T12:00:00Z,2026-01-31T23:50:00Z,UTC,density_adjusted_power_curve_median_0.5ms,wind_speed_100m,5.46,-0.3,False
2026-02-10T12:00:00Z,2026-02-12T02:00:00Z,turbine-2,0.04725251182896613,Open-Meteo Single Runs API,ecmwf_ifs,2026-02-10T00:00:00Z,12,2026-02-10T12:00:00Z,2026-01-31T23:50:00Z,UTC,density_adjusted_power_curve_median_0.5ms,wind_speed_100m,3.61,-0.5,False
2026-02-10T12:00:00Z,2026-02-12T03:00:00Z,turbine-2,0.01,Open-Meteo Single Runs API,ecmwf_ifs,2026-02-10T00:00:00Z,12,2026-02-10T12:00:00Z,2026-01-31T23:50:00Z,UTC,density_adjusted_power_curve_median_0.5ms,wind_speed_100m,1.96,-0.3,False
2026-02-10T12:00:00Z,2026-02-12T04:00:00Z,turbine-2,0.01,Open-Meteo Single Runs API,ecmwf_ifs,2026-02-10T00:00:00Z,12,2026-02-10T12:00:00Z,2026-01-31T23:50:00Z,UTC,density_adjusted_power_curve_median_0.5ms,wind_speed_100m,1.9,0.0,False
2026-02-10T12:00:00Z,2026-02-12T05:00:00Z,turbine-2,0.01,Open-Meteo Single Runs API,ecmwf_ifs,2026-02-10T00:00:00Z,12,2026-02-10T12:00:00Z,2026-01-31T23:50:00Z,UTC,density_adjusted_power_curve_median_0.5ms,wind_speed_100m,1.5,0.9,False
2026-02-10T12:00:00Z,2026-02-12T06:00:00Z,turbine-2,0.01,Open-Meteo Single Runs API,ecmwf_ifs,2026-02-10T00:00:00Z,12,2026-02-10T12:00:00Z,2026-01-31T23:50:00Z,UTC,density_adjusted_power_curve_median_0.5ms,wind_speed_100m,1.6,2.4,False
2026-02-10T12:00:00Z,2026-02-12T07:00:00Z,turbine-2,0.02186973103209241,Open-Meteo Single Runs API,ecmwf_ifs,2026-02-10T00:00:00Z,12,2026-02-10T12:00:00Z,2026-01-31T23:50:00Z,UTC,density_adjusted_power_curve_median_0.5ms,wind_speed_100m,3.0,2.5,False
2026-02-10T12:00:00Z,2026-02-12T08:00:00Z,turbine-2,0.01,Open-Meteo Single Runs API,ecmwf_ifs,2026-02-10T00:00:00Z,12,2026-02-10T12:00:00Z,2026-01-31T23:50:00Z,UTC,density_adjusted_power_curve_median_0.5ms,wind_speed_100m,1.59,2.2,False
2026-02-10T12:00:00Z,2026-02-12T09:00:00Z,turbine-2,0.01,Open-Meteo Single Runs API,ecmwf_ifs,2026-02-10T00:00:00Z,12,2026-02-10T12:00:00Z,2026-01-31T23:50:00Z,UTC,density_adjusted_power_curve_median_0.5ms,wind_speed_100m,2.54,2.6,False
2026-02-10T12:00:00Z,2026-02-12T10:00:00Z,turbine-2,0.0370617309474283,Open-Meteo Single Runs API,ecmwf_ifs,2026-02-10T00:00:00Z,12,2026-02-10T12:00:00Z,2026-01-31T23:50:00Z,UTC,density_adjusted_power_curve_median_0.5ms,wind_speed_100m,3.37,1.5,False
2026-02-10T12:00:00Z,2026-02-12T11:00:00Z,turbine-2,0.04211585230298838,Open-Meteo Single Runs API,ecmwf_ifs,2026-02-10T00:00:00Z,12,2026-02-10T12:00:00Z,2026-01-31T23:50:00Z,UTC,density_adjusted_power_curve_median_0.5ms,wind_speed_100m,3.49,0.7,False
2026-02-10T12:00:00Z,2026-02-12T12:00:00Z,turbine-2,0.06153818514548049,Open-Meteo Single Runs API,ecmwf_ifs,2026-02-10T00:00:00Z,12,2026-02-10T12:00:00Z,2026-01-31T23:50:00Z,UTC,density_adjusted_power_curve_median_0.5ms,wind_speed_100m,3.87,-0.4,False
2026-02-11T12:00:00Z,2026-02-11T13:00:00Z,turbine-1,0.99,Open-Meteo Single Runs API,ecmwf_ifs,2026-02-11T00:00:00Z,12,2026-02-11T12:00:00Z,2026-01-31T23:50:00Z,UTC,density_adjusted_power_curve_median_0.5ms,wind_speed_100m,11.9,3.3,False
2026-02-11T12:00:00Z,2026-02-11T14:00:00Z,turbine-1,0.99,Open-Meteo Single Runs API,ecmwf_ifs,2026-02-11T00:00:00Z,12,2026-02-11T12:00:00Z,2026-01-31T23:50:00Z,UTC,density_adjusted_power_curve_median_0.5ms,wind_speed_100m,12.37,2.3,False
2026-02-11T12:00:00Z,2026-02-11T15:00:00Z,turbine-1,0.9648537211783219,Open-Meteo Single Runs API,ecmwf_ifs,2026-02-11T00:00:00Z,12,2026-02-11T12:00:00Z,2026-01-31T23:50:00Z,UTC,density_adjusted_power_curve_median_0.5ms,wind_speed_100m,11.01,1.6,False
2026-02-11T12:00:00Z,2026-02-11T16:00:00Z,turbine-1,0.8775211405754619,Open-Meteo Single Runs API,ecmwf_ifs,2026-02-11T00:00:00Z,12,2026-02-11T12:00:00Z,2026-01-31T23:50:00Z,UTC,density_adjusted_power_curve_median_0.5ms,wind_speed_100m,10.21,1.2,False
2026-02-11T12:00:00Z,2026-02-11T17:00:00Z,turbine-1,0.7164874871184472,Open-Meteo Single Runs API,ecmwf_ifs,2026-02-11T00:00:00Z,12,2026-02-11T12:00:00Z,2026-01-31T23:50:00Z,UTC,density_adjusted_power_curve_median_0.5ms,wind_speed_100m,9.13,0.8,False
2026-02-11T12:00:00Z,2026-02-11T18:00:00Z,turbine-1,0.6388276292210925,Open-Meteo Single Runs API,ecmwf_ifs,2026-02-11T00:00:00Z,12,2026-02-11T12:00:00Z,2026-01-31T23:50:00Z,UTC,density_adjusted_power_curve_median_0.5ms,wind_speed_100m,8.59,0.6,False
2026-02-11T12:00:00Z,2026-02-11T19:00:00Z,turbine-1,0.40175858642474394,Open-Meteo Single Runs API,ecmwf_ifs,2026-02-11T00:00:00Z,12,2026-02-11T12:00:00Z,2026-01-31T23:50:00Z,UTC,density_adjusted_power_curve_median_0.5ms,wind_speed_100m,7.13,0.3,False
2026-02-11T12:00:00Z,2026-02-11T20:00:00Z,turbine-1,0.3165355253073222,Open-Meteo Single Runs API,ecmwf_ifs,2026-02-11T00:00:00Z,12,2026-02-11T12:00:00Z,2026-01-31T23:50:00Z,UTC,density_adjusted_power_curve_median_0.5ms,wind_speed_100m,6.6,0.0,False
2026-02-11T12:00:00Z,2026-02-11T21:00:00Z,turbine-1,0.3486845300653843,Open-Meteo Single Runs API,ecmwf_ifs,2026-02-11T00:00:00Z,12,2026-02-11T12:00:00Z,2026-01-31T23:50:00Z,UTC,density_adjusted_power_curve_median_0.5ms,wind_speed_100m,6.8,-0.1,False
2026-02-11T12:00:00Z,2026-02-11T22:00:00Z,turbine-1,0.27755291986640523,Open-Meteo Single Runs API,ecmwf_ifs,2026-02-11T00:00:00Z,12,2026-02-11T12:00:00Z,2026-01-31T23:50:00Z,UTC,density_adjusted_power_curve_median_0.5ms,wind_speed_100m,6.33,0.3,False
2026-02-11T12:00:00Z,2026-02-11T23:00:00Z,turbine-1,0.22515976859834713,Open-Meteo Single Runs API,ecmwf_ifs,2026-02-11T00:00:00Z,12,2026-02-11T12:00:00Z,2026-01-31T23:50:00Z,UTC,density_adjusted_power_curve_median_0.5ms,wind_speed_100m,5.9,0.6,False
2026-02-11T12:00:00Z,2026-02-12T00:00:00Z,turbine-1,0.12320449581790983,Open-Meteo Single Runs API,ecmwf_ifs,2026-02-11T00:00:00Z,12,2026-02-11T12:00:00Z,2026-01-31T23:50:00Z,UTC,density_adjusted_power_curve_median_0.5ms,wind_speed_100m,4.84,0.8,False
2026-02-11T12:00:00Z,2026-02-12T01:00:00Z,turbine-1,0.014954406187067306,Open-Meteo Single Runs API,ecmwf_ifs,2026-02-11T00:00:00Z,12,2026-02-11T12:00:00Z,2026-01-31T23:50:00Z,UTC,density_adjusted_power_curve_median_0.5ms,wind_speed_100m,2.82,0.7,False
2026-02-11T12:00:00Z,2026-02-12T02:00:00Z,turbine-1,0.01,Open-Meteo Single Runs API,ecmwf_ifs,2026-02-11T00:00:00Z,12,2026-02-11T12:00:00Z,2026-01-31T23:50:00Z,UTC,density_adjusted_power_curve_median_0.5ms,wind_speed_100m,2.37,0.1,False
2026-02-11T12:00:00Z,2026-02-12T03:00:00Z,turbine-1,0.01,Open-Meteo Single Runs API,ecmwf_ifs,2026-02-11T00:00:00Z,12,2026-02-11T12:00:00Z,2026-01-31T23:50:00Z,UTC,density_adjusted_power_curve_median_0.5ms,wind_speed_100m,2.1,0.1,False
2026-02-11T12:00:00Z,2026-02-12T04:00:00Z,turbine-1,0.01,Open-Meteo Single Runs API,ecmwf_ifs,2026-02-11T00:00:00Z,12,2026-02-11T12:00:00Z,2026-01-31T23:50:00Z,UTC,density_adjusted_power_curve_median_0.5ms,wind_speed_100m,1.99,0.5,False
2026-02-11T12:00:00Z,2026-02-12T05:00:00Z,turbine-1,0.0140870973962978,Open-Meteo Single Runs API,ecmwf_ifs,2026-02-11T00:00:00Z,12,2026-02-11T12:00:00Z,2026-01-31T23:50:00Z,UTC,density_adjusted_power_curve_median_0.5ms,wind_speed_100m,2.8,1.2,False
2026-02-11T12:00:00Z,2026-02-12T06:00:00Z,turbine-1,0.03170188463170409,Open-Meteo Single Runs API,ecmwf_ifs,2026-02-11T00:00:00Z,12,2026-02-11T12:00:00Z,2026-01-31T23:50:00Z,UTC,density_adjusted_power_curve_median_0.5ms,wind_speed_100m,3.23,2.1,False
2026-02-11T12:00:00Z,2026-02-12T07:00:00Z,turbine-1,0.01,Open-Meteo Single Runs API,ecmwf_ifs,2026-02-11T00:00:00Z,12,2026-02-11T12:00:00Z,2026-01-31T23:50:00Z,UTC,density_adjusted_power_curve_median_0.5ms,wind_speed_100m,1.98,2.4,False
2026-02-11T12:00:00Z,2026-02-12T08:00:00Z,turbine-1,0.01,Open-Meteo Single Runs API,ecmwf_ifs,2026-02-11T00:00:00Z,12,2026-02-11T12:00:00Z,2026-01-31T23:50:00Z,UTC,density_adjusted_power_curve_median_0.5ms,wind_speed_100m,1.8,3.1,False
2026-02-11T12:00:00Z,2026-02-12T09:00:00Z,turbine-1,0.01,Open-Meteo Single Runs API,ecmwf_ifs,2026-02-11T00:00:00Z,12,2026-02-11T12:00:00Z,2026-01-31T23:50:00Z,UTC,density_adjusted_power_curve_median_0.5ms,wind_speed_100m,1.35,3.6,False
2026-02-11T12:00:00Z,2026-02-12T10:00:00Z,turbine-1,0.01,Open-Meteo Single Runs API,ecmwf_ifs,2026-02-11T00:00:00Z,12,2026-02-11T12:00:00Z,2026-01-31T23:50:00Z,UTC,density_adjusted_power_curve_median_0.5ms,wind_speed_100m,1.64,3.5,False
2026-02-11T12:00:00Z,2026-02-12T11:00:00Z,turbine-1,0.04798484439982359,Open-Meteo Single Runs API,ecmwf_ifs,2026-02-11T00:00:00Z,12,2026-02-11T12:00:00Z,2026-01-31T23:50:00Z,UTC,density_adjusted_power_curve_median_0.5ms,wind_speed_100m,3.5,2.4,False
2026-02-11T12:00:00Z,2026-02-12T12:00:00Z,turbine-1,0.0853159458914114,Open-Meteo Single Runs API,ecmwf_ifs,2026-02-11T00:00:00Z,12,2026-02-11T12:00:00Z,2026-01-31T23:50:00Z,UTC,density_adjusted_power_curve_median_0.5ms,wind_speed_100m,4.27,0.8,False
2026-02-11T12:00:00Z,2026-02-12T13:00:00Z,turbine-1,0.09343773900206352,Open-Meteo Single Runs API,ecmwf_ifs,2026-02-11T00:00:00Z,12,2026-02-11T12:00:00Z,2026-01-31T23:50:00Z,UTC,density_adjusted_power_curve_median_0.5ms,wind_speed_100m,4.4,-0.1,False
2026-02-11T12:00:00Z,2026-02-12T14:00:00Z,turbine-1,0.10982299294090164,Open-Meteo Single Runs API,ecmwf_ifs,2026-02-11T00:00:00Z,12,2026-02-11T12:00:00Z,2026-01-31T23:50:00Z,UTC,density_adjusted_power_curve_median_0.5ms,wind_speed_100m,4.67,-0.4,False
2026-02-11T12:00:00Z,2026-02-12T15:00:00Z,turbine-1,0.13034172460651852,Open-Meteo Single Runs API,ecmwf_ifs,2026-02-11T00:00:00Z,12,2026-02-11T12:00:00Z,2026-01-31T23:50:00Z,UTC,density_adjusted_power_curve_median_0.5ms,wind_speed_100m,4.92,-0.3,False
2026-02-11T12:00:00Z,2026-02-12T16:00:00Z,turbine-1,0.07648310731155837,Open-Meteo Single Runs API,ecmwf_ifs,2026-02-11T00:00:00Z,12,2026-02-11T12:00:00Z,2026-01-31T23:50:00Z,UTC,density_adjusted_power_curve_median_0.5ms,wind_speed_100m,4.09,-0.3,False
2026-02-11T12:00:00Z,2026-02-12T17:00:00Z,turbine-1,0.01,Open-Meteo Single Runs API,ecmwf_ifs,2026-02-11T00:00:00Z,12,2026-02-11T12:00:00Z,2026-01-31T23:50:00Z,UTC,density_adjusted_power_curve_median_0.5ms,wind_speed_100m,2.63,-1.1,False
2026-02-11T12:00:00Z,2026-02-12T18:00:00Z,turbine-1,0.01,Open-Meteo Single Runs API,ecmwf_ifs,2026-02-11T00:00:00Z,12,2026-02-11T12:00:00Z,2026-01-31T23:50:00Z,UTC,density_adjusted_power_curve_median_0.5ms,wind_speed_100m,1.88,-1.6,False
2026-02-11T12:00:00Z,2026-02-12T19:00:00Z,turbine-1,0.04194451629610076,Open-Meteo Single Runs API,ecmwf_ifs,2026-02-11T00:00:00Z,12,2026-02-11T12:00:00Z,2026-01-31T23:50:00Z,UTC,density_adjusted_power_curve_median_0.5ms,wind_speed_100m,3.38,-2.5,False
2026-02-11T12:00:00Z,2026-02-12T20:00:00Z,turbine-1,0.01,Open-Meteo Single Runs API,ecmwf_ifs,2026-02-11T00:00:00Z,12,2026-02-11T12:00:00Z,2026-01-31T23:50:00Z,UTC,density_adjusted_power_curve_median_0.5ms,wind_speed_100m,2.13,-2.9,False
2026-02-11T12:00:00Z,2026-02-12T21:00:00Z,turbine-1,0.01,Open-Meteo Single Runs API,ecmwf_ifs,2026-02-11T00:00:00Z,12,2026-02-11T12:00:00Z,2026-01-31T23:50:00Z,UTC,density_adjusted_power_curve_median_0.5ms,wind_speed_100m,1.66,-2.3,False
2026-02-11T12:00:00Z,2026-02-12T22:00:00Z,turbine-1,0.01,Open-Meteo Single Runs API,ecmwf_ifs,2026-02-11T00:00:00Z,12,2026-02-11T12:00:00Z,2026-01-31T23:50:00Z,UTC,density_adjusted_power_curve_median_0.5ms,wind_speed_100m,1.33,-2.2,False
2026-02-11T12:00:00Z,2026-02-12T23:00:00Z,turbine-1,0.01,Open-Meteo Single Runs API,ecmwf_ifs,2026-02-11T00:00:00Z,12,2026-02-11T12:00:00Z,2026-01-31T23:50:00Z,UTC,density_adjusted_power_curve_median_0.5ms,wind_speed_100m,1.63,-2.4,False
2026-02-11T12:00:00Z,2026-02-13T00:00:00Z,turbine-1,0.01,Open-Meteo Single Runs API,ecmwf_ifs,2026-02-11T00:00:00Z,12,2026-02-11T12:00:00Z,2026-01-31T23:50:00Z,UTC,density_adjusted_power_curve_median_0.5ms,wind_speed_100m,2.55,-3.0,False
2026-02-11T12:00:00Z,2026-02-13T01:00:00Z,turbine-1,0.01,Open-Meteo Single Runs API,ecmwf_ifs,2026-02-11T00:00:00Z,12,2026-02-11T12:00:00Z,2026-01-31T23:50:00Z,UTC,density_adjusted_power_curve_median_0.5ms,wind_speed_100m,2.47,-2.9,False
2026-02-11T12:00:00Z,2026-02-13T02:00:00Z,turbine-1,0.01,Open-Meteo Single Runs API,ecmwf_ifs,2026-02-11T00:00:00Z,12,2026-02-11T12:00:00Z,2026-01-31T23:50:00Z,UTC,density_adjusted_power_curve_median_0.5ms,wind_speed_100m,1.83,-2.9,False
2026-02-11T12:00:00Z,2026-02-13T03:00:00Z,turbine-1,0.01,Open-Meteo Single Runs API,ecmwf_ifs,2026-02-11T00:00:00Z,12,2026-02-11T12:00:00Z,2026-01-31T23:50:00Z,UTC,density_adjusted_power_curve_median_0.5ms,wind_speed_100m,2.19,-2.6,False
2026-02-11T12:00:00Z,2026-02-13T04:00:00Z,turbine-1,0.018205322489924,Open-Meteo Single Runs API,ecmwf_ifs,2026-02-11T00:00:00Z,12,2026-02-11T12:00:00Z,2026-01-31T23:50:00Z,UTC,density_adjusted_power_curve_median_0.5ms,wind_speed_100m,2.89,-2.5,False
2026-02-11T12:00:00Z,2026-02-13T05:00:00Z,turbine-1,0.01,Open-Meteo Single Runs API,ecmwf_ifs,2026-02-11T00:00:00Z,12,2026-02-11T12:00:00Z,2026-01-31T23:50:00Z,UTC,density_adjusted_power_curve_median_0.5ms,wind_speed_100m,2.02,-1.9,False
2026-02-11T12:00:00Z,2026-02-13T06:00:00Z,turbine-1,0.01,Open-Meteo Single Runs API,ecmwf_ifs,2026-02-11T00:00:00Z,12,2026-02-11T12:00:00Z,2026-01-31T23:50:00Z,UTC,density_adjusted_power_curve_median_0.5ms,wind_speed_100m,1.96,-0.4,False
2026-02-11T12:00:00Z,2026-02-13T07:00:00Z,turbine-1,0.01,Open-Meteo Single Runs API,ecmwf_ifs,2026-02-11T00:00:00Z,12,2026-02-11T12:00:00Z,2026-01-31T23:50:00Z,UTC,density_adjusted_power_curve_median_0.5ms,wind_speed_100m,2.13,1.0,False
2026-02-11T12:00:00Z,2026-02-13T08:00:00Z,turbine-1,0.01,Open-Meteo Single Runs API,ecmwf_ifs,2026-02-11T00:00:00Z,12,2026-02-11T12:00:00Z,2026-01-31T23:50:00Z,UTC,density_adjusted_power_curve_median_0.5ms,wind_speed_100m,2.57,2.9,False
2026-02-11T12:00:00Z,2026-02-13T09:00:00Z,turbine-1,0.06751156501278083,Open-Meteo Single Runs API,ecmwf_ifs,2026-02-11T00:00:00Z,12,2026-02-11T12:00:00Z,2026-01-31T23:50:00Z,UTC,density_adjusted_power_curve_median_0.5ms,wind_speed_100m,3.89,3.9,False
2026-02-11T12:00:00Z,2026-02-13T10:00:00Z,turbine-1,0.05851129464824439,Open-Meteo Single Runs API,ecmwf_ifs,2026-02-11T00:00:00Z,12,2026-02-11T12:00:00Z,2026-01-31T23:50:00Z,UTC,density_adjusted_power_curve_median_0.5ms,wind_speed_100m,3.68,3.8,False
2026-02-11T12:00:00Z,2026-02-13T11:00:00Z,turbine-1,0.06472438918914522,Open-Meteo Single Runs API,ecmwf_ifs,2026-02-11T00:00:00Z,12,2026-02-11T12:00:00Z,2026-01-31T23:50:00Z,UTC,density_adjusted_power_curve_median_0.5ms,wind_speed_100m,3.82,3.6,False
2026-02-11T12:00:00Z,2026-02-13T12:00:00Z,turbine-1,0.1427293029095148,Open-Meteo Single Runs API,ecmwf_ifs,2026-02-11T00:00:00Z,12,2026-02-11T12:00:00Z,2026-01-31T23:50:00Z,UTC,density_adjusted_power_curve_median_0.5ms,wind_speed_100m,5.08,1.3,False
2026-02-11T12:00:00Z,2026-02-11T13:00:00Z,turbine-2,0.97,Open-Meteo Single Runs API,ecmwf_ifs,2026-02-11T00:00:00Z,12,2026-02-11T12:00:00Z,2026-01-31T23:50:00Z,UTC,density_adjusted_power_curve_median_0.5ms,wind_speed_100m,11.9,3.3,False
2026-02-11T12:00:00Z,2026-02-11T14:00:00Z,turbine-2,0.97,Open-Meteo Single Runs API,ecmwf_ifs,2026-02-11T00:00:00Z,12,2026-02-11T12:00:00Z,2026-01-31T23:50:00Z,UTC,density_adjusted_power_curve_median_0.5ms,wind_speed_100m,12.37,2.3,False
2026-02-11T12:00:00Z,2026-02-11T15:00:00Z,turbine-2,0.9533928784995387,Open-Meteo Single Runs API,ecmwf_ifs,2026-02-11T00:00:00Z,12,2026-02-11T12:00:00Z,2026-01-31T23:50:00Z,UTC,density_adjusted_power_curve_median_0.5ms,wind_speed_100m,11.01,1.6,False
2026-02-11T12:00:00Z,2026-02-11T16:00:00Z,turbine-2,0.8575107301455577,Open-Meteo Single Runs API,ecmwf_ifs,2026-02-11T00:00:00Z,12,2026-02-11T12:00:00Z,2026-01-31T23:50:00Z,UTC,density_adjusted_power_curve_median_0.5ms,wind_speed_100m,10.21,1.2,False
2026-02-11T12:00:00Z,2026-02-11T17:00:00Z,turbine-2,0.7052270535050562,Open-Meteo Single Runs API,ecmwf_ifs,2026-02-11T00:00:00Z,12,2026-02-11T12:00:00Z,2026-01-31T23:50:00Z,UTC,density_adjusted_power_curve_median_0.5ms,wind_speed_100m,9.13,0.8,False
2026-02-11T12:00:00Z,2026-02-11T18:00:00Z,turbine-2,0.6197992250761338,Open-Meteo Single Runs API,ecmwf_ifs,2026-02-11T00:00:00Z,12,2026-02-11T12:00:00Z,2026-01-31T23:50:00Z,UTC,density_adjusted_power_curve_median_0.5ms,wind_speed_100m,8.59,0.6,False
2026-02-11T12:00:00Z,2026-02-11T19:00:00Z,turbine-2,0.39218057958682373,Open-Meteo Single Runs API,ecmwf_ifs,2026-02-11T00:00:00Z,12,2026-02-11T12:00:00Z,2026-01-31T23:50:00Z,UTC,density_adjusted_power_curve_median_0.5ms,wind_speed_100m,7.13,0.3,False
2026-02-11T12:00:00Z,2026-02-11T20:00:00Z,turbine-2,0.3062109671597653,Open-Meteo Single Runs API,ecmwf_ifs,2026-02-11T00:00:00Z,12,2026-02-11T12:00:00Z,2026-01-31T23:50:00Z,UTC,density_adjusted_power_curve_median_0.5ms,wind_speed_100m,6.6,0.0,False
2026-02-11T12:00:00Z,2026-02-11T21:00:00Z,turbine-2,0.33860962718779175,Open-Meteo Single Runs API,ecmwf_ifs,2026-02-11T00:00:00Z,12,2026-02-11T12:00:00Z,2026-01-31T23:50:00Z,UTC,density_adjusted_power_curve_median_0.5ms,wind_speed_100m,6.8,-0.1,False
2026-02-11T12:00:00Z,2026-02-11T22:00:00Z,turbine-2,0.2671193598070674,Open-Meteo Single Runs API,ecmwf_ifs,2026-02-11T00:00:00Z,12,2026-02-11T12:00:00Z,2026-01-31T23:50:00Z,UTC,density_adjusted_power_curve_median_0.5ms,wind_speed_100m,6.33,0.3,False
2026-02-11T12:00:00Z,2026-02-11T23:00:00Z,turbine-2,0.21491029057544006,Open-Meteo Single Runs API,ecmwf_ifs,2026-02-11T00:00:00Z,12,2026-02-11T12:00:00Z,2026-01-31T23:50:00Z,UTC,density_adjusted_power_curve_median_0.5ms,wind_speed_100m,5.9,0.6,False
2026-02-11T12:00:00Z,2026-02-12T00:00:00Z,turbine-2,0.12008981749791678,Open-Meteo Single Runs API,ecmwf_ifs,2026-02-11T00:00:00Z,12,2026-02-11T12:00:00Z,2026-01-31T23:50:00Z,UTC,density_adjusted_power_curve_median_0.5ms,wind_speed_100m,4.84,0.8,False
2026-02-11T12:00:00Z,2026-02-12T01:00:00Z,turbine-2,0.01485451694995727,Open-Meteo Single Runs API,ecmwf_ifs,2026-02-11T00:00:00Z,12,2026-02-11T12:00:00Z,2026-01-31T23:50:00Z,UTC,density_adjusted_power_curve_median_0.5ms,wind_speed_100m,2.82,0.7,False
2026-02-11T12:00:00Z,2026-02-12T02:00:00Z,turbine-2,0.01,Open-Meteo Single Runs API,ecmwf_ifs,2026-02-11T00:00:00Z,12,2026-02-11T12:00:00Z,2026-01-31T23:50:00Z,UTC,density_adjusted_power_curve_median_0.5ms,wind_speed_100m,2.37,0.1,False
2026-02-11T12:00:00Z,2026-02-12T03:00:00Z,turbine-2,0.01,Open-Meteo Single Runs API,ecmwf_ifs,2026-02-11T00:00:00Z,12,2026-02-11T12:00:00Z,2026-01-31T23:50:00Z,UTC,density_adjusted_power_curve_median_0.5ms,wind_speed_100m,2.1,0.1,False
2026-02-11T12:00:00Z,2026-02-12T04:00:00Z,turbine-2,0.01,Open-Meteo Single Runs API,ecmwf_ifs,2026-02-11T00:00:00Z,12,2026-02-11T12:00:00Z,2026-01-31T23:50:00Z,UTC,density_adjusted_power_curve_median_0.5ms,wind_speed_100m,1.99,0.5,False
2026-02-11T12:00:00Z,2026-02-12T05:00:00Z,turbine-2,0.013976803874441331,Open-Meteo Single Runs API,ecmwf_ifs,2026-02-11T00:00:00Z,12,2026-02-11T12:00:00Z,2026-01-31T23:50:00Z,UTC,density_adjusted_power_curve_median_0.5ms,wind_speed_100m,2.8,1.2,False
2026-02-11T12:00:00Z,2026-02-12T06:00:00Z,turbine-2,0.031231295755185955,Open-Meteo Single Runs API,ecmwf_ifs,2026-02-11T00:00:00Z,12,2026-02-11T12:00:00Z,2026-01-31T23:50:00Z,UTC,density_adjusted_power_curve_median_0.5ms,wind_speed_100m,3.23,2.1,False
2026-02-11T12:00:00Z,2026-02-12T07:00:00Z,turbine-2,0.01,Open-Meteo Single Runs API,ecmwf_ifs,2026-02-11T00:00:00Z,12,2026-02-11T12:00:00Z,2026-01-31T23:50:00Z,UTC,density_adjusted_power_curve_median_0.5ms,wind_speed_100m,1.98,2.4,False
2026-02-11T12:00:00Z,2026-02-12T08:00:00Z,turbine-2,0.01,Open-Meteo Single Runs API,ecmwf_ifs,2026-02-11T00:00:00Z,12,2026-02-11T12:00:00Z,2026-01-31T23:50:00Z,UTC,density_adjusted_power_curve_median_0.5ms,wind_speed_100m,1.8,3.1,False
2026-02-11T12:00:00Z,2026-02-12T09:00:00Z,turbine-2,0.01,Open-Meteo Single Runs API,ecmwf_ifs,2026-02-11T00:00:00Z,12,2026-02-11T12:00:00Z,2026-01-31T23:50:00Z,UTC,density_adjusted_power_curve_median_0.5ms,wind_speed_100m,1.35,3.6,False
2026-02-11T12:00:00Z,2026-02-12T10:00:00Z,turbine-2,0.01,Open-Meteo Single Runs API,ecmwf_ifs,2026-02-11T00:00:00Z,12,2026-02-11T12:00:00Z,2026-01-31T23:50:00Z,UTC,density_adjusted_power_curve_median_0.5ms,wind_speed_100m,1.64,3.5,False
2026-02-11T12:00:00Z,2026-02-12T11:00:00Z,turbine-2,0.04223013289014734,Open-Meteo Single Runs API,ecmwf_ifs,2026-02-11T00:00:00Z,12,2026-02-11T12:00:00Z,2026-01-31T23:50:00Z,UTC,density_adjusted_power_curve_median_0.5ms,wind_speed_100m,3.5,2.4,False
2026-02-11T12:00:00Z,2026-02-12T12:00:00Z,turbine-2,0.08522523811520877,Open-Meteo Single Runs API,ecmwf_ifs,2026-02-11T00:00:00Z,12,2026-02-11T12:00:00Z,2026-01-31T23:50:00Z,UTC,density_adjusted_power_curve_median_0.5ms,wind_speed_100m,4.27,0.8,False
2026-02-11T12:00:00Z,2026-02-12T13:00:00Z,turbine-2,0.0934503253645653,Open-Meteo Single Runs API,ecmwf_ifs,2026-02-11T00:00:00Z,12,2026-02-11T12:00:00Z,2026-01-31T23:50:00Z,UTC,density_adjusted_power_curve_median_0.5ms,wind_speed_100m,4.4,-0.1,False
2026-02-11T12:00:00Z,2026-02-12T14:00:00Z,turbine-2,0.11004437563608802,Open-Meteo Single Runs API,ecmwf_ifs,2026-02-11T00:00:00Z,12,2026-02-11T12:00:00Z,2026-01-31T23:50:00Z,UTC,density_adjusted_power_curve_median_0.5ms,wind_speed_100m,4.67,-0.4,False
2026-02-11T12:00:00Z,2026-02-12T15:00:00Z,turbine-2,0.1254217429316933,Open-Meteo Single Runs API,ecmwf_ifs,2026-02-11T00:00:00Z,12,2026-02-11T12:00:00Z,2026-01-31T23:50:00Z,UTC,density_adjusted_power_curve_median_0.5ms,wind_speed_100m,4.92,-0.3,False
2026-02-11T12:00:00Z,2026-02-12T16:00:00Z,turbine-2,0.07468554435146618,Open-Meteo Single Runs API,ecmwf_ifs,2026-02-11T00:00:00Z,12,2026-02-11T12:00:00Z,2026-01-31T23:50:00Z,UTC,density_adjusted_power_curve_median_0.5ms,wind_speed_100m,4.09,-0.3,False
2026-02-11T12:00:00Z,2026-02-12T17:00:00Z,turbine-2,0.01,Open-Meteo Single Runs API,ecmwf_ifs,2026-02-11T00:00:00Z,12,2026-02-11T12:00:00Z,2026-01-31T23:50:00Z,UTC,density_adjusted_power_curve_median_0.5ms,wind_speed_100m,2.63,-1.1,False
2026-02-11T12:00:00Z,2026-02-12T18:00:00Z,turbine-2,0.01,Open-Meteo Single Runs API,ecmwf_ifs,2026-02-11T00:00:00Z,12,2026-02-11T12:00:00Z,2026-01-31T23:50:00Z,UTC,density_adjusted_power_curve_median_0.5ms,wind_speed_100m,1.88,-1.6,False
2026-02-11T12:00:00Z,2026-02-12T19:00:00Z,turbine-2,0.03815000335591769,Open-Meteo Single Runs API,ecmwf_ifs,2026-02-11T00:00:00Z,12,2026-02-11T12:00:00Z,2026-01-31T23:50:00Z,UTC,density_adjusted_power_curve_median_0.5ms,wind_speed_100m,3.38,-2.5,False
2026-02-11T12:00:00Z,2026-02-12T20:00:00Z,turbine-2,0.01,Open-Meteo Single Runs API,ecmwf_ifs,2026-02-11T00:00:00Z,12,2026-02-11T12:00:00Z,2026-01-31T23:50:00Z,UTC,density_adjusted_power_curve_median_0.5ms,wind_speed_100m,2.13,-2.9,False
2026-02-11T12:00:00Z,2026-02-12T21:00:00Z,turbine-2,0.01,Open-Meteo Single Runs API,ecmwf_ifs,2026-02-11T00:00:00Z,12,2026-02-11T12:00:00Z,2026-01-31T23:50:00Z,UTC,density_adjusted_power_curve_median_0.5ms,wind_speed_100m,1.66,-2.3,False
2026-02-11T12:00:00Z,2026-02-12T22:00:00Z,turbine-2,0.01,Open-Meteo Single Runs API,ecmwf_ifs,2026-02-11T00:00:00Z,12,2026-02-11T12:00:00Z,2026-01-31T23:50:00Z,UTC,density_adjusted_power_curve_median_0.5ms,wind_speed_100m,1.33,-2.2,False
2026-02-11T12:00:00Z,2026-02-12T23:00:00Z,turbine-2,0.01,Open-Meteo Single Runs API,ecmwf_ifs,2026-02-11T00:00:00Z,12,2026-02-11T12:00:00Z,2026-01-31T23:50:00Z,UTC,density_adjusted_power_curve_median_0.5ms,wind_speed_100m,1.63,-2.4,False
2026-02-11T12:00:00Z,2026-02-13T00:00:00Z,turbine-2,0.01,Open-Meteo Single Runs API,ecmwf_ifs,2026-02-11T00:00:00Z,12,2026-02-11T12:00:00Z,2026-01-31T23:50:00Z,UTC,density_adjusted_power_curve_median_0.5ms,wind_speed_100m,2.55,-3.0,False
2026-02-11T12:00:00Z,2026-02-13T01:00:00Z,turbine-2,0.01,Open-Meteo Single Runs API,ecmwf_ifs,2026-02-11T00:00:00Z,12,2026-02-11T12:00:00Z,2026-01-31T23:50:00Z,UTC,density_adjusted_power_curve_median_0.5ms,wind_speed_100m,2.47,-2.9,False
2026-02-11T12:00:00Z,2026-02-13T02:00:00Z,turbine-2,0.01,Open-Meteo Single Runs API,ecmwf_ifs,2026-02-11T00:00:00Z,12,2026-02-11T12:00:00Z,2026-01-31T23:50:00Z,UTC,density_adjusted_power_curve_median_0.5ms,wind_speed_100m,1.83,-2.9,False
2026-02-11T12:00:00Z,2026-02-13T03:00:00Z,turbine-2,0.01,Open-Meteo Single Runs API,ecmwf_ifs,2026-02-11T00:00:00Z,12,2026-02-11T12:00:00Z,2026-01-31T23:50:00Z,UTC,density_adjusted_power_curve_median_0.5ms,wind_speed_100m,2.19,-2.6,False
2026-02-11T12:00:00Z,2026-02-13T04:00:00Z,turbine-2,0.018144431426545992,Open-Meteo Single Runs API,ecmwf_ifs,2026-02-11T00:00:00Z,12,2026-02-11T12:00:00Z,2026-01-31T23:50:00Z,UTC,density_adjusted_power_curve_median_0.5ms,wind_speed_100m,2.89,-2.5,False
2026-02-11T12:00:00Z,2026-02-13T05:00:00Z,turbine-2,0.01,Open-Meteo Single Runs API,ecmwf_ifs,2026-02-11T00:00:00Z,12,2026-02-11T12:00:00Z,2026-01-31T23:50:00Z,UTC,density_adjusted_power_curve_median_0.5ms,wind_speed_100m,2.02,-1.9,False
2026-02-11T12:00:00Z,2026-02-13T06:00:00Z,turbine-2,0.01,Open-Meteo Single Runs API,ecmwf_ifs,2026-02-11T00:00:00Z,12,2026-02-11T12:00:00Z,2026-01-31T23:50:00Z,UTC,density_adjusted_power_curve_median_0.5ms,wind_speed_100m,1.96,-0.4,False
2026-02-11T12:00:00Z,2026-02-13T07:00:00Z,turbine-2,0.01,Open-Meteo Single Runs API,ecmwf_ifs,2026-02-11T00:00:00Z,12,2026-02-11T12:00:00Z,2026-01-31T23:50:00Z,UTC,density_adjusted_power_curve_median_0.5ms,wind_speed_100m,2.13,1.0,False
2026-02-11T12:00:00Z,2026-02-13T08:00:00Z,turbine-2,0.01,Open-Meteo Single Runs API,ecmwf_ifs,2026-02-11T00:00:00Z,12,2026-02-11T12:00:00Z,2026-01-31T23:50:00Z,UTC,density_adjusted_power_curve_median_0.5ms,wind_speed_100m,2.57,2.9,False
2026-02-11T12:00:00Z,2026-02-13T09:00:00Z,turbine-2,0.061524399695287835,Open-Meteo Single Runs API,ecmwf_ifs,2026-02-11T00:00:00Z,12,2026-02-11T12:00:00Z,2026-01-31T23:50:00Z,UTC,density_adjusted_power_curve_median_0.5ms,wind_speed_100m,3.89,3.9,False
2026-02-11T12:00:00Z,2026-02-13T10:00:00Z,turbine-2,0.049340554677121104,Open-Meteo Single Runs API,ecmwf_ifs,2026-02-11T00:00:00Z,12,2026-02-11T12:00:00Z,2026-01-31T23:50:00Z,UTC,density_adjusted_power_curve_median_0.5ms,wind_speed_100m,3.68,3.8,False
2026-02-11T12:00:00Z,2026-02-13T11:00:00Z,turbine-2,0.05743564628194558,Open-Meteo Single Runs API,ecmwf_ifs,2026-02-11T00:00:00Z,12,2026-02-11T12:00:00Z,2026-01-31T23:50:00Z,UTC,density_adjusted_power_curve_median_0.5ms,wind_speed_100m,3.82,3.6,False
2026-02-11T12:00:00Z,2026-02-13T12:00:00Z,turbine-2,0.1346759851274966,Open-Meteo Single Runs API,ecmwf_ifs,2026-02-11T00:00:00Z,12,2026-02-11T12:00:00Z,2026-01-31T23:50:00Z,UTC,density_adjusted_power_curve_median_0.5ms,wind_speed_100m,5.08,1.3,False
2026-02-12T12:00:00Z,2026-02-12T13:00:00Z,turbine-1,0.12019718452529679,Open-Meteo Single Runs API,ecmwf_ifs,2026-02-12T00:00:00Z,12,2026-02-12T12:00:00Z,2026-01-31T23:50:00Z,UTC,density_adjusted_power_curve_median_0.5ms,wind_speed_100m,4.8,0.2,False
2026-02-12T12:00:00Z,2026-02-12T14:00:00Z,turbine-1,0.14664024228735198,Open-Meteo Single Runs API,ecmwf_ifs,2026-02-12T00:00:00Z,12,2026-02-12T12:00:00Z,2026-01-31T23:50:00Z,UTC,density_adjusted_power_curve_median_0.5ms,wind_speed_100m,5.12,0.1,False
2026-02-12T12:00:00Z,2026-02-12T15:00:00Z,turbine-1,0.0443261968950405,Open-Meteo Single Runs API,ecmwf_ifs,2026-02-12T00:00:00Z,12,2026-02-12T12:00:00Z,2026-01-31T23:50:00Z,UTC,density_adjusted_power_curve_median_0.5ms,wind_speed_100m,3.43,0.1,False
2026-02-12T12:00:00Z,2026-02-12T16:00:00Z,turbine-1,0.06219443472690042,Open-Meteo Single Runs API,ecmwf_ifs,2026-02-12T00:00:00Z,12,2026-02-12T12:00:00Z,2026-01-31T23:50:00Z,UTC,density_adjusted_power_curve_median_0.5ms,wind_speed_100m,3.74,-0.3,False
2026-02-12T12:00:00Z,2026-02-12T17:00:00Z,turbine-1,0.0554469362120181,Open-Meteo Single Runs API,ecmwf_ifs,2026-02-12T00:00:00Z,12,2026-02-12T12:00:00Z,2026-01-31T23:50:00Z,UTC,density_adjusted_power_curve_median_0.5ms,wind_speed_100m,3.61,-0.6,False
2026-02-12T12:00:00Z,2026-02-12T18:00:00Z,turbine-1,0.01,Open-Meteo Single Runs API,ecmwf_ifs,2026-02-12T00:00:00Z,12,2026-02-12T12:00:00Z,2026-01-31T23:50:00Z,UTC,density_adjusted_power_curve_median_0.5ms,wind_speed_100m,1.26,-0.4,False
2026-02-12T12:00:00Z,2026-02-12T19:00:00Z,turbine-1,0.01,Open-Meteo Single Runs API,ecmwf_ifs,2026-02-12T00:00:00Z,12,2026-02-12T12:00:00Z,2026-01-31T23:50:00Z,UTC,density_adjusted_power_curve_median_0.5ms,wind_speed_100m,2.38,-0.8,False
2026-02-12T12:00:00Z,2026-02-12T20:00:00Z,turbine-1,0.01,Open-Meteo Single Runs API,ecmwf_ifs,2026-02-12T00:00:00Z,12,2026-02-12T12:00:00Z,2026-01-31T23:50:00Z,UTC,density_adjusted_power_curve_median_0.5ms,wind_speed_100m,1.66,-1.1,False
2026-02-12T12:00:00Z,2026-02-12T21:00:00Z,turbine-1,0.01,Open-Meteo Single Runs API,ecmwf_ifs,2026-02-12T00:00:00Z,12,2026-02-12T12:00:00Z,2026-01-31T23:50:00Z,UTC,density_adjusted_power_curve_median_0.5ms,wind_speed_100m,1.25,-1.8,False
2026-02-12T12:00:00Z,2026-02-12T22:00:00Z,turbine-1,0.01,Open-Meteo Single Runs API,ecmwf_ifs,2026-02-12T00:00:00Z,12,2026-02-12T12:00:00Z,2026-01-31T23:50:00Z,UTC,density_adjusted_power_curve_median_0.5ms,wind_speed_100m,0.82,-2.0,False
2026-02-12T12:00:00Z,2026-02-12T23:00:00Z,turbine-1,0.01,Open-Meteo Single Runs API,ecmwf_ifs,2026-02-12T00:00:00Z,12,2026-02-12T12:00:00Z,2026-01-31T23:50:00Z,UTC,density_adjusted_power_curve_median_0.5ms,wind_speed_100m,1.11,-1.8,False
2026-02-12T12:00:00Z,2026-02-13T00:00:00Z,turbine-1,0.01,Open-Meteo Single Runs API,ecmwf_ifs,2026-02-12T00:00:00Z,12,2026-02-12T12:00:00Z,2026-01-31T23:50:00Z,UTC,density_adjusted_power_curve_median_0.5ms,wind_speed_100m,1.46,-1.9,False
2026-02-12T12:00:00Z,2026-02-13T01:00:00Z,turbine-1,0.01,Open-Meteo Single Runs API,ecmwf_ifs,2026-02-12T00:00:00Z,12,2026-02-12T12:00:00Z,2026-01-31T23:50:00Z,UTC,density_adjusted_power_curve_median_0.5ms,wind_speed_100m,2.52,-2.2,False
2026-02-12T12:00:00Z,2026-02-13T02:00:00Z,turbine-1,0.01,Open-Meteo Single Runs API,ecmwf_ifs,2026-02-12T00:00:00Z,12,2026-02-12T12:00:00Z,2026-01-31T23:50:00Z,UTC,density_adjusted_power_curve_median_0.5ms,wind_speed_100m,1.28,-2.4,False
2026-02-12T12:00:00Z,2026-02-13T03:00:00Z,turbine-1,0.01,Open-Meteo Single Runs API,ecmwf_ifs,2026-02-12T00:00:00Z,12,2026-02-12T12:00:00Z,2026-01-31T23:50:00Z,UTC,density_adjusted_power_curve_median_0.5ms,wind_speed_100m,0.83,-2.0,False
2026-02-12T12:00:00Z,2026-02-13T04:00:00Z,turbine-1,0.01,Open-Meteo Single Runs API,ecmwf_ifs,2026-02-12T00:00:00Z,12,2026-02-12T12:00:00Z,2026-01-31T23:50:00Z,UTC,density_adjusted_power_curve_median_0.5ms,wind_speed_100m,1.2,-1.2,False
2026-02-12T12:00:00Z,2026-02-13T05:00:00Z,turbine-1,0.01,Open-Meteo Single Runs API,ecmwf_ifs,2026-02-12T00:00:00Z,12,2026-02-12T12:00:00Z,2026-01-31T23:50:00Z,UTC,density_adjusted_power_curve_median_0.5ms,wind_speed_100m,1.75,-0.6,False
2026-02-12T12:00:00Z,2026-02-13T06:00:00Z,turbine-1,0.01,Open-Meteo Single Runs API,ecmwf_ifs,2026-02-12T00:00:00Z,12,2026-02-12T12:00:00Z,2026-01-31T23:50:00Z,UTC,density_adjusted_power_curve_median_0.5ms,wind_speed_100m,1.18,0.0,False
2026-02-12T12:00:00Z,2026-02-13T07:00:00Z,turbine-1,0.01,Open-Meteo Single Runs API,ecmwf_ifs,2026-02-12T00:00:00Z,12,2026-02-12T12:00:00Z,2026-01-31T23:50:00Z,UTC,density_adjusted_power_curve_median_0.5ms,wind_speed_100m,1.07,1.0,False
2026-02-12T12:00:00Z,2026-02-13T08:00:00Z,turbine-1,0.01,Open-Meteo Single Runs API,ecmwf_ifs,2026-02-12T00:00:00Z,12,2026-02-12T12:00:00Z,2026-01-31T23:50:00Z,UTC,density_adjusted_power_curve_median_0.5ms,wind_speed_100m,1.07,1.7,False
2026-02-12T12:00:00Z,2026-02-13T09:00:00Z,turbine-1,0.01,Open-Meteo Single Runs API,ecmwf_ifs,2026-02-12T00:00:00Z,12,2026-02-12T12:00:00Z,2026-01-31T23:50:00Z,UTC,density_adjusted_power_curve_median_0.5ms,wind_speed_100m,2.09,2.5,False
2026-02-12T12:00:00Z,2026-02-13T10:00:00Z,turbine-1,0.01,Open-Meteo Single Runs API,ecmwf_ifs,2026-02-12T00:00:00Z,12,2026-02-12T12:00:00Z,2026-01-31T23:50:00Z,UTC,density_adjusted_power_curve_median_0.5ms,wind_speed_100m,2.45,2.8,False
2026-02-12T12:00:00Z,2026-02-13T11:00:00Z,turbine-1,0.01,Open-Meteo Single Runs API,ecmwf_ifs,2026-02-12T00:00:00Z,12,2026-02-12T12:00:00Z,2026-01-31T23:50:00Z,UTC,density_adjusted_power_curve_median_0.5ms,wind_speed_100m,2.53,2.3,False
2026-02-12T12:00:00Z,2026-02-13T12:00:00Z,turbine-1,0.042604868848007474,Open-Meteo Single Runs API,ecmwf_ifs,2026-02-12T00:00:00Z,12,2026-02-12T12:00:00Z,2026-01-31T23:50:00Z,UTC,density_adjusted_power_curve_median_0.5ms,wind_speed_100m,3.4,-0.3,False
2026-02-12T12:00:00Z,2026-02-13T13:00:00Z,turbine-1,0.12529234116695132,Open-Meteo Single Runs API,ecmwf_ifs,2026-02-12T00:00:00Z,12,2026-02-12T12:00:00Z,2026-01-31T23:50:00Z,UTC,density_adjusted_power_curve_median_0.5ms,wind_speed_100m,4.86,-0.1,False
2026-02-12T12:00:00Z,2026-02-13T14:00:00Z,turbine-1,0.22553247157073594,Open-Meteo Single Runs API,ecmwf_ifs,2026-02-12T00:00:00Z,12,2026-02-12T12:00:00Z,2026-01-31T23:50:00Z,UTC,density_adjusted_power_curve_median_0.5ms,wind_speed_100m,5.9,0.1,False
2026-02-12T12:00:00Z,2026-02-13T15:00:00Z,turbine-1,0.2427003520531339,Open-Meteo Single Runs API,ecmwf_ifs,2026-02-12T00:00:00Z,12,2026-02-12T12:00:00Z,2026-01-31T23:50:00Z,UTC,density_adjusted_power_curve_median_0.5ms,wind_speed_100m,6.07,0.7,False
2026-02-12T12:00:00Z,2026-02-13T16:00:00Z,turbine-1,0.4398258375920523,Open-Meteo Single Runs API,ecmwf_ifs,2026-02-12T00:00:00Z,12,2026-02-12T12:00:00Z,2026-01-31T23:50:00Z,UTC,density_adjusted_power_curve_median_0.5ms,wind_speed_100m,7.36,0.4,False
2026-02-12T12:00:00Z,2026-02-13T17:00:00Z,turbine-1,0.3630292345176,Open-Meteo Single Runs API,ecmwf_ifs,2026-02-12T00:00:00Z,12,2026-02-12T12:00:00Z,2026-01-31T23:50:00Z,UTC,density_adjusted_power_curve_median_0.5ms,wind_speed_100m,6.89,0.1,False
2026-02-12T12:00:00Z,2026-02-13T18:00:00Z,turbine-1,0.4407211497751986,Open-Meteo Single Runs API,ecmwf_ifs,2026-02-12T00:00:00Z,12,2026-02-12T12:00:00Z,2026-01-31T23:50:00Z,UTC,density_adjusted_power_curve_median_0.5ms,wind_speed_100m,7.36,-0.2,False
2026-02-12T12:00:00Z,2026-02-13T19:00:00Z,turbine-1,0.5495665296588713,Open-Meteo Single Runs API,ecmwf_ifs,2026-02-12T00:00:00Z,12,2026-02-12T12:00:00Z,2026-01-31T23:50:00Z,UTC,density_adjusted_power_curve_median_0.5ms,wind_speed_100m,8.03,0.2,False
2026-02-12T12:00:00Z,2026-02-13T20:00:00Z,turbine-1,0.5634407859013031,Open-Meteo Single Runs API,ecmwf_ifs,2026-02-12T00:00:00Z,12,2026-02-12T12:00:00Z,2026-01-31T23:50:00Z,UTC,density_adjusted_power_curve_median_0.5ms,wind_speed_100m,8.11,-0.4,False
2026-02-12T12:00:00Z,2026-02-13T21:00:00Z,turbine-1,0.5464541132980432,Open-Meteo Single Runs API,ecmwf_ifs,2026-02-12T00:00:00Z,12,2026-02-12T12:00:00Z,2026-01-31T23:50:00Z,UTC,density_adjusted_power_curve_median_0.5ms,wind_speed_100m,8.0,-0.9,False
2026-02-12T12:00:00Z,2026-02-13T22:00:00Z,turbine-1,0.5639185452173027,Open-Meteo Single Runs API,ecmwf_ifs,2026-02-12T00:00:00Z,12,2026-02-12T12:00:00Z,2026-01-31T23:50:00Z,UTC,density_adjusted_power_curve_median_0.5ms,wind_speed_100m,8.11,-0.7,False
2026-02-12T12:00:00Z,2026-02-13T23:00:00Z,turbine-1,0.4084886948259396,Open-Meteo Single Runs API,ecmwf_ifs,2026-02-12T00:00:00Z,12,2026-02-12T12:00:00Z,2026-01-31T23:50:00Z,UTC,density_adjusted_power_curve_median_0.5ms,wind_speed_100m,7.16,-0.9,False
2026-02-12T12:00:00Z,2026-02-14T00:00:00Z,turbine-1,0.07125496458610059,Open-Meteo Single Runs API,ecmwf_ifs,2026-02-12T00:00:00Z,12,2026-02-12T12:00:00Z,2026-01-31T23:50:00Z,UTC,density_adjusted_power_curve_median_0.5ms,wind_speed_100m,3.96,-0.7,False
2026-02-12T12:00:00Z,2026-02-14T01:00:00Z,turbine-1,0.01,Open-Meteo Single Runs API,ecmwf_ifs,2026-02-12T00:00:00Z,12,2026-02-12T12:00:00Z,2026-01-31T23:50:00Z,UTC,density_adjusted_power_curve_median_0.5ms,wind_speed_100m,1.86,-0.5,False
2026-02-12T12:00:00Z,2026-02-14T02:00:00Z,turbine-1,0.01,Open-Meteo Single Runs API,ecmwf_ifs,2026-02-12T00:00:00Z,12,2026-02-12T12:00:00Z,2026-01-31T23:50:00Z,UTC,density_adjusted_power_curve_median_0.5ms,wind_speed_100m,1.71,-0.4,False
2026-02-12T12:00:00Z,2026-02-14T03:00:00Z,turbine-1,0.01,Open-Meteo Single Runs API,ecmwf_ifs,2026-02-12T00:00:00Z,12,2026-02-12T12:00:00Z,2026-01-31T23:50:00Z,UTC,density_adjusted_power_curve_median_0.5ms,wind_speed_100m,2.27,0.8,False
2026-02-12T12:00:00Z,2026-02-14T04:00:00Z,turbine-1,0.01,Open-Meteo Single Runs API,ecmwf_ifs,2026-02-12T00:00:00Z,12,2026-02-12T12:00:00Z,2026-01-31T23:50:00Z,UTC,density_adjusted_power_curve_median_0.5ms,wind_speed_100m,1.25,2.2,False
2026-02-12T12:00:00Z,2026-02-14T05:00:00Z,turbine-1,0.01,Open-Meteo Single Runs API,ecmwf_ifs,2026-02-12T00:00:00Z,12,2026-02-12T12:00:00Z,2026-01-31T23:50:00Z,UTC,density_adjusted_power_curve_median_0.5ms,wind_speed_100m,0.67,4.2,False
2026-02-12T12:00:00Z,2026-02-14T06:00:00Z,turbine-1,0.01,Open-Meteo Single Runs API,ecmwf_ifs,2026-02-12T00:00:00Z,12,2026-02-12T12:00:00Z,2026-01-31T23:50:00Z,UTC,density_adjusted_power_curve_median_0.5ms,wind_speed_100m,0.85,4.7,False
2026-02-12T12:00:00Z,2026-02-14T07:00:00Z,turbine-1,0.01,Open-Meteo Single Runs API,ecmwf_ifs,2026-02-12T00:00:00Z,12,2026-02-12T12:00:00Z,2026-01-31T23:50:00Z,UTC,density_adjusted_power_curve_median_0.5ms,wind_speed_100m,1.5,5.3,False
2026-02-12T12:00:00Z,2026-02-14T08:00:00Z,turbine-1,0.01,Open-Meteo Single Runs API,ecmwf_ifs,2026-02-12T00:00:00Z,12,2026-02-12T12:00:00Z,2026-01-31T23:50:00Z,UTC,density_adjusted_power_curve_median_0.5ms,wind_speed_100m,2.21,5.6,False
2026-02-12T12:00:00Z,2026-02-14T09:00:00Z,turbine-1,0.013508864122607829,Open-Meteo Single Runs API,ecmwf_ifs,2026-02-12T00:00:00Z,12,2026-02-12T12:00:00Z,2026-01-31T23:50:00Z,UTC,density_adjusted_power_curve_median_0.5ms,wind_speed_100m,2.8,5.5,False
2026-02-12T12:00:00Z,2026-02-14T10:00:00Z,turbine-1,0.0504956361296377,Open-Meteo Single Runs API,ecmwf_ifs,2026-02-12T00:00:00Z,12,2026-02-12T12:00:00Z,2026-01-31T23:50:00Z,UTC,density_adjusted_power_curve_median_0.5ms,wind_speed_100m,3.55,4.4,False
2026-02-12T12:00:00Z,2026-02-14T11:00:00Z,turbine-1,0.030184787929788934,Open-Meteo Single Runs API,ecmwf_ifs,2026-02-12T00:00:00Z,12,2026-02-12T12:00:00Z,2026-01-31T23:50:00Z,UTC,density_adjusted_power_curve_median_0.5ms,wind_speed_100m,3.21,3.4,False
2026-02-12T12:00:00Z,2026-02-14T12:00:00Z,turbine-1,0.061749368481195895,Open-Meteo Single Runs API,ecmwf_ifs,2026-02-12T00:00:00Z,12,2026-02-12T12:00:00Z,2026-01-31T23:50:00Z,UTC,density_adjusted_power_curve_median_0.5ms,wind_speed_100m,3.74,2.1,False
2026-02-12T12:00:00Z,2026-02-12T13:00:00Z,turbine-2,0.11784318087699759,Open-Meteo Single Runs API,ecmwf_ifs,2026-02-12T00:00:00Z,12,2026-02-12T12:00:00Z,2026-01-31T23:50:00Z,UTC,density_adjusted_power_curve_median_0.5ms,wind_speed_100m,4.8,0.2,False
2026-02-12T12:00:00Z,2026-02-12T14:00:00Z,turbine-2,0.1375976845372073,Open-Meteo Single Runs API,ecmwf_ifs,2026-02-12T00:00:00Z,12,2026-02-12T12:00:00Z,2026-01-31T23:50:00Z,UTC,density_adjusted_power_curve_median_0.5ms,wind_speed_100m,5.12,0.1,False
2026-02-12T12:00:00Z,2026-02-12T15:00:00Z,turbine-2,0.039758784399922004,Open-Meteo Single Runs API,ecmwf_ifs,2026-02-12T00:00:00Z,12,2026-02-12T12:00:00Z,2026-01-31T23:50:00Z,UTC,density_adjusted_power_curve_median_0.5ms,wind_speed_100m,3.43,0.1,False
2026-02-12T12:00:00Z,2026-02-12T16:00:00Z,turbine-2,0.05372423351229451,Open-Meteo Single Runs API,ecmwf_ifs,2026-02-12T00:00:00Z,12,2026-02-12T12:00:00Z,2026-01-31T23:50:00Z,UTC,density_adjusted_power_curve_median_0.5ms,wind_speed_100m,3.74,-0.3,False
2026-02-12T12:00:00Z,2026-02-12T17:00:00Z,turbine-2,0.04727063742355227,Open-Meteo Single Runs API,ecmwf_ifs,2026-02-12T00:00:00Z,12,2026-02-12T12:00:00Z,2026-01-31T23:50:00Z,UTC,density_adjusted_power_curve_median_0.5ms,wind_speed_100m,3.61,-0.6,False
2026-02-12T12:00:00Z,2026-02-12T18:00:00Z,turbine-2,0.01,Open-Meteo Single Runs API,ecmwf_ifs,2026-02-12T00:00:00Z,12,2026-02-12T12:00:00Z,2026-01-31T23:50:00Z,UTC,density_adjusted_power_curve_median_0.5ms,wind_speed_100m,1.26,-0.4,False
2026-02-12T12:00:00Z,2026-02-12T19:00:00Z,turbine-2,0.01,Open-Meteo Single Runs API,ecmwf_ifs,2026-02-12T00:00:00Z,12,2026-02-12T12:00:00Z,2026-01-31T23:50:00Z,UTC,density_adjusted_power_curve_median_0.5ms,wind_speed_100m,2.38,-0.8,False
2026-02-12T12:00:00Z,2026-02-12T20:00:00Z,turbine-2,0.01,Open-Meteo Single Runs API,ecmwf_ifs,2026-02-12T00:00:00Z,12,2026-02-12T12:00:00Z,2026-01-31T23:50:00Z,UTC,density_adjusted_power_curve_median_0.5ms,wind_speed_100m,1.66,-1.1,False
2026-02-12T12:00:00Z,2026-02-12T21:00:00Z,turbine-2,0.01,Open-Meteo Single Runs API,ecmwf_ifs,2026-02-12T00:00:00Z,12,2026-02-12T12:00:00Z,2026-01-31T23:50:00Z,UTC,density_adjusted_power_curve_median_0.5ms,wind_speed_100m,1.25,-1.8,False
2026-02-12T12:00:00Z,2026-02-12T22:00:00Z,turbine-2,0.01,Open-Meteo Single Runs API,ecmwf_ifs,2026-02-12T00:00:00Z,12,2026-02-12T12:00:00Z,2026-01-31T23:50:00Z,UTC,density_adjusted_power_curve_median_0.5ms,wind_speed_100m,0.82,-2.0,False
2026-02-12T12:00:00Z,2026-02-12T23:00:00Z,turbine-2,0.01,Open-Meteo Single Runs API,ecmwf_ifs,2026-02-12T00:00:00Z,12,2026-02-12T12:00:00Z,2026-01-31T23:50:00Z,UTC,density_adjusted_power_curve_median_0.5ms,wind_speed_100m,1.11,-1.8,False
2026-02-12T12:00:00Z,2026-02-13T00:00:00Z,turbine-2,0.01,Open-Meteo Single Runs API,ecmwf_ifs,2026-02-12T00:00:00Z,12,2026-02-12T12:00:00Z,2026-01-31T23:50:00Z,UTC,density_adjusted_power_curve_median_0.5ms,wind_speed_100m,1.46,-1.9,False
2026-02-12T12:00:00Z,2026-02-13T01:00:00Z,turbine-2,0.01,Open-Meteo Single Runs API,ecmwf_ifs,2026-02-12T00:00:00Z,12,2026-02-12T12:00:00Z,2026-01-31T23:50:00Z,UTC,density_adjusted_power_curve_median_0.5ms,wind_speed_100m,2.52,-2.2,False
2026-02-12T12:00:00Z,2026-02-13T02:00:00Z,turbine-2,0.01,Open-Meteo Single Runs API,ecmwf_ifs,2026-02-12T00:00:00Z,12,2026-02-12T12:00:00Z,2026-01-31T23:50:00Z,UTC,density_adjusted_power_curve_median_0.5ms,wind_speed_100m,1.28,-2.4,False
2026-02-12T12:00:00Z,2026-02-13T03:00:00Z,turbine-2,0.01,Open-Meteo Single Runs API,ecmwf_ifs,2026-02-12T00:00:00Z,12,2026-02-12T12:00:00Z,2026-01-31T23:50:00Z,UTC,density_adjusted_power_curve_median_0.5ms,wind_speed_100m,0.83,-2.0,False
2026-02-12T12:00:00Z,2026-02-13T04:00:00Z,turbine-2,0.01,Open-Meteo Single Runs API,ecmwf_ifs,2026-02-12T00:00:00Z,12,2026-02-12T12:00:00Z,2026-01-31T23:50:00Z,UTC,density_adjusted_power_curve_median_0.5ms,wind_speed_100m,1.2,-1.2,False
2026-02-12T12:00:00Z,2026-02-13T05:00:00Z,turbine-2,0.01,Open-Meteo Single Runs API,ecmwf_ifs,2026-02-12T00:00:00Z,12,2026-02-12T12:00:00Z,2026-01-31T23:50:00Z,UTC,density_adjusted_power_curve_median_0.5ms,wind_speed_100m,1.75,-0.6,False
2026-02-12T12:00:00Z,2026-02-13T06:00:00Z,turbine-2,0.01,Open-Meteo Single Runs API,ecmwf_ifs,2026-02-12T00:00:00Z,12,2026-02-12T12:00:00Z,2026-01-31T23:50:00Z,UTC,density_adjusted_power_curve_median_0.5ms,wind_speed_100m,1.18,0.0,False
2026-02-12T12:00:00Z,2026-02-13T07:00:00Z,turbine-2,0.01,Open-Meteo Single Runs API,ecmwf_ifs,2026-02-12T00:00:00Z,12,2026-02-12T12:00:00Z,2026-01-31T23:50:00Z,UTC,density_adjusted_power_curve_median_0.5ms,wind_speed_100m,1.07,1.0,False
2026-02-12T12:00:00Z,2026-02-13T08:00:00Z,turbine-2,0.01,Open-Meteo Single Runs API,ecmwf_ifs,2026-02-12T00:00:00Z,12,2026-02-12T12:00:00Z,2026-01-31T23:50:00Z,UTC,density_adjusted_power_curve_median_0.5ms,wind_speed_100m,1.07,1.7,False
2026-02-12T12:00:00Z,2026-02-13T09:00:00Z,turbine-2,0.01,Open-Meteo Single Runs API,ecmwf_ifs,2026-02-12T00:00:00Z,12,2026-02-12T12:00:00Z,2026-01-31T23:50:00Z,UTC,density_adjusted_power_curve_median_0.5ms,wind_speed_100m,2.09,2.5,False
2026-02-12T12:00:00Z,2026-02-13T10:00:00Z,turbine-2,0.01,Open-Meteo Single Runs API,ecmwf_ifs,2026-02-12T00:00:00Z,12,2026-02-12T12:00:00Z,2026-01-31T23:50:00Z,UTC,density_adjusted_power_curve_median_0.5ms,wind_speed_100m,2.45,2.8,False
2026-02-12T12:00:00Z,2026-02-13T11:00:00Z,turbine-2,0.01,Open-Meteo Single Runs API,ecmwf_ifs,2026-02-12T00:00:00Z,12,2026-02-12T12:00:00Z,2026-01-31T23:50:00Z,UTC,density_adjusted_power_curve_median_0.5ms,wind_speed_100m,2.53,2.3,False
2026-02-12T12:00:00Z,2026-02-13T12:00:00Z,turbine-2,0.03859605924953346,Open-Meteo Single Runs API,ecmwf_ifs,2026-02-12T00:00:00Z,12,2026-02-12T12:00:00Z,2026-01-31T23:50:00Z,UTC,density_adjusted_power_curve_median_0.5ms,wind_speed_100m,3.4,-0.3,False
2026-02-12T12:00:00Z,2026-02-13T13:00:00Z,turbine-2,0.1216495595277805,Open-Meteo Single Runs API,ecmwf_ifs,2026-02-12T00:00:00Z,12,2026-02-12T12:00:00Z,2026-01-31T23:50:00Z,UTC,density_adjusted_power_curve_median_0.5ms,wind_speed_100m,4.86,-0.1,False
2026-02-12T12:00:00Z,2026-02-13T14:00:00Z,turbine-2,0.21528122835788735,Open-Meteo Single Runs API,ecmwf_ifs,2026-02-12T00:00:00Z,12,2026-02-12T12:00:00Z,2026-01-31T23:50:00Z,UTC,density_adjusted_power_curve_median_0.5ms,wind_speed_100m,5.9,0.1,False
2026-02-12T12:00:00Z,2026-02-13T15:00:00Z,turbine-2,0.23236779859542556,Open-Meteo Single Runs API,ecmwf_ifs,2026-02-12T00:00:00Z,12,2026-02-12T12:00:00Z,2026-01-31T23:50:00Z,UTC,density_adjusted_power_curve_median_0.5ms,wind_speed_100m,6.07,0.7,False
2026-02-12T12:00:00Z,2026-02-13T16:00:00Z,turbine-2,0.4299271067067335,Open-Meteo Single Runs API,ecmwf_ifs,2026-02-12T00:00:00Z,12,2026-02-12T12:00:00Z,2026-01-31T23:50:00Z,UTC,density_adjusted_power_curve_median_0.5ms,wind_speed_100m,7.36,0.4,False
2026-02-12T12:00:00Z,2026-02-13T17:00:00Z,turbine-2,0.3530967789138016,Open-Meteo Single Runs API,ecmwf_ifs,2026-02-12T00:00:00Z,12,2026-02-12T12:00:00Z,2026-01-31T23:50:00Z,UTC,density_adjusted_power_curve_median_0.5ms,wind_speed_100m,6.89,0.1,False
2026-02-12T12:00:00Z,2026-02-13T18:00:00Z,turbine-2,0.43081487570937016,Open-Meteo Single Runs API,ecmwf_ifs,2026-02-12T00:00:00Z,12,2026-02-12T12:00:00Z,2026-01-31T23:50:00Z,UTC,density_adjusted_power_curve_median_0.5ms,wind_speed_100m,7.36,-0.2,False
2026-02-12T12:00:00Z,2026-02-13T19:00:00Z,turbine-2,0.5396969860630391,Open-Meteo Single Runs API,ecmwf_ifs,2026-02-12T00:00:00Z,12,2026-02-12T12:00:00Z,2026-01-31T23:50:00Z,UTC,density_adjusted_power_curve_median_0.5ms,wind_speed_100m,8.03,0.2,False
2026-02-12T12:00:00Z,2026-02-13T20:00:00Z,turbine-2,0.5532010192360199,Open-Meteo Single Runs API,ecmwf_ifs,2026-02-12T00:00:00Z,12,2026-02-12T12:00:00Z,2026-01-31T23:50:00Z,UTC,density_adjusted_power_curve_median_0.5ms,wind_speed_100m,8.11,-0.4,False
2026-02-12T12:00:00Z,2026-02-13T21:00:00Z,turbine-2,0.5365682597282412,Open-Meteo Single Runs API,ecmwf_ifs,2026-02-12T00:00:00Z,12,2026-02-12T12:00:00Z,2026-01-31T23:50:00Z,UTC,density_adjusted_power_curve_median_0.5ms,wind_speed_100m,8.0,-0.9,False
2026-02-12T12:00:00Z,2026-02-13T22:00:00Z,turbine-2,0.5536230811219912,Open-Meteo Single Runs API,ecmwf_ifs,2026-02-12T00:00:00Z,12,2026-02-12T12:00:00Z,2026-01-31T23:50:00Z,UTC,density_adjusted_power_curve_median_0.5ms,wind_speed_100m,8.11,-0.7,False
2026-02-12T12:00:00Z,2026-02-13T23:00:00Z,turbine-2,0.3988539855064986,Open-Meteo Single Runs API,ecmwf_ifs,2026-02-12T00:00:00Z,12,2026-02-12T12:00:00Z,2026-01-31T23:50:00Z,UTC,density_adjusted_power_curve_median_0.5ms,wind_speed_100m,7.16,-0.9,False
2026-02-12T12:00:00Z,2026-02-14T00:00:00Z,turbine-2,0.06701592184940518,Open-Meteo Single Runs API,ecmwf_ifs,2026-02-12T00:00:00Z,12,2026-02-12T12:00:00Z,2026-01-31T23:50:00Z,UTC,density_adjusted_power_curve_median_0.5ms,wind_speed_100m,3.96,-0.7,False
2026-02-12T12:00:00Z,2026-02-14T01:00:00Z,turbine-2,0.01,Open-Meteo Single Runs API,ecmwf_ifs,2026-02-12T00:00:00Z,12,2026-02-12T12:00:00Z,2026-01-31T23:50:00Z,UTC,density_adjusted_power_curve_median_0.5ms,wind_speed_100m,1.86,-0.5,False
2026-02-12T12:00:00Z,2026-02-14T02:00:00Z,turbine-2,0.01,Open-Meteo Single Runs API,ecmwf_ifs,2026-02-12T00:00:00Z,12,2026-02-12T12:00:00Z,2026-01-31T23:50:00Z,UTC,density_adjusted_power_curve_median_0.5ms,wind_speed_100m,1.71,-0.4,False
2026-02-12T12:00:00Z,2026-02-14T03:00:00Z,turbine-2,0.01,Open-Meteo Single Runs API,ecmwf_ifs,2026-02-12T00:00:00Z,12,2026-02-12T12:00:00Z,2026-01-31T23:50:00Z,UTC,density_adjusted_power_curve_median_0.5ms,wind_speed_100m,2.27,0.8,False
2026-02-12T12:00:00Z,2026-02-14T04:00:00Z,turbine-2,0.01,Open-Meteo Single Runs API,ecmwf_ifs,2026-02-12T00:00:00Z,12,2026-02-12T12:00:00Z,2026-01-31T23:50:00Z,UTC,density_adjusted_power_curve_median_0.5ms,wind_speed_100m,1.25,2.2,False
2026-02-12T12:00:00Z,2026-02-14T05:00:00Z,turbine-2,0.01,Open-Meteo Single Runs API,ecmwf_ifs,2026-02-12T00:00:00Z,12,2026-02-12T12:00:00Z,2026-01-31T23:50:00Z,UTC,density_adjusted_power_curve_median_0.5ms,wind_speed_100m,0.67,4.2,False
2026-02-12T12:00:00Z,2026-02-14T06:00:00Z,turbine-2,0.01,Open-Meteo Single Runs API,ecmwf_ifs,2026-02-12T00:00:00Z,12,2026-02-12T12:00:00Z,2026-01-31T23:50:00Z,UTC,density_adjusted_power_curve_median_0.5ms,wind_speed_100m,0.85,4.7,False
2026-02-12T12:00:00Z,2026-02-14T07:00:00Z,turbine-2,0.01,Open-Meteo Single Runs API,ecmwf_ifs,2026-02-12T00:00:00Z,12,2026-02-12T12:00:00Z,2026-01-31T23:50:00Z,UTC,density_adjusted_power_curve_median_0.5ms,wind_speed_100m,1.5,5.3,False
2026-02-12T12:00:00Z,2026-02-14T08:00:00Z,turbine-2,0.01,Open-Meteo Single Runs API,ecmwf_ifs,2026-02-12T00:00:00Z,12,2026-02-12T12:00:00Z,2026-01-31T23:50:00Z,UTC,density_adjusted_power_curve_median_0.5ms,wind_speed_100m,2.21,5.6,False
2026-02-12T12:00:00Z,2026-02-14T09:00:00Z,turbine-2,0.0133916340820704,Open-Meteo Single Runs API,ecmwf_ifs,2026-02-12T00:00:00Z,12,2026-02-12T12:00:00Z,2026-01-31T23:50:00Z,UTC,density_adjusted_power_curve_median_0.5ms,wind_speed_100m,2.8,5.5,False
2026-02-12T12:00:00Z,2026-02-14T10:00:00Z,turbine-2,0.04392612610693969,Open-Meteo Single Runs API,ecmwf_ifs,2026-02-12T00:00:00Z,12,2026-02-12T12:00:00Z,2026-01-31T23:50:00Z,UTC,density_adjusted_power_curve_median_0.5ms,wind_speed_100m,3.55,4.4,False
2026-02-12T12:00:00Z,2026-02-14T11:00:00Z,turbine-2,0.030206525088183382,Open-Meteo Single Runs API,ecmwf_ifs,2026-02-12T00:00:00Z,12,2026-02-12T12:00:00Z,2026-01-31T23:50:00Z,UTC,density_adjusted_power_curve_median_0.5ms,wind_speed_100m,3.21,3.4,False
2026-02-12T12:00:00Z,2026-02-14T12:00:00Z,turbine-2,0.05307132668242896,Open-Meteo Single Runs API,ecmwf_ifs,2026-02-12T00:00:00Z,12,2026-02-12T12:00:00Z,2026-01-31T23:50:00Z,UTC,density_adjusted_power_curve_median_0.5ms,wind_speed_100m,3.74,2.1,False
2026-02-13T12:00:00Z,2026-02-13T13:00:00Z,turbine-1,0.01,Open-Meteo Single Runs API,ecmwf_ifs,2026-02-13T00:00:00Z,12,2026-02-13T12:00:00Z,2026-01-31T23:50:00Z,UTC,density_adjusted_power_curve_median_0.5ms,wind_speed_100m,2.03,-1.8,False
2026-02-13T12:00:00Z,2026-02-13T14:00:00Z,turbine-1,0.06364547419537121,Open-Meteo Single Runs API,ecmwf_ifs,2026-02-13T00:00:00Z,12,2026-02-13T12:00:00Z,2026-01-31T23:50:00Z,UTC,density_adjusted_power_curve_median_0.5ms,wind_speed_100m,3.77,-1.5,False
2026-02-13T12:00:00Z,2026-02-13T15:00:00Z,turbine-1,0.2273188159264573,Open-Meteo Single Runs API,ecmwf_ifs,2026-02-13T00:00:00Z,12,2026-02-13T12:00:00Z,2026-01-31T23:50:00Z,UTC,density_adjusted_power_curve_median_0.5ms,wind_speed_100m,5.91,-0.9,False
2026-02-13T12:00:00Z,2026-02-13T16:00:00Z,turbine-1,0.3817242513236469,Open-Meteo Single Runs API,ecmwf_ifs,2026-02-13T00:00:00Z,12,2026-02-13T12:00:00Z,2026-01-31T23:50:00Z,UTC,density_adjusted_power_curve_median_0.5ms,wind_speed_100m,7.0,-0.5,False
2026-02-13T12:00:00Z,2026-02-13T17:00:00Z,turbine-1,0.5218451382944237,Open-Meteo Single Runs API,ecmwf_ifs,2026-02-13T00:00:00Z,12,2026-02-13T12:00:00Z,2026-01-31T23:50:00Z,UTC,density_adjusted_power_curve_median_0.5ms,wind_speed_100m,7.85,-0.7,False
2026-02-13T12:00:00Z,2026-02-13T18:00:00Z,turbine-1,0.5435311009265902,Open-Meteo Single Runs API,ecmwf_ifs,2026-02-13T00:00:00Z,12,2026-02-13T12:00:00Z,2026-01-31T23:50:00Z,UTC,density_adjusted_power_curve_median_0.5ms,wind_speed_100m,7.98,-1.1,False
2026-02-13T12:00:00Z,2026-02-13T19:00:00Z,turbine-1,0.6548464295940012,Open-Meteo Single Runs API,ecmwf_ifs,2026-02-13T00:00:00Z,12,2026-02-13T12:00:00Z,2026-01-31T23:50:00Z,UTC,density_adjusted_power_curve_median_0.5ms,wind_speed_100m,8.68,-1.4,False
2026-02-13T12:00:00Z,2026-02-13T20:00:00Z,turbine-1,0.7041736565689481,Open-Meteo Single Runs API,ecmwf_ifs,2026-02-13T00:00:00Z,12,2026-02-13T12:00:00Z,2026-01-31T23:50:00Z,UTC,density_adjusted_power_curve_median_0.5ms,wind_speed_100m,9.03,-0.9,False
2026-02-13T12:00:00Z,2026-02-13T21:00:00Z,turbine-1,0.6279984905193174,Open-Meteo Single Runs API,ecmwf_ifs,2026-02-13T00:00:00Z,12,2026-02-13T12:00:00Z,2026-01-31T23:50:00Z,UTC,density_adjusted_power_curve_median_0.5ms,wind_speed_100m,8.51,-0.6,False
2026-02-13T12:00:00Z,2026-02-13T22:00:00Z,turbine-1,0.4357333746823544,Open-Meteo Single Runs API,ecmwf_ifs,2026-02-13T00:00:00Z,12,2026-02-13T12:00:00Z,2026-01-31T23:50:00Z,UTC,density_adjusted_power_curve_median_0.5ms,wind_speed_100m,7.33,-0.2,False
2026-02-13T12:00:00Z,2026-02-13T23:00:00Z,turbine-1,0.4192542913725276,Open-Meteo Single Runs API,ecmwf_ifs,2026-02-13T00:00:00Z,12,2026-02-13T12:00:00Z,2026-01-31T23:50:00Z,UTC,density_adjusted_power_curve_median_0.5ms,wind_speed_100m,7.23,-0.3,False
2026-02-13T12:00:00Z,2026-02-14T00:00:00Z,turbine-1,0.33934054406154446,Open-Meteo Single Runs API,ecmwf_ifs,2026-02-13T00:00:00Z,12,2026-02-13T12:00:00Z,2026-01-31T23:50:00Z,UTC,density_adjusted_power_curve_median_0.5ms,wind_speed_100m,6.74,-0.4,False
2026-02-13T12:00:00Z,2026-02-14T01:00:00Z,turbine-1,0.21553040036713916,Open-Meteo Single Runs API,ecmwf_ifs,2026-02-13T00:00:00Z,12,2026-02-13T12:00:00Z,2026-01-31T23:50:00Z,UTC,density_adjusted_power_curve_median_0.5ms,wind_speed_100m,5.8,-0.4,False
2026-02-13T12:00:00Z,2026-02-14T02:00:00Z,turbine-1,0.06265883250009745,Open-Meteo Single Runs API,ecmwf_ifs,2026-02-13T00:00:00Z,12,2026-02-13T12:00:00Z,2026-01-31T23:50:00Z,UTC,density_adjusted_power_curve_median_0.5ms,wind_speed_100m,3.75,-0.6,False
2026-02-13T12:00:00Z,2026-02-14T03:00:00Z,turbine-1,0.06382742587943274,Open-Meteo Single Runs API,ecmwf_ifs,2026-02-13T00:00:00Z,12,2026-02-13T12:00:00Z,2026-01-31T23:50:00Z,UTC,density_adjusted_power_curve_median_0.5ms,wind_speed_100m,3.78,-0.3,False
2026-02-13T12:00:00Z,2026-02-14T04:00:00Z,turbine-1,0.014872218621171916,Open-Meteo Single Runs API,ecmwf_ifs,2026-02-13T00:00:00Z,12,2026-02-13T12:00:00Z,2026-01-31T23:50:00Z,UTC,density_adjusted_power_curve_median_0.5ms,wind_speed_100m,2.82,1.3,False
2026-02-13T12:00:00Z,2026-02-14T05:00:00Z,turbine-1,0.01,Open-Meteo Single Runs API,ecmwf_ifs,2026-02-13T00:00:00Z,12,2026-02-13T12:00:00Z,2026-01-31T23:50:00Z,UTC,density_adjusted_power_curve_median_0.5ms,wind_speed_100m,1.63,1.7,False
2026-02-13T12:00:00Z,2026-02-14T06:00:00Z,turbine-1,0.01,Open-Meteo Single Runs API,ecmwf_ifs,2026-02-13T00:00:00Z,12,2026-02-13T12:00:00Z,2026-01-31T23:50:00Z,UTC,density_adjusted_power_curve_median_0.5ms,wind_speed_100m,1.06,2.8,False
2026-02-13T12:00:00Z,2026-02-14T07:00:00Z,turbine-1,0.01,Open-Meteo Single Runs API,ecmwf_ifs,2026-02-13T00:00:00Z,12,2026-02-13T12:00:00Z,2026-01-31T23:50:00Z,UTC,density_adjusted_power_curve_median_0.5ms,wind_speed_100m,2.5,3.1,False
2026-02-13T12:00:00Z,2026-02-14T08:00:00Z,turbine-1,0.01,Open-Meteo Single Runs API,ecmwf_ifs,2026-02-13T00:00:00Z,12,2026-02-13T12:00:00Z,2026-01-31T23:50:00Z,UTC,density_adjusted_power_curve_median_0.5ms,wind_speed_100m,2.39,2.7,False
2026-02-13T12:00:00Z,2026-02-14T09:00:00Z,turbine-1,0.01,Open-Meteo Single Runs API,ecmwf_ifs,2026-02-13T00:00:00Z,12,2026-02-13T12:00:00Z,2026-01-31T23:50:00Z,UTC,density_adjusted_power_curve_median_0.5ms,wind_speed_100m,2.29,2.5,False
2026-02-13T12:00:00Z,2026-02-14T10:00:00Z,turbine-1,0.01633124586437319,Open-Meteo Single Runs API,ecmwf_ifs,2026-02-13T00:00:00Z,12,2026-02-13T12:00:00Z,2026-01-31T23:50:00Z,UTC,density_adjusted_power_curve_median_0.5ms,wind_speed_100m,2.86,2.3,False
2026-02-13T12:00:00Z,2026-02-14T11:00:00Z,turbine-1,0.01,Open-Meteo Single Runs API,ecmwf_ifs,2026-02-13T00:00:00Z,12,2026-02-13T12:00:00Z,2026-01-31T23:50:00Z,UTC,density_adjusted_power_curve_median_0.5ms,wind_speed_100m,2.13,1.9,False
2026-02-13T12:00:00Z,2026-02-14T12:00:00Z,turbine-1,0.02751131101802646,Open-Meteo Single Runs API,ecmwf_ifs,2026-02-13T00:00:00Z,12,2026-02-13T12:00:00Z,2026-01-31T23:50:00Z,UTC,density_adjusted_power_curve_median_0.5ms,wind_speed_100m,3.13,-0.4,False
2026-02-13T12:00:00Z,2026-02-14T13:00:00Z,turbine-1,0.0658877714253907,Open-Meteo Single Runs API,ecmwf_ifs,2026-02-13T00:00:00Z,12,2026-02-13T12:00:00Z,2026-01-31T23:50:00Z,UTC,density_adjusted_power_curve_median_0.5ms,wind_speed_100m,3.83,-0.4,False
2026-02-13T12:00:00Z,2026-02-14T14:00:00Z,turbine-1,0.04397282508807416,Open-Meteo Single Runs API,ecmwf_ifs,2026-02-13T00:00:00Z,12,2026-02-13T12:00:00Z,2026-01-31T23:50:00Z,UTC,density_adjusted_power_curve_median_0.5ms,wind_speed_100m,3.42,-0.9,False
2026-02-13T12:00:00Z,2026-02-14T15:00:00Z,turbine-1,0.08906019804079267,Open-Meteo Single Runs API,ecmwf_ifs,2026-02-13T00:00:00Z,12,2026-02-13T12:00:00Z,2026-01-31T23:50:00Z,UTC,density_adjusted_power_curve_median_0.5ms,wind_speed_100m,4.32,-1.5,False
2026-02-13T12:00:00Z,2026-02-14T16:00:00Z,turbine-1,0.051376061438886414,Open-Meteo Single Runs API,ecmwf_ifs,2026-02-13T00:00:00Z,12,2026-02-13T12:00:00Z,2026-01-31T23:50:00Z,UTC,density_adjusted_power_curve_median_0.5ms,wind_speed_100m,3.54,-1.3,False
2026-02-13T12:00:00Z,2026-02-14T17:00:00Z,turbine-1,0.01,Open-Meteo Single Runs API,ecmwf_ifs,2026-02-13T00:00:00Z,12,2026-02-13T12:00:00Z,2026-01-31T23:50:00Z,UTC,density_adjusted_power_curve_median_0.5ms,wind_speed_100m,2.2,-1.4,False
2026-02-13T12:00:00Z,2026-02-14T18:00:00Z,turbine-1,0.01,Open-Meteo Single Runs API,ecmwf_ifs,2026-02-13T00:00:00Z,12,2026-02-13T12:00:00Z,2026-01-31T23:50:00Z,UTC,density_adjusted_power_curve_median_0.5ms,wind_speed_100m,0.47,-0.7,False
2026-02-13T12:00:00Z,2026-02-14T19:00:00Z,turbine-1,0.01,Open-Meteo Single Runs API,ecmwf_ifs,2026-02-13T00:00:00Z,12,2026-02-13T12:00:00Z,2026-01-31T23:50:00Z,UTC,density_adjusted_power_curve_median_0.5ms,wind_speed_100m,1.1,-0.9,False
2026-02-13T12:00:00Z,2026-02-14T20:00:00Z,turbine-1,0.01,Open-Meteo Single Runs API,ecmwf_ifs,2026-02-13T00:00:00Z,12,2026-02-13T12:00:00Z,2026-01-31T23:50:00Z,UTC,density_adjusted_power_curve_median_0.5ms,wind_speed_100m,1.89,-1.3,False
2026-02-13T12:00:00Z,2026-02-14T21:00:00Z,turbine-1,0.01,Open-Meteo Single Runs API,ecmwf_ifs,2026-02-13T00:00:00Z,12,2026-02-13T12:00:00Z,2026-01-31T23:50:00Z,UTC,density_adjusted_power_curve_median_0.5ms,wind_speed_100m,1.18,-1.6,False
2026-02-13T12:00:00Z,2026-02-14T22:00:00Z,turbine-1,0.01,Open-Meteo Single Runs API,ecmwf_ifs,2026-02-13T00:00:00Z,12,2026-02-13T12:00:00Z,2026-01-31T23:50:00Z,UTC,density_adjusted_power_curve_median_0.5ms,wind_speed_100m,1.85,-2.3,False
2026-02-13T12:00:00Z,2026-02-14T23:00:00Z,turbine-1,0.01,Open-Meteo Single Runs API,ecmwf_ifs,2026-02-13T00:00:00Z,12,2026-02-13T12:00:00Z,2026-01-31T23:50:00Z,UTC,density_adjusted_power_curve_median_0.5ms,wind_speed_100m,2.65,-2.3,False
2026-02-13T12:00:00Z,2026-02-15T00:00:00Z,turbine-1,0.06631049464776091,Open-Meteo Single Runs API,ecmwf_ifs,2026-02-13T00:00:00Z,12,2026-02-13T12:00:00Z,2026-01-31T23:50:00Z,UTC,density_adjusted_power_curve_median_0.5ms,wind_speed_100m,3.83,-2.6,False
2026-02-13T12:00:00Z,2026-02-15T01:00:00Z,turbine-1,0.13805862899105412,Open-Meteo Single Runs API,ecmwf_ifs,2026-02-13T00:00:00Z,12,2026-02-13T12:00:00Z,2026-01-31T23:50:00Z,UTC,density_adjusted_power_curve_median_0.5ms,wind_speed_100m,5.0,-2.5,False
2026-02-13T12:00:00Z,2026-02-15T02:00:00Z,turbine-1,0.22621883094175313,Open-Meteo Single Runs API,ecmwf_ifs,2026-02-13T00:00:00Z,12,2026-02-13T12:00:00Z,2026-01-31T23:50:00Z,UTC,density_adjusted_power_curve_median_0.5ms,wind_speed_100m,5.89,-2.2,False
2026-02-13T12:00:00Z,2026-02-15T03:00:00Z,turbine-1,0.3145938644083958,Open-Meteo Single Runs API,ecmwf_ifs,2026-02-13T00:00:00Z,12,2026-02-13T12:00:00Z,2026-01-31T23:50:00Z,UTC,density_adjusted_power_curve_median_0.5ms,wind_speed_100m,6.58,-0.8,False
2026-02-13T12:00:00Z,2026-02-15T04:00:00Z,turbine-1,0.3620681142470086,Open-Meteo Single Runs API,ecmwf_ifs,2026-02-13T00:00:00Z,12,2026-02-13T12:00:00Z,2026-01-31T23:50:00Z,UTC,density_adjusted_power_curve_median_0.5ms,wind_speed_100m,6.9,2.0,False
2026-02-13T12:00:00Z,2026-02-15T05:00:00Z,turbine-1,0.4961944833176529,Open-Meteo Single Runs API,ecmwf_ifs,2026-02-13T00:00:00Z,12,2026-02-13T12:00:00Z,2026-01-31T23:50:00Z,UTC,density_adjusted_power_curve_median_0.5ms,wind_speed_100m,7.73,3.4,False
2026-02-13T12:00:00Z,2026-02-15T06:00:00Z,turbine-1,0.6593743592758154,Open-Meteo Single Runs API,ecmwf_ifs,2026-02-13T00:00:00Z,12,2026-02-13T12:00:00Z,2026-01-31T23:50:00Z,UTC,density_adjusted_power_curve_median_0.5ms,wind_speed_100m,8.77,4.1,False
2026-02-13T12:00:00Z,2026-02-15T07:00:00Z,turbine-1,0.8369997146635533,Open-Meteo Single Runs API,ecmwf_ifs,2026-02-13T00:00:00Z,12,2026-02-13T12:00:00Z,2026-01-31T23:50:00Z,UTC,density_adjusted_power_curve_median_0.5ms,wind_speed_100m,9.99,6.7,False
2026-02-13T12:00:00Z,2026-02-15T08:00:00Z,turbine-1,0.8451222673808456,Open-Meteo Single Runs API,ecmwf_ifs,2026-02-13T00:00:00Z,12,2026-02-13T12:00:00Z,2026-01-31T23:50:00Z,UTC,density_adjusted_power_curve_median_0.5ms,wind_speed_100m,10.05,6.9,False
2026-02-13T12:00:00Z,2026-02-15T09:00:00Z,turbine-1,0.7806111368692814,Open-Meteo Single Runs API,ecmwf_ifs,2026-02-13T00:00:00Z,12,2026-02-13T12:00:00Z,2026-01-31T23:50:00Z,UTC,density_adjusted_power_curve_median_0.5ms,wind_speed_100m,9.6,6.9,False
2026-02-13T12:00:00Z,2026-02-15T10:00:00Z,turbine-1,0.6852776048387623,Open-Meteo Single Runs API,ecmwf_ifs,2026-02-13T00:00:00Z,12,2026-02-13T12:00:00Z,2026-01-31T23:50:00Z,UTC,density_adjusted_power_curve_median_0.5ms,wind_speed_100m,8.98,6.7,False
2026-02-13T12:00:00Z,2026-02-15T11:00:00Z,turbine-1,0.6157100145271113,Open-Meteo Single Runs API,ecmwf_ifs,2026-02-13T00:00:00Z,12,2026-02-13T12:00:00Z,2026-01-31T23:50:00Z,UTC,density_adjusted_power_curve_median_0.5ms,wind_speed_100m,8.5,5.9,False
2026-02-13T12:00:00Z,2026-02-15T12:00:00Z,turbine-1,0.5542052669660508,Open-Meteo Single Runs API,ecmwf_ifs,2026-02-13T00:00:00Z,12,2026-02-13T12:00:00Z,2026-01-31T23:50:00Z,UTC,density_adjusted_power_curve_median_0.5ms,wind_speed_100m,8.09,3.4,False
2026-02-13T12:00:00Z,2026-02-13T13:00:00Z,turbine-2,0.01,Open-Meteo Single Runs API,ecmwf_ifs,2026-02-13T00:00:00Z,12,2026-02-13T12:00:00Z,2026-01-31T23:50:00Z,UTC,density_adjusted_power_curve_median_0.5ms,wind_speed_100m,2.03,-1.8,False
2026-02-13T12:00:00Z,2026-02-13T14:00:00Z,turbine-2,0.05585289096163524,Open-Meteo Single Runs API,ecmwf_ifs,2026-02-13T00:00:00Z,12,2026-02-13T12:00:00Z,2026-01-31T23:50:00Z,UTC,density_adjusted_power_curve_median_0.5ms,wind_speed_100m,3.77,-1.5,False
2026-02-13T12:00:00Z,2026-02-13T15:00:00Z,turbine-2,0.2170591122576359,Open-Meteo Single Runs API,ecmwf_ifs,2026-02-13T00:00:00Z,12,2026-02-13T12:00:00Z,2026-01-31T23:50:00Z,UTC,density_adjusted_power_curve_median_0.5ms,wind_speed_100m,5.91,-0.9,False
2026-02-13T12:00:00Z,2026-02-13T16:00:00Z,turbine-2,0.37197744291714196,Open-Meteo Single Runs API,ecmwf_ifs,2026-02-13T00:00:00Z,12,2026-02-13T12:00:00Z,2026-01-31T23:50:00Z,UTC,density_adjusted_power_curve_median_0.5ms,wind_speed_100m,7.0,-0.5,False
2026-02-13T12:00:00Z,2026-02-13T17:00:00Z,turbine-2,0.511830326482794,Open-Meteo Single Runs API,ecmwf_ifs,2026-02-13T00:00:00Z,12,2026-02-13T12:00:00Z,2026-01-31T23:50:00Z,UTC,density_adjusted_power_curve_median_0.5ms,wind_speed_100m,7.85,-0.7,False
2026-02-13T12:00:00Z,2026-02-13T18:00:00Z,turbine-2,0.5336299299152366,Open-Meteo Single Runs API,ecmwf_ifs,2026-02-13T00:00:00Z,12,2026-02-13T12:00:00Z,2026-01-31T23:50:00Z,UTC,density_adjusted_power_curve_median_0.5ms,wind_speed_100m,7.98,-1.1,False
2026-02-13T12:00:00Z,2026-02-13T19:00:00Z,turbine-2,0.6376057032663958,Open-Meteo Single Runs API,ecmwf_ifs,2026-02-13T00:00:00Z,12,2026-02-13T12:00:00Z,2026-01-31T23:50:00Z,UTC,density_adjusted_power_curve_median_0.5ms,wind_speed_100m,8.68,-1.4,False
2026-02-13T12:00:00Z,2026-02-13T20:00:00Z,turbine-2,0.692961613704536,Open-Meteo Single Runs API,ecmwf_ifs,2026-02-13T00:00:00Z,12,2026-02-13T12:00:00Z,2026-01-31T23:50:00Z,UTC,density_adjusted_power_curve_median_0.5ms,wind_speed_100m,9.03,-0.9,False
2026-02-13T12:00:00Z,2026-02-13T21:00:00Z,turbine-2,0.6102325530074728,Open-Meteo Single Runs API,ecmwf_ifs,2026-02-13T00:00:00Z,12,2026-02-13T12:00:00Z,2026-01-31T23:50:00Z,UTC,density_adjusted_power_curve_median_0.5ms,wind_speed_100m,8.51,-0.6,False
2026-02-13T12:00:00Z,2026-02-13T22:00:00Z,turbine-2,0.42586912359864937,Open-Meteo Single Runs API,ecmwf_ifs,2026-02-13T00:00:00Z,12,2026-02-13T12:00:00Z,2026-01-31T23:50:00Z,UTC,density_adjusted_power_curve_median_0.5ms,wind_speed_100m,7.33,-0.2,False
2026-02-13T12:00:00Z,2026-02-13T23:00:00Z,turbine-2,0.40952887979350117,Open-Meteo Single Runs API,ecmwf_ifs,2026-02-13T00:00:00Z,12,2026-02-13T12:00:00Z,2026-01-31T23:50:00Z,UTC,density_adjusted_power_curve_median_0.5ms,wind_speed_100m,7.23,-0.3,False
2026-02-13T12:00:00Z,2026-02-14T00:00:00Z,turbine-2,0.32917285256379936,Open-Meteo Single Runs API,ecmwf_ifs,2026-02-13T00:00:00Z,12,2026-02-13T12:00:00Z,2026-01-31T23:50:00Z,UTC,density_adjusted_power_curve_median_0.5ms,wind_speed_100m,6.74,-0.4,False
2026-02-13T12:00:00Z,2026-02-14T01:00:00Z,turbine-2,0.2053265288062253,Open-Meteo Single Runs API,ecmwf_ifs,2026-02-13T00:00:00Z,12,2026-02-13T12:00:00Z,2026-01-31T23:50:00Z,UTC,density_adjusted_power_curve_median_0.5ms,wind_speed_100m,5.8,-0.4,False
2026-02-13T12:00:00Z,2026-02-14T02:00:00Z,turbine-2,0.05440549946050121,Open-Meteo Single Runs API,ecmwf_ifs,2026-02-13T00:00:00Z,12,2026-02-13T12:00:00Z,2026-01-31T23:50:00Z,UTC,density_adjusted_power_curve_median_0.5ms,wind_speed_100m,3.75,-0.6,False
2026-02-13T12:00:00Z,2026-02-14T03:00:00Z,turbine-2,0.0561198118939141,Open-Meteo Single Runs API,ecmwf_ifs,2026-02-13T00:00:00Z,12,2026-02-13T12:00:00Z,2026-01-31T23:50:00Z,UTC,density_adjusted_power_curve_median_0.5ms,wind_speed_100m,3.78,-0.3,False
2026-02-13T12:00:00Z,2026-02-14T04:00:00Z,turbine-2,0.014771343457426186,Open-Meteo Single Runs API,ecmwf_ifs,2026-02-13T00:00:00Z,12,2026-02-13T12:00:00Z,2026-01-31T23:50:00Z,UTC,density_adjusted_power_curve_median_0.5ms,wind_speed_100m,2.82,1.3,False
2026-02-13T12:00:00Z,2026-02-14T05:00:00Z,turbine-2,0.01,Open-Meteo Single Runs API,ecmwf_ifs,2026-02-13T00:00:00Z,12,2026-02-13T12:00:00Z,2026-01-31T23:50:00Z,UTC,density_adjusted_power_curve_median_0.5ms,wind_speed_100m,1.63,1.7,False
2026-02-13T12:00:00Z,2026-02-14T06:00:00Z,turbine-2,0.01,Open-Meteo Single Runs API,ecmwf_ifs,2026-02-13T00:00:00Z,12,2026-02-13T12:00:00Z,2026-01-31T23:50:00Z,UTC,density_adjusted_power_curve_median_0.5ms,wind_speed_100m,1.06,2.8,False
2026-02-13T12:00:00Z,2026-02-14T07:00:00Z,turbine-2,0.01,Open-Meteo Single Runs API,ecmwf_ifs,2026-02-13T00:00:00Z,12,2026-02-13T12:00:00Z,2026-01-31T23:50:00Z,UTC,density_adjusted_power_curve_median_0.5ms,wind_speed_100m,2.5,3.1,False
2026-02-13T12:00:00Z,2026-02-14T08:00:00Z,turbine-2,0.01,Open-Meteo Single Runs API,ecmwf_ifs,2026-02-13T00:00:00Z,12,2026-02-13T12:00:00Z,2026-01-31T23:50:00Z,UTC,density_adjusted_power_curve_median_0.5ms,wind_speed_100m,2.39,2.7,False
2026-02-13T12:00:00Z,2026-02-14T09:00:00Z,turbine-2,0.01,Open-Meteo Single Runs API,ecmwf_ifs,2026-02-13T00:00:00Z,12,2026-02-13T12:00:00Z,2026-01-31T23:50:00Z,UTC,density_adjusted_power_curve_median_0.5ms,wind_speed_100m,2.29,2.5,False
2026-02-13T12:00:00Z,2026-02-14T10:00:00Z,turbine-2,0.01624787327301301,Open-Meteo Single Runs API,ecmwf_ifs,2026-02-13T00:00:00Z,12,2026-02-13T12:00:00Z,2026-01-31T23:50:00Z,UTC,density_adjusted_power_curve_median_0.5ms,wind_speed_100m,2.86,2.3,False
2026-02-13T12:00:00Z,2026-02-14T11:00:00Z,turbine-2,0.01,Open-Meteo Single Runs API,ecmwf_ifs,2026-02-13T00:00:00Z,12,2026-02-13T12:00:00Z,2026-01-31T23:50:00Z,UTC,density_adjusted_power_curve_median_0.5ms,wind_speed_100m,2.13,1.9,False
2026-02-13T12:00:00Z,2026-02-14T12:00:00Z,turbine-2,0.027562055113341498,Open-Meteo Single Runs API,ecmwf_ifs,2026-02-13T00:00:00Z,12,2026-02-13T12:00:00Z,2026-01-31T23:50:00Z,UTC,density_adjusted_power_curve_median_0.5ms,wind_speed_100m,3.13,-0.4,False
2026-02-13T12:00:00Z,2026-02-14T13:00:00Z,turbine-2,0.05914231403111748,Open-Meteo Single Runs API,ecmwf_ifs,2026-02-13T00:00:00Z,12,2026-02-13T12:00:00Z,2026-01-31T23:50:00Z,UTC,density_adjusted_power_curve_median_0.5ms,wind_speed_100m,3.83,-0.4,False
2026-02-13T12:00:00Z,2026-02-14T14:00:00Z,turbine-2,0.03952008830239067,Open-Meteo Single Runs API,ecmwf_ifs,2026-02-13T00:00:00Z,12,2026-02-13T12:00:00Z,2026-01-31T23:50:00Z,UTC,density_adjusted_power_curve_median_0.5ms,wind_speed_100m,3.42,-0.9,False
2026-02-13T12:00:00Z,2026-02-14T15:00:00Z,turbine-2,0.08901711020461969,Open-Meteo Single Runs API,ecmwf_ifs,2026-02-13T00:00:00Z,12,2026-02-13T12:00:00Z,2026-01-31T23:50:00Z,UTC,density_adjusted_power_curve_median_0.5ms,wind_speed_100m,4.32,-1.5,False
2026-02-13T12:00:00Z,2026-02-14T16:00:00Z,turbine-2,0.04452083706390492,Open-Meteo Single Runs API,ecmwf_ifs,2026-02-13T00:00:00Z,12,2026-02-13T12:00:00Z,2026-01-31T23:50:00Z,UTC,density_adjusted_power_curve_median_0.5ms,wind_speed_100m,3.54,-1.3,False
2026-02-13T12:00:00Z,2026-02-14T17:00:00Z,turbine-2,0.01,Open-Meteo Single Runs API,ecmwf_ifs,2026-02-13T00:00:00Z,12,2026-02-13T12:00:00Z,2026-01-31T23:50:00Z,UTC,density_adjusted_power_curve_median_0.5ms,wind_speed_100m,2.2,-1.4,False
2026-02-13T12:00:00Z,2026-02-14T18:00:00Z,turbine-2,0.01,Open-Meteo Single Runs API,ecmwf_ifs,2026-02-13T00:00:00Z,12,2026-02-13T12:00:00Z,2026-01-31T23:50:00Z,UTC,density_adjusted_power_curve_median_0.5ms,wind_speed_100m,0.47,-0.7,False
2026-02-13T12:00:00Z,2026-02-14T19:00:00Z,turbine-2,0.01,Open-Meteo Single Runs API,ecmwf_ifs,2026-02-13T00:00:00Z,12,2026-02-13T12:00:00Z,2026-01-31T23:50:00Z,UTC,density_adjusted_power_curve_median_0.5ms,wind_speed_100m,1.1,-0.9,False
2026-02-13T12:00:00Z,2026-02-14T20:00:00Z,turbine-2,0.01,Open-Meteo Single Runs API,ecmwf_ifs,2026-02-13T00:00:00Z,12,2026-02-13T12:00:00Z,2026-01-31T23:50:00Z,UTC,density_adjusted_power_curve_median_0.5ms,wind_speed_100m,1.89,-1.3,False
2026-02-13T12:00:00Z,2026-02-14T21:00:00Z,turbine-2,0.01,Open-Meteo Single Runs API,ecmwf_ifs,2026-02-13T00:00:00Z,12,2026-02-13T12:00:00Z,2026-01-31T23:50:00Z,UTC,density_adjusted_power_curve_median_0.5ms,wind_speed_100m,1.18,-1.6,False
2026-02-13T12:00:00Z,2026-02-14T22:00:00Z,turbine-2,0.01,Open-Meteo Single Runs API,ecmwf_ifs,2026-02-13T00:00:00Z,12,2026-02-13T12:00:00Z,2026-01-31T23:50:00Z,UTC,density_adjusted_power_curve_median_0.5ms,wind_speed_100m,1.85,-2.3,False
2026-02-13T12:00:00Z,2026-02-14T23:00:00Z,turbine-2,0.01,Open-Meteo Single Runs API,ecmwf_ifs,2026-02-13T00:00:00Z,12,2026-02-13T12:00:00Z,2026-01-31T23:50:00Z,UTC,density_adjusted_power_curve_median_0.5ms,wind_speed_100m,2.65,-2.3,False
2026-02-13T12:00:00Z,2026-02-15T00:00:00Z,turbine-2,0.05976244391445961,Open-Meteo Single Runs API,ecmwf_ifs,2026-02-13T00:00:00Z,12,2026-02-13T12:00:00Z,2026-01-31T23:50:00Z,UTC,density_adjusted_power_curve_median_0.5ms,wind_speed_100m,3.83,-2.6,False
2026-02-13T12:00:00Z,2026-02-15T01:00:00Z,turbine-2,0.1311867197842776,Open-Meteo Single Runs API,ecmwf_ifs,2026-02-13T00:00:00Z,12,2026-02-13T12:00:00Z,2026-01-31T23:50:00Z,UTC,density_adjusted_power_curve_median_0.5ms,wind_speed_100m,5.0,-2.5,False
2026-02-13T12:00:00Z,2026-02-15T02:00:00Z,turbine-2,0.21596433700447315,Open-Meteo Single Runs API,ecmwf_ifs,2026-02-13T00:00:00Z,12,2026-02-13T12:00:00Z,2026-01-31T23:50:00Z,UTC,density_adjusted_power_curve_median_0.5ms,wind_speed_100m,5.89,-2.2,False
2026-02-13T12:00:00Z,2026-02-15T03:00:00Z,turbine-2,0.30426387705087155,Open-Meteo Single Runs API,ecmwf_ifs,2026-02-13T00:00:00Z,12,2026-02-13T12:00:00Z,2026-01-31T23:50:00Z,UTC,density_adjusted_power_curve_median_0.5ms,wind_speed_100m,6.58,-0.8,False
2026-02-13T12:00:00Z,2026-02-15T04:00:00Z,turbine-2,0.35212611442689046,Open-Meteo Single Runs API,ecmwf_ifs,2026-02-13T00:00:00Z,12,2026-02-13T12:00:00Z,2026-01-31T23:50:00Z,UTC,density_adjusted_power_curve_median_0.5ms,wind_speed_100m,6.9,2.0,False
2026-02-13T12:00:00Z,2026-02-15T05:00:00Z,turbine-2,0.48604525455582326,Open-Meteo Single Runs API,ecmwf_ifs,2026-02-13T00:00:00Z,12,2026-02-13T12:00:00Z,2026-01-31T23:50:00Z,UTC,density_adjusted_power_curve_median_0.5ms,wind_speed_100m,7.73,3.4,False
2026-02-13T12:00:00Z,2026-02-15T06:00:00Z,turbine-2,0.6426870282325043,Open-Meteo Single Runs API,ecmwf_ifs,2026-02-13T00:00:00Z,12,2026-02-13T12:00:00Z,2026-01-31T23:50:00Z,UTC,density_adjusted_power_curve_median_0.5ms,wind_speed_100m,8.77,4.1,False
2026-02-13T12:00:00Z,2026-02-15T07:00:00Z,turbine-2,0.8170029765962205,Open-Meteo Single Runs API,ecmwf_ifs,2026-02-13T00:00:00Z,12,2026-02-13T12:00:00Z,2026-01-31T23:50:00Z,UTC,density_adjusted_power_curve_median_0.5ms,wind_speed_100m,9.99,6.7,False
2026-02-13T12:00:00Z,2026-02-15T08:00:00Z,turbine-2,0.8252313755700339,Open-Meteo Single Runs API,ecmwf_ifs,2026-02-13T00:00:00Z,12,2026-02-13T12:00:00Z,2026-01-31T23:50:00Z,UTC,density_adjusted_power_curve_median_0.5ms,wind_speed_100m,10.05,6.9,False
2026-02-13T12:00:00Z,2026-02-15T09:00:00Z,turbine-2,0.7612100626447581,Open-Meteo Single Runs API,ecmwf_ifs,2026-02-13T00:00:00Z,12,2026-02-13T12:00:00Z,2026-01-31T23:50:00Z,UTC,density_adjusted_power_curve_median_0.5ms,wind_speed_100m,9.6,6.9,False
2026-02-13T12:00:00Z,2026-02-15T10:00:00Z,turbine-2,0.6717561210920707,Open-Meteo Single Runs API,ecmwf_ifs,2026-02-13T00:00:00Z,12,2026-02-13T12:00:00Z,2026-01-31T23:50:00Z,UTC,density_adjusted_power_curve_median_0.5ms,wind_speed_100m,8.98,6.7,False
2026-02-13T12:00:00Z,2026-02-15T11:00:00Z,turbine-2,0.5993766739501862,Open-Meteo Single Runs API,ecmwf_ifs,2026-02-13T00:00:00Z,12,2026-02-13T12:00:00Z,2026-01-31T23:50:00Z,UTC,density_adjusted_power_curve_median_0.5ms,wind_speed_100m,8.5,5.9,False
2026-02-13T12:00:00Z,2026-02-15T12:00:00Z,turbine-2,0.5443600317133066,Open-Meteo Single Runs API,ecmwf_ifs,2026-02-13T00:00:00Z,12,2026-02-13T12:00:00Z,2026-01-31T23:50:00Z,UTC,density_adjusted_power_curve_median_0.5ms,wind_speed_100m,8.09,3.4,False
2026-02-14T12:00:00Z,2026-02-14T13:00:00Z,turbine-1,0.01,Open-Meteo Single Runs API,ecmwf_ifs,2026-02-14T00:00:00Z,12,2026-02-14T12:00:00Z,2026-01-31T23:50:00Z,UTC,density_adjusted_power_curve_median_0.5ms,wind_speed_100m,1.49,-0.5,False
2026-02-14T12:00:00Z,2026-02-14T14:00:00Z,turbine-1,0.05060984075258261,Open-Meteo Single Runs API,ecmwf_ifs,2026-02-14T00:00:00Z,12,2026-02-14T12:00:00Z,2026-01-31T23:50:00Z,UTC,density_adjusted_power_curve_median_0.5ms,wind_speed_100m,3.53,-0.7,False
2026-02-14T12:00:00Z,2026-02-14T15:00:00Z,turbine-1,0.05600105192273339,Open-Meteo Single Runs API,ecmwf_ifs,2026-02-14T00:00:00Z,12,2026-02-14T12:00:00Z,2026-01-31T23:50:00Z,UTC,density_adjusted_power_curve_median_0.5ms,wind_speed_100m,3.62,-0.4,False
2026-02-14T12:00:00Z,2026-02-14T16:00:00Z,turbine-1,0.07621754523021956,Open-Meteo Single Runs API,ecmwf_ifs,2026-02-14T00:00:00Z,12,2026-02-14T12:00:00Z,2026-01-31T23:50:00Z,UTC,density_adjusted_power_curve_median_0.5ms,wind_speed_100m,4.08,-1.0,False
2026-02-14T12:00:00Z,2026-02-14T17:00:00Z,turbine-1,0.01,Open-Meteo Single Runs API,ecmwf_ifs,2026-02-14T00:00:00Z,12,2026-02-14T12:00:00Z,2026-01-31T23:50:00Z,UTC,density_adjusted_power_curve_median_0.5ms,wind_speed_100m,1.77,-0.1,False
2026-02-14T12:00:00Z,2026-02-14T18:00:00Z,turbine-1,0.01,Open-Meteo Single Runs API,ecmwf_ifs,2026-02-14T00:00:00Z,12,2026-02-14T12:00:00Z,2026-01-31T23:50:00Z,UTC,density_adjusted_power_curve_median_0.5ms,wind_speed_100m,1.78,-0.4,False
2026-02-14T12:00:00Z,2026-02-14T19:00:00Z,turbine-1,0.01,Open-Meteo Single Runs API,ecmwf_ifs,2026-02-14T00:00:00Z,12,2026-02-14T12:00:00Z,2026-01-31T23:50:00Z,UTC,density_adjusted_power_curve_median_0.5ms,wind_speed_100m,0.39,-0.3,False
2026-02-14T12:00:00Z,2026-02-14T20:00:00Z,turbine-1,0.01,Open-Meteo Single Runs API,ecmwf_ifs,2026-02-14T00:00:00Z,12,2026-02-14T12:00:00Z,2026-01-31T23:50:00Z,UTC,density_adjusted_power_curve_median_0.5ms,wind_speed_100m,2.09,-0.5,False
2026-02-14T12:00:00Z,2026-02-14T21:00:00Z,turbine-1,0.01,Open-Meteo Single Runs API,ecmwf_ifs,2026-02-14T00:00:00Z,12,2026-02-14T12:00:00Z,2026-01-31T23:50:00Z,UTC,density_adjusted_power_curve_median_0.5ms,wind_speed_100m,1.65,0.0,False
2026-02-14T12:00:00Z,2026-02-14T22:00:00Z,turbine-1,0.01,Open-Meteo Single Runs API,ecmwf_ifs,2026-02-14T00:00:00Z,12,2026-02-14T12:00:00Z,2026-01-31T23:50:00Z,UTC,density_adjusted_power_curve_median_0.5ms,wind_speed_100m,2.02,-2.9,False
2026-02-14T12:00:00Z,2026-02-14T23:00:00Z,turbine-1,0.01,Open-Meteo Single Runs API,ecmwf_ifs,2026-02-14T00:00:00Z,12,2026-02-14T12:00:00Z,2026-01-31T23:50:00Z,UTC,density_adjusted_power_curve_median_0.5ms,wind_speed_100m,2.15,-2.9,False
2026-02-14T12:00:00Z,2026-02-15T00:00:00Z,turbine-1,0.035413879736594975,Open-Meteo Single Runs API,ecmwf_ifs,2026-02-14T00:00:00Z,12,2026-02-14T12:00:00Z,2026-01-31T23:50:00Z,UTC,density_adjusted_power_curve_median_0.5ms,wind_speed_100m,3.27,-3.2,False
2026-02-14T12:00:00Z,2026-02-15T01:00:00Z,turbine-1,0.16659055084420143,Open-Meteo Single Runs API,ecmwf_ifs,2026-02-14T00:00:00Z,12,2026-02-14T12:00:00Z,2026-01-31T23:50:00Z,UTC,density_adjusted_power_curve_median_0.5ms,wind_speed_100m,5.31,-2.1,False
2026-02-14T12:00:00Z,2026-02-15T02:00:00Z,turbine-1,0.1821168043227745,Open-Meteo Single Runs API,ecmwf_ifs,2026-02-14T00:00:00Z,12,2026-02-14T12:00:00Z,2026-01-31T23:50:00Z,UTC,density_adjusted_power_curve_median_0.5ms,wind_speed_100m,5.46,-2.5,False
2026-02-14T12:00:00Z,2026-02-15T03:00:00Z,turbine-1,0.33134944367028685,Open-Meteo Single Runs API,ecmwf_ifs,2026-02-14T00:00:00Z,12,2026-02-14T12:00:00Z,2026-01-31T23:50:00Z,UTC,density_adjusted_power_curve_median_0.5ms,wind_speed_100m,6.69,-0.5,False
2026-02-14T12:00:00Z,2026-02-15T04:00:00Z,turbine-1,0.46699498300571995,Open-Meteo Single Runs API,ecmwf_ifs,2026-02-14T00:00:00Z,12,2026-02-14T12:00:00Z,2026-01-31T23:50:00Z,UTC,density_adjusted_power_curve_median_0.5ms,wind_speed_100m,7.54,2.2,False
2026-02-14T12:00:00Z,2026-02-15T05:00:00Z,turbine-1,0.49911639666026053,Open-Meteo Single Runs API,ecmwf_ifs,2026-02-14T00:00:00Z,12,2026-02-14T12:00:00Z,2026-01-31T23:50:00Z,UTC,density_adjusted_power_curve_median_0.5ms,wind_speed_100m,7.75,3.6,False
2026-02-14T12:00:00Z,2026-02-15T06:00:00Z,turbine-1,0.6083869009869017,Open-Meteo Single Runs API,ecmwf_ifs,2026-02-14T00:00:00Z,12,2026-02-14T12:00:00Z,2026-01-31T23:50:00Z,UTC,density_adjusted_power_curve_median_0.5ms,wind_speed_100m,8.45,5.5,False
2026-02-14T12:00:00Z,2026-02-15T07:00:00Z,turbine-1,0.8038154734908515,Open-Meteo Single Runs API,ecmwf_ifs,2026-02-14T00:00:00Z,12,2026-02-14T12:00:00Z,2026-01-31T23:50:00Z,UTC,density_adjusted_power_curve_median_0.5ms,wind_speed_100m,9.75,6.3,False
2026-02-14T12:00:00Z,2026-02-15T08:00:00Z,turbine-1,0.810632699983809,Open-Meteo Single Runs API,ecmwf_ifs,2026-02-14T00:00:00Z,12,2026-02-14T12:00:00Z,2026-01-31T23:50:00Z,UTC,density_adjusted_power_curve_median_0.5ms,wind_speed_100m,9.81,7.3,False
2026-02-14T12:00:00Z,2026-02-15T09:00:00Z,turbine-1,0.718910887969333,Open-Meteo Single Runs API,ecmwf_ifs,2026-02-14T00:00:00Z,12,2026-02-14T12:00:00Z,2026-01-31T23:50:00Z,UTC,density_adjusted_power_curve_median_0.5ms,wind_speed_100m,9.23,8.5,False
2026-02-14T12:00:00Z,2026-02-15T10:00:00Z,turbine-1,0.5835628114292,Open-Meteo Single Runs API,ecmwf_ifs,2026-02-14T00:00:00Z,12,2026-02-14T12:00:00Z,2026-01-31T23:50:00Z,UTC,density_adjusted_power_curve_median_0.5ms,wind_speed_100m,8.32,8.1,False
2026-02-14T12:00:00Z,2026-02-15T11:00:00Z,turbine-1,0.5477648816177064,Open-Meteo Single Runs API,ecmwf_ifs,2026-02-14T00:00:00Z,12,2026-02-14T12:00:00Z,2026-01-31T23:50:00Z,UTC,density_adjusted_power_curve_median_0.5ms,wind_speed_100m,8.08,6.5,False
2026-02-14T12:00:00Z,2026-02-15T12:00:00Z,turbine-1,0.5691322618549811,Open-Meteo Single Runs API,ecmwf_ifs,2026-02-14T00:00:00Z,12,2026-02-14T12:00:00Z,2026-01-31T23:50:00Z,UTC,density_adjusted_power_curve_median_0.5ms,wind_speed_100m,8.19,4.1,False
2026-02-14T12:00:00Z,2026-02-15T13:00:00Z,turbine-1,0.5546404418116324,Open-Meteo Single Runs API,ecmwf_ifs,2026-02-14T00:00:00Z,12,2026-02-14T12:00:00Z,2026-01-31T23:50:00Z,UTC,density_adjusted_power_curve_median_0.5ms,wind_speed_100m,8.08,2.1,False
2026-02-14T12:00:00Z,2026-02-15T14:00:00Z,turbine-1,0.5738837091294234,Open-Meteo Single Runs API,ecmwf_ifs,2026-02-14T00:00:00Z,12,2026-02-14T12:00:00Z,2026-01-31T23:50:00Z,UTC,density_adjusted_power_curve_median_0.5ms,wind_speed_100m,8.19,1.1,False
2026-02-14T12:00:00Z,2026-02-15T15:00:00Z,turbine-1,0.5465281115679614,Open-Meteo Single Runs API,ecmwf_ifs,2026-02-14T00:00:00Z,12,2026-02-14T12:00:00Z,2026-01-31T23:50:00Z,UTC,density_adjusted_power_curve_median_0.5ms,wind_speed_100m,8.02,1.1,False
2026-02-14T12:00:00Z,2026-02-15T16:00:00Z,turbine-1,0.41720512336106064,Open-Meteo Single Runs API,ecmwf_ifs,2026-02-14T00:00:00Z,12,2026-02-14T12:00:00Z,2026-01-31T23:50:00Z,UTC,density_adjusted_power_curve_median_0.5ms,wind_speed_100m,7.23,1.1,False
2026-02-14T12:00:00Z,2026-02-15T17:00:00Z,turbine-1,0.29096734651755257,Open-Meteo Single Runs API,ecmwf_ifs,2026-02-14T00:00:00Z,12,2026-02-14T12:00:00Z,2026-01-31T23:50:00Z,UTC,density_adjusted_power_curve_median_0.5ms,wind_speed_100m,6.43,1.1,False
2026-02-14T12:00:00Z,2026-02-15T18:00:00Z,turbine-1,0.2621588281766649,Open-Meteo Single Runs API,ecmwf_ifs,2026-02-14T00:00:00Z,12,2026-02-14T12:00:00Z,2026-01-31T23:50:00Z,UTC,density_adjusted_power_curve_median_0.5ms,wind_speed_100m,6.23,1.3,False
2026-02-14T12:00:00Z,2026-02-15T19:00:00Z,turbine-1,0.2735928970769987,Open-Meteo Single Runs API,ecmwf_ifs,2026-02-14T00:00:00Z,12,2026-02-14T12:00:00Z,2026-01-31T23:50:00Z,UTC,density_adjusted_power_curve_median_0.5ms,wind_speed_100m,6.31,1.3,False
2026-02-14T12:00:00Z,2026-02-15T20:00:00Z,turbine-1,0.2853599819606877,Open-Meteo Single Runs API,ecmwf_ifs,2026-02-14T00:00:00Z,12,2026-02-14T12:00:00Z,2026-01-31T23:50:00Z,UTC,density_adjusted_power_curve_median_0.5ms,wind_speed_100m,6.39,1.0,False
2026-02-14T12:00:00Z,2026-02-15T21:00:00Z,turbine-1,0.19885088398611434,Open-Meteo Single Runs API,ecmwf_ifs,2026-02-14T00:00:00Z,12,2026-02-14T12:00:00Z,2026-01-31T23:50:00Z,UTC,density_adjusted_power_curve_median_0.5ms,wind_speed_100m,5.65,1.2,False
2026-02-14T12:00:00Z,2026-02-15T22:00:00Z,turbine-1,0.17933987638305604,Open-Meteo Single Runs API,ecmwf_ifs,2026-02-14T00:00:00Z,12,2026-02-14T12:00:00Z,2026-01-31T23:50:00Z,UTC,density_adjusted_power_curve_median_0.5ms,wind_speed_100m,5.46,1.6,False
2026-02-14T12:00:00Z,2026-02-15T23:00:00Z,turbine-1,0.1943174279213179,Open-Meteo Single Runs API,ecmwf_ifs,2026-02-14T00:00:00Z,12,2026-02-14T12:00:00Z,2026-01-31T23:50:00Z,UTC,density_adjusted_power_curve_median_0.5ms,wind_speed_100m,5.61,1.9,False
2026-02-14T12:00:00Z,2026-02-16T00:00:00Z,turbine-1,0.2153937937924414,Open-Meteo Single Runs API,ecmwf_ifs,2026-02-14T00:00:00Z,12,2026-02-14T12:00:00Z,2026-01-31T23:50:00Z,UTC,density_adjusted_power_curve_median_0.5ms,wind_speed_100m,5.81,1.2,False
2026-02-14T12:00:00Z,2026-02-16T01:00:00Z,turbine-1,0.19892042424133777,Open-Meteo Single Runs API,ecmwf_ifs,2026-02-14T00:00:00Z,12,2026-02-14T12:00:00Z,2026-01-31T23:50:00Z,UTC,density_adjusted_power_curve_median_0.5ms,wind_speed_100m,5.65,1.1,False
2026-02-14T12:00:00Z,2026-02-16T02:00:00Z,turbine-1,0.2670995623861336,Open-Meteo Single Runs API,ecmwf_ifs,2026-02-14T00:00:00Z,12,2026-02-14T12:00:00Z,2026-01-31T23:50:00Z,UTC,density_adjusted_power_curve_median_0.5ms,wind_speed_100m,6.26,0.7,False
2026-02-14T12:00:00Z,2026-02-16T03:00:00Z,turbine-1,0.3410073696746058,Open-Meteo Single Runs API,ecmwf_ifs,2026-02-14T00:00:00Z,12,2026-02-14T12:00:00Z,2026-01-31T23:50:00Z,UTC,density_adjusted_power_curve_median_0.5ms,wind_speed_100m,6.77,2.0,False
2026-02-14T12:00:00Z,2026-02-16T04:00:00Z,turbine-1,0.391557772095003,Open-Meteo Single Runs API,ecmwf_ifs,2026-02-14T00:00:00Z,12,2026-02-14T12:00:00Z,2026-01-31T23:50:00Z,UTC,density_adjusted_power_curve_median_0.5ms,wind_speed_100m,7.1,4.1,False
2026-02-14T12:00:00Z,2026-02-16T05:00:00Z,turbine-1,0.2067066645150883,Open-Meteo Single Runs API,ecmwf_ifs,2026-02-14T00:00:00Z,12,2026-02-14T12:00:00Z,2026-01-31T23:50:00Z,UTC,density_adjusted_power_curve_median_0.5ms,wind_speed_100m,5.76,6.1,False
2026-02-14T12:00:00Z,2026-02-16T06:00:00Z,turbine-1,0.17838920121253735,Open-Meteo Single Runs API,ecmwf_ifs,2026-02-14T00:00:00Z,12,2026-02-14T12:00:00Z,2026-01-31T23:50:00Z,UTC,density_adjusted_power_curve_median_0.5ms,wind_speed_100m,5.49,7.6,False
2026-02-14T12:00:00Z,2026-02-16T07:00:00Z,turbine-1,0.22342285006112605,Open-Meteo Single Runs API,ecmwf_ifs,2026-02-14T00:00:00Z,12,2026-02-14T12:00:00Z,2026-01-31T23:50:00Z,UTC,density_adjusted_power_curve_median_0.5ms,wind_speed_100m,5.94,8.6,False
2026-02-14T12:00:00Z,2026-02-16T08:00:00Z,turbine-1,0.22372843763115416,Open-Meteo Single Runs API,ecmwf_ifs,2026-02-14T00:00:00Z,12,2026-02-14T12:00:00Z,2026-01-31T23:50:00Z,UTC,density_adjusted_power_curve_median_0.5ms,wind_speed_100m,5.95,9.6,False
2026-02-14T12:00:00Z,2026-02-16T09:00:00Z,turbine-1,0.2262989222142052,Open-Meteo Single Runs API,ecmwf_ifs,2026-02-14T00:00:00Z,12,2026-02-14T12:00:00Z,2026-01-31T23:50:00Z,UTC,density_adjusted_power_curve_median_0.5ms,wind_speed_100m,5.98,10.3,False
2026-02-14T12:00:00Z,2026-02-16T10:00:00Z,turbine-1,0.2204383746614125,Open-Meteo Single Runs API,ecmwf_ifs,2026-02-14T00:00:00Z,12,2026-02-14T12:00:00Z,2026-01-31T23:50:00Z,UTC,density_adjusted_power_curve_median_0.5ms,wind_speed_100m,5.92,9.9,False
2026-02-14T12:00:00Z,2026-02-16T11:00:00Z,turbine-1,0.2265020528704877,Open-Meteo Single Runs API,ecmwf_ifs,2026-02-14T00:00:00Z,12,2026-02-14T12:00:00Z,2026-01-31T23:50:00Z,UTC,density_adjusted_power_curve_median_0.5ms,wind_speed_100m,5.97,8.6,False
2026-02-14T12:00:00Z,2026-02-16T12:00:00Z,turbine-1,0.19474882579959618,Open-Meteo Single Runs API,ecmwf_ifs,2026-02-14T00:00:00Z,12,2026-02-14T12:00:00Z,2026-01-31T23:50:00Z,UTC,density_adjusted_power_curve_median_0.5ms,wind_speed_100m,5.64,5.7,False
2026-02-14T12:00:00Z,2026-02-14T13:00:00Z,turbine-2,0.01,Open-Meteo Single Runs API,ecmwf_ifs,2026-02-14T00:00:00Z,12,2026-02-14T12:00:00Z,2026-01-31T23:50:00Z,UTC,density_adjusted_power_curve_median_0.5ms,wind_speed_100m,1.49,-0.5,False
2026-02-14T12:00:00Z,2026-02-14T14:00:00Z,turbine-2,0.04400326921026481,Open-Meteo Single Runs API,ecmwf_ifs,2026-02-14T00:00:00Z,12,2026-02-14T12:00:00Z,2026-01-31T23:50:00Z,UTC,density_adjusted_power_curve_median_0.5ms,wind_speed_100m,3.53,-0.7,False
2026-02-14T12:00:00Z,2026-02-14T15:00:00Z,turbine-2,0.04764493230254678,Open-Meteo Single Runs API,ecmwf_ifs,2026-02-14T00:00:00Z,12,2026-02-14T12:00:00Z,2026-01-31T23:50:00Z,UTC,density_adjusted_power_curve_median_0.5ms,wind_speed_100m,3.62,-0.4,False
2026-02-14T12:00:00Z,2026-02-14T16:00:00Z,turbine-2,0.07429596797192081,Open-Meteo Single Runs API,ecmwf_ifs,2026-02-14T00:00:00Z,12,2026-02-14T12:00:00Z,2026-01-31T23:50:00Z,UTC,density_adjusted_power_curve_median_0.5ms,wind_speed_100m,4.08,-1.0,False
2026-02-14T12:00:00Z,2026-02-14T17:00:00Z,turbine-2,0.01,Open-Meteo Single Runs API,ecmwf_ifs,2026-02-14T00:00:00Z,12,2026-02-14T12:00:00Z,2026-01-31T23:50:00Z,UTC,density_adjusted_power_curve_median_0.5ms,wind_speed_100m,1.77,-0.1,False
2026-02-14T12:00:00Z,2026-02-14T18:00:00Z,turbine-2,0.01,Open-Meteo Single Runs API,ecmwf_ifs,2026-02-14T00:00:00Z,12,2026-02-14T12:00:00Z,2026-01-31T23:50:00Z,UTC,density_adjusted_power_curve_median_0.5ms,wind_speed_100m,1.78,-0.4,False
2026-02-14T12:00:00Z,2026-02-14T19:00:00Z,turbine-2,0.01,Open-Meteo Single Runs API,ecmwf_ifs,2026-02-14T00:00:00Z,12,2026-02-14T12:00:00Z,2026-01-31T23:50:00Z,UTC,density_adjusted_power_curve_median_0.5ms,wind_speed_100m,0.39,-0.3,False
2026-02-14T12:00:00Z,2026-02-14T20:00:00Z,turbine-2,0.01,Open-Meteo Single Runs API,ecmwf_ifs,2026-02-14T00:00:00Z,12,2026-02-14T12:00:00Z,2026-01-31T23:50:00Z,UTC,density_adjusted_power_curve_median_0.5ms,wind_speed_100m,2.09,-0.5,False
2026-02-14T12:00:00Z,2026-02-14T21:00:00Z,turbine-2,0.01,Open-Meteo Single Runs API,ecmwf_ifs,2026-02-14T00:00:00Z,12,2026-02-14T12:00:00Z,2026-01-31T23:50:00Z,UTC,density_adjusted_power_curve_median_0.5ms,wind_speed_100m,1.65,0.0,False
2026-02-14T12:00:00Z,2026-02-14T22:00:00Z,turbine-2,0.01,Open-Meteo Single Runs API,ecmwf_ifs,2026-02-14T00:00:00Z,12,2026-02-14T12:00:00Z,2026-01-31T23:50:00Z,UTC,density_adjusted_power_curve_median_0.5ms,wind_speed_100m,2.02,-2.9,False
2026-02-14T12:00:00Z,2026-02-14T23:00:00Z,turbine-2,0.01,Open-Meteo Single Runs API,ecmwf_ifs,2026-02-14T00:00:00Z,12,2026-02-14T12:00:00Z,2026-01-31T23:50:00Z,UTC,density_adjusted_power_curve_median_0.5ms,wind_speed_100m,2.15,-2.9,False
2026-02-14T12:00:00Z,2026-02-15T00:00:00Z,turbine-2,0.03373867955922909,Open-Meteo Single Runs API,ecmwf_ifs,2026-02-14T00:00:00Z,12,2026-02-14T12:00:00Z,2026-01-31T23:50:00Z,UTC,density_adjusted_power_curve_median_0.5ms,wind_speed_100m,3.27,-3.2,False
2026-02-14T12:00:00Z,2026-02-15T01:00:00Z,turbine-2,0.15666594705168657,Open-Meteo Single Runs API,ecmwf_ifs,2026-02-14T00:00:00Z,12,2026-02-14T12:00:00Z,2026-01-31T23:50:00Z,UTC,density_adjusted_power_curve_median_0.5ms,wind_speed_100m,5.31,-2.1,False
2026-02-14T12:00:00Z,2026-02-15T02:00:00Z,turbine-2,0.1720980118684261,Open-Meteo Single Runs API,ecmwf_ifs,2026-02-14T00:00:00Z,12,2026-02-14T12:00:00Z,2026-01-31T23:50:00Z,UTC,density_adjusted_power_curve_median_0.5ms,wind_speed_100m,5.46,-2.5,False
2026-02-14T12:00:00Z,2026-02-15T03:00:00Z,turbine-2,0.3211023981175912,Open-Meteo Single Runs API,ecmwf_ifs,2026-02-14T00:00:00Z,12,2026-02-14T12:00:00Z,2026-01-31T23:50:00Z,UTC,density_adjusted_power_curve_median_0.5ms,wind_speed_100m,6.69,-0.5,False
2026-02-14T12:00:00Z,2026-02-15T04:00:00Z,turbine-2,0.4568673467486124,Open-Meteo Single Runs API,ecmwf_ifs,2026-02-14T00:00:00Z,12,2026-02-14T12:00:00Z,2026-01-31T23:50:00Z,UTC,density_adjusted_power_curve_median_0.5ms,wind_speed_100m,7.54,2.2,False
2026-02-14T12:00:00Z,2026-02-15T05:00:00Z,turbine-2,0.48898247958074925,Open-Meteo Single Runs API,ecmwf_ifs,2026-02-14T00:00:00Z,12,2026-02-14T12:00:00Z,2026-01-31T23:50:00Z,UTC,density_adjusted_power_curve_median_0.5ms,wind_speed_100m,7.75,3.6,False
2026-02-14T12:00:00Z,2026-02-15T06:00:00Z,turbine-2,0.5929072928027019,Open-Meteo Single Runs API,ecmwf_ifs,2026-02-14T00:00:00Z,12,2026-02-14T12:00:00Z,2026-01-31T23:50:00Z,UTC,density_adjusted_power_curve_median_0.5ms,wind_speed_100m,8.45,5.5,False
2026-02-14T12:00:00Z,2026-02-15T07:00:00Z,turbine-2,0.7833863063798581,Open-Meteo Single Runs API,ecmwf_ifs,2026-02-14T00:00:00Z,12,2026-02-14T12:00:00Z,2026-01-31T23:50:00Z,UTC,density_adjusted_power_curve_median_0.5ms,wind_speed_100m,9.75,6.3,False
2026-02-14T12:00:00Z,2026-02-15T08:00:00Z,turbine-2,0.790292369218882,Open-Meteo Single Runs API,ecmwf_ifs,2026-02-14T00:00:00Z,12,2026-02-14T12:00:00Z,2026-01-31T23:50:00Z,UTC,density_adjusted_power_curve_median_0.5ms,wind_speed_100m,9.81,7.3,False
2026-02-14T12:00:00Z,2026-02-15T09:00:00Z,turbine-2,0.7073427982031743,Open-Meteo Single Runs API,ecmwf_ifs,2026-02-14T00:00:00Z,12,2026-02-14T12:00:00Z,2026-01-31T23:50:00Z,UTC,density_adjusted_power_curve_median_0.5ms,wind_speed_100m,9.23,8.5,False
2026-02-14T12:00:00Z,2026-02-15T10:00:00Z,turbine-2,0.5709772085419214,Open-Meteo Single Runs API,ecmwf_ifs,2026-02-14T00:00:00Z,12,2026-02-14T12:00:00Z,2026-01-31T23:50:00Z,UTC,density_adjusted_power_curve_median_0.5ms,wind_speed_100m,8.32,8.1,False
2026-02-14T12:00:00Z,2026-02-15T11:00:00Z,turbine-2,0.5378858968580814,Open-Meteo Single Runs API,ecmwf_ifs,2026-02-14T00:00:00Z,12,2026-02-14T12:00:00Z,2026-01-31T23:50:00Z,UTC,density_adjusted_power_curve_median_0.5ms,wind_speed_100m,8.08,6.5,False
2026-02-14T12:00:00Z,2026-02-15T12:00:00Z,turbine-2,0.5582289799570866,Open-Meteo Single Runs API,ecmwf_ifs,2026-02-14T00:00:00Z,12,2026-02-14T12:00:00Z,2026-01-31T23:50:00Z,UTC,density_adjusted_power_curve_median_0.5ms,wind_speed_100m,8.19,4.1,False
2026-02-14T12:00:00Z,2026-02-15T13:00:00Z,turbine-2,0.5447974870026274,Open-Meteo Single Runs API,ecmwf_ifs,2026-02-14T00:00:00Z,12,2026-02-14T12:00:00Z,2026-01-31T23:50:00Z,UTC,density_adjusted_power_curve_median_0.5ms,wind_speed_100m,8.08,2.1,False
2026-02-14T12:00:00Z,2026-02-15T14:00:00Z,turbine-2,0.5624265010322088,Open-Meteo Single Runs API,ecmwf_ifs,2026-02-14T00:00:00Z,12,2026-02-14T12:00:00Z,2026-01-31T23:50:00Z,UTC,density_adjusted_power_curve_median_0.5ms,wind_speed_100m,8.19,1.1,False
2026-02-14T12:00:00Z,2026-02-15T15:00:00Z,turbine-2,0.5366426457707825,Open-Meteo Single Runs API,ecmwf_ifs,2026-02-14T00:00:00Z,12,2026-02-14T12:00:00Z,2026-01-31T23:50:00Z,UTC,density_adjusted_power_curve_median_0.5ms,wind_speed_100m,8.02,1.1,False
2026-02-14T12:00:00Z,2026-02-15T16:00:00Z,turbine-2,0.4074969764239057,Open-Meteo Single Runs API,ecmwf_ifs,2026-02-14T00:00:00Z,12,2026-02-14T12:00:00Z,2026-01-31T23:50:00Z,UTC,density_adjusted_power_curve_median_0.5ms,wind_speed_100m,7.23,1.1,False
2026-02-14T12:00:00Z,2026-02-15T17:00:00Z,turbine-2,0.2805712954480291,Open-Meteo Single Runs API,ecmwf_ifs,2026-02-14T00:00:00Z,12,2026-02-14T12:00:00Z,2026-01-31T23:50:00Z,UTC,density_adjusted_power_curve_median_0.5ms,wind_speed_100m,6.43,1.1,False
2026-02-14T12:00:00Z,2026-02-15T18:00:00Z,turbine-2,0.2516822236515882,Open-Meteo Single Runs API,ecmwf_ifs,2026-02-14T00:00:00Z,12,2026-02-14T12:00:00Z,2026-01-31T23:50:00Z,UTC,density_adjusted_power_curve_median_0.5ms,wind_speed_100m,6.23,1.3,False
2026-02-14T12:00:00Z,2026-02-15T19:00:00Z,turbine-2,0.2631482641288721,Open-Meteo Single Runs API,ecmwf_ifs,2026-02-14T00:00:00Z,12,2026-02-14T12:00:00Z,2026-01-31T23:50:00Z,UTC,density_adjusted_power_curve_median_0.5ms,wind_speed_100m,6.31,1.3,False
2026-02-14T12:00:00Z,2026-02-15T20:00:00Z,turbine-2,0.2749482517581294,Open-Meteo Single Runs API,ecmwf_ifs,2026-02-14T00:00:00Z,12,2026-02-14T12:00:00Z,2026-01-31T23:50:00Z,UTC,density_adjusted_power_curve_median_0.5ms,wind_speed_100m,6.39,1.0,False
2026-02-14T12:00:00Z,2026-02-15T21:00:00Z,turbine-2,0.18873057569778318,Open-Meteo Single Runs API,ecmwf_ifs,2026-02-14T00:00:00Z,12,2026-02-14T12:00:00Z,2026-01-31T23:50:00Z,UTC,density_adjusted_power_curve_median_0.5ms,wind_speed_100m,5.65,1.2,False
2026-02-14T12:00:00Z,2026-02-15T22:00:00Z,turbine-2,0.1693379299197261,Open-Meteo Single Runs API,ecmwf_ifs,2026-02-14T00:00:00Z,12,2026-02-14T12:00:00Z,2026-01-31T23:50:00Z,UTC,density_adjusted_power_curve_median_0.5ms,wind_speed_100m,5.46,1.6,False
2026-02-14T12:00:00Z,2026-02-15T23:00:00Z,turbine-2,0.18422462144859303,Open-Meteo Single Runs API,ecmwf_ifs,2026-02-14T00:00:00Z,12,2026-02-14T12:00:00Z,2026-01-31T23:50:00Z,UTC,density_adjusted_power_curve_median_0.5ms,wind_speed_100m,5.61,1.9,False
2026-02-14T12:00:00Z,2026-02-16T00:00:00Z,turbine-2,0.20519056922543275,Open-Meteo Single Runs API,ecmwf_ifs,2026-02-14T00:00:00Z,12,2026-02-14T12:00:00Z,2026-01-31T23:50:00Z,UTC,density_adjusted_power_curve_median_0.5ms,wind_speed_100m,5.81,1.2,False
2026-02-14T12:00:00Z,2026-02-16T01:00:00Z,turbine-2,0.1887996940931167,Open-Meteo Single Runs API,ecmwf_ifs,2026-02-14T00:00:00Z,12,2026-02-14T12:00:00Z,2026-01-31T23:50:00Z,UTC,density_adjusted_power_curve_median_0.5ms,wind_speed_100m,5.65,1.1,False
2026-02-14T12:00:00Z,2026-02-16T02:00:00Z,turbine-2,0.25663677298368254,Open-Meteo Single Runs API,ecmwf_ifs,2026-02-14T00:00:00Z,12,2026-02-14T12:00:00Z,2026-01-31T23:50:00Z,UTC,density_adjusted_power_curve_median_0.5ms,wind_speed_100m,6.26,0.7,False
2026-02-14T12:00:00Z,2026-02-16T03:00:00Z,turbine-2,0.33085623026165695,Open-Meteo Single Runs API,ecmwf_ifs,2026-02-14T00:00:00Z,12,2026-02-14T12:00:00Z,2026-01-31T23:50:00Z,UTC,density_adjusted_power_curve_median_0.5ms,wind_speed_100m,6.77,2.0,False
2026-02-14T12:00:00Z,2026-02-16T04:00:00Z,turbine-2,0.38190861353763533,Open-Meteo Single Runs API,ecmwf_ifs,2026-02-14T00:00:00Z,12,2026-02-14T12:00:00Z,2026-01-31T23:50:00Z,UTC,density_adjusted_power_curve_median_0.5ms,wind_speed_100m,7.1,4.1,False
2026-02-14T12:00:00Z,2026-02-16T05:00:00Z,turbine-2,0.19654458379279557,Open-Meteo Single Runs API,ecmwf_ifs,2026-02-14T00:00:00Z,12,2026-02-14T12:00:00Z,2026-01-31T23:50:00Z,UTC,density_adjusted_power_curve_median_0.5ms,wind_speed_100m,5.76,6.1,False
2026-02-14T12:00:00Z,2026-02-16T06:00:00Z,turbine-2,0.16839302193716896,Open-Meteo Single Runs API,ecmwf_ifs,2026-02-14T00:00:00Z,12,2026-02-14T12:00:00Z,2026-01-31T23:50:00Z,UTC,density_adjusted_power_curve_median_0.5ms,wind_speed_100m,5.49,7.6,False
2026-02-14T12:00:00Z,2026-02-16T07:00:00Z,turbine-2,0.21318159840440948,Open-Meteo Single Runs API,ecmwf_ifs,2026-02-14T00:00:00Z,12,2026-02-14T12:00:00Z,2026-01-31T23:50:00Z,UTC,density_adjusted_power_curve_median_0.5ms,wind_speed_100m,5.94,8.6,False
2026-02-14T12:00:00Z,2026-02-16T08:00:00Z,turbine-2,0.21348573865540652,Open-Meteo Single Runs API,ecmwf_ifs,2026-02-14T00:00:00Z,12,2026-02-14T12:00:00Z,2026-01-31T23:50:00Z,UTC,density_adjusted_power_curve_median_0.5ms,wind_speed_100m,5.95,9.6,False
2026-02-14T12:00:00Z,2026-02-16T09:00:00Z,turbine-2,0.2160440489499034,Open-Meteo Single Runs API,ecmwf_ifs,2026-02-14T00:00:00Z,12,2026-02-14T12:00:00Z,2026-01-31T23:50:00Z,UTC,density_adjusted_power_curve_median_0.5ms,wind_speed_100m,5.98,10.3,False
2026-02-14T12:00:00Z,2026-02-16T10:00:00Z,turbine-2,0.21021125803002869,Open-Meteo Single Runs API,ecmwf_ifs,2026-02-14T00:00:00Z,12,2026-02-14T12:00:00Z,2026-01-31T23:50:00Z,UTC,density_adjusted_power_curve_median_0.5ms,wind_speed_100m,5.92,9.9,False
2026-02-14T12:00:00Z,2026-02-16T11:00:00Z,turbine-2,0.21624621754197432,Open-Meteo Single Runs API,ecmwf_ifs,2026-02-14T00:00:00Z,12,2026-02-14T12:00:00Z,2026-01-31T23:50:00Z,UTC,density_adjusted_power_curve_median_0.5ms,wind_speed_100m,5.97,8.6,False
2026-02-14T12:00:00Z,2026-02-16T12:00:00Z,turbine-2,0.18465340228928856,Open-Meteo Single Runs API,ecmwf_ifs,2026-02-14T00:00:00Z,12,2026-02-14T12:00:00Z,2026-01-31T23:50:00Z,UTC,density_adjusted_power_curve_median_0.5ms,wind_speed_100m,5.64,5.7,False
2026-02-15T12:00:00Z,2026-02-15T13:00:00Z,turbine-1,0.5220536876475005,Open-Meteo Single Runs API,ecmwf_ifs,2026-02-15T00:00:00Z,12,2026-02-15T12:00:00Z,2026-01-31T23:50:00Z,UTC,density_adjusted_power_curve_median_0.5ms,wind_speed_100m,7.88,2.3,False
2026-02-15T12:00:00Z,2026-02-15T14:00:00Z,turbine-1,0.48452418064181935,Open-Meteo Single Runs API,ecmwf_ifs,2026-02-15T00:00:00Z,12,2026-02-15T12:00:00Z,2026-01-31T23:50:00Z,UTC,density_adjusted_power_curve_median_0.5ms,wind_speed_100m,7.64,1.5,False
2026-02-15T12:00:00Z,2026-02-15T15:00:00Z,turbine-1,0.4650406827597569,Open-Meteo Single Runs API,ecmwf_ifs,2026-02-15T00:00:00Z,12,2026-02-15T12:00:00Z,2026-01-31T23:50:00Z,UTC,density_adjusted_power_curve_median_0.5ms,wind_speed_100m,7.52,1.3,False
2026-02-15T12:00:00Z,2026-02-15T16:00:00Z,turbine-1,0.3482906993333944,Open-Meteo Single Runs API,ecmwf_ifs,2026-02-15T00:00:00Z,12,2026-02-15T12:00:00Z,2026-01-31T23:50:00Z,UTC,density_adjusted_power_curve_median_0.5ms,wind_speed_100m,6.81,1.4,False
2026-02-15T12:00:00Z,2026-02-15T17:00:00Z,turbine-1,0.22123825014614829,Open-Meteo Single Runs API,ecmwf_ifs,2026-02-15T00:00:00Z,12,2026-02-15T12:00:00Z,2026-01-31T23:50:00Z,UTC,density_adjusted_power_curve_median_0.5ms,wind_speed_100m,5.87,1.7,False
2026-02-15T12:00:00Z,2026-02-15T18:00:00Z,turbine-1,0.15282933582741398,Open-Meteo Single Runs API,ecmwf_ifs,2026-02-15T00:00:00Z,12,2026-02-15T12:00:00Z,2026-01-31T23:50:00Z,UTC,density_adjusted_power_curve_median_0.5ms,wind_speed_100m,5.2,1.9,False
2026-02-15T12:00:00Z,2026-02-15T19:00:00Z,turbine-1,0.19337421426334744,Open-Meteo Single Runs API,ecmwf_ifs,2026-02-15T00:00:00Z,12,2026-02-15T12:00:00Z,2026-01-31T23:50:00Z,UTC,density_adjusted_power_curve_median_0.5ms,wind_speed_100m,5.6,1.8,False
2026-02-15T12:00:00Z,2026-02-15T20:00:00Z,turbine-1,0.32182783942928905,Open-Meteo Single Runs API,ecmwf_ifs,2026-02-15T00:00:00Z,12,2026-02-15T12:00:00Z,2026-01-31T23:50:00Z,UTC,density_adjusted_power_curve_median_0.5ms,wind_speed_100m,6.65,1.8,False
2026-02-15T12:00:00Z,2026-02-15T21:00:00Z,turbine-1,0.34897383674597027,Open-Meteo Single Runs API,ecmwf_ifs,2026-02-15T00:00:00Z,12,2026-02-15T12:00:00Z,2026-01-31T23:50:00Z,UTC,density_adjusted_power_curve_median_0.5ms,wind_speed_100m,6.82,2.1,False
2026-02-15T12:00:00Z,2026-02-15T22:00:00Z,turbine-1,0.4377469204145128,Open-Meteo Single Runs API,ecmwf_ifs,2026-02-15T00:00:00Z,12,2026-02-15T12:00:00Z,2026-01-31T23:50:00Z,UTC,density_adjusted_power_curve_median_0.5ms,wind_speed_100m,7.36,1.8,False
2026-02-15T12:00:00Z,2026-02-15T23:00:00Z,turbine-1,0.5421983188786489,Open-Meteo Single Runs API,ecmwf_ifs,2026-02-15T00:00:00Z,12,2026-02-15T12:00:00Z,2026-01-31T23:50:00Z,UTC,density_adjusted_power_curve_median_0.5ms,wind_speed_100m,8.0,1.8,False
2026-02-15T12:00:00Z,2026-02-16T00:00:00Z,turbine-1,0.3283096393979774,Open-Meteo Single Runs API,ecmwf_ifs,2026-02-15T00:00:00Z,12,2026-02-15T12:00:00Z,2026-01-31T23:50:00Z,UTC,density_adjusted_power_curve_median_0.5ms,wind_speed_100m,6.69,1.8,False
2026-02-15T12:00:00Z,2026-02-16T01:00:00Z,turbine-1,0.3477550393040419,Open-Meteo Single Runs API,ecmwf_ifs,2026-02-15T00:00:00Z,12,2026-02-15T12:00:00Z,2026-01-31T23:50:00Z,UTC,density_adjusted_power_curve_median_0.5ms,wind_speed_100m,6.81,1.8,False
2026-02-15T12:00:00Z,2026-02-16T02:00:00Z,turbine-1,0.35936864097787713,Open-Meteo Single Runs API,ecmwf_ifs,2026-02-15T00:00:00Z,12,2026-02-15T12:00:00Z,2026-01-31T23:50:00Z,UTC,density_adjusted_power_curve_median_0.5ms,wind_speed_100m,6.88,1.6,False
2026-02-15T12:00:00Z,2026-02-16T03:00:00Z,turbine-1,0.30060132322189076,Open-Meteo Single Runs API,ecmwf_ifs,2026-02-15T00:00:00Z,12,2026-02-15T12:00:00Z,2026-01-31T23:50:00Z,UTC,density_adjusted_power_curve_median_0.5ms,wind_speed_100m,6.51,2.7,False
2026-02-15T12:00:00Z,2026-02-16T04:00:00Z,turbine-1,0.38709055409204446,Open-Meteo Single Runs API,ecmwf_ifs,2026-02-15T00:00:00Z,12,2026-02-15T12:00:00Z,2026-01-31T23:50:00Z,UTC,density_adjusted_power_curve_median_0.5ms,wind_speed_100m,7.08,5.0,False
2026-02-15T12:00:00Z,2026-02-16T05:00:00Z,turbine-1,0.21429781265942086,Open-Meteo Single Runs API,ecmwf_ifs,2026-02-15T00:00:00Z,12,2026-02-15T12:00:00Z,2026-01-31T23:50:00Z,UTC,density_adjusted_power_curve_median_0.5ms,wind_speed_100m,5.84,7.0,False
2026-02-15T12:00:00Z,2026-02-16T06:00:00Z,turbine-1,0.391053303963037,Open-Meteo Single Runs API,ecmwf_ifs,2026-02-15T00:00:00Z,12,2026-02-15T12:00:00Z,2026-01-31T23:50:00Z,UTC,density_adjusted_power_curve_median_0.5ms,wind_speed_100m,7.13,8.0,False
2026-02-15T12:00:00Z,2026-02-16T07:00:00Z,turbine-1,0.5024525165595141,Open-Meteo Single Runs API,ecmwf_ifs,2026-02-15T00:00:00Z,12,2026-02-15T12:00:00Z,2026-01-31T23:50:00Z,UTC,density_adjusted_power_curve_median_0.5ms,wind_speed_100m,7.82,8.9,False
2026-02-15T12:00:00Z,2026-02-16T08:00:00Z,turbine-1,0.4915287817657323,Open-Meteo Single Runs API,ecmwf_ifs,2026-02-15T00:00:00Z,12,2026-02-15T12:00:00Z,2026-01-31T23:50:00Z,UTC,density_adjusted_power_curve_median_0.5ms,wind_speed_100m,7.76,9.8,False
2026-02-15T12:00:00Z,2026-02-16T09:00:00Z,turbine-1,0.47661319011739295,Open-Meteo Single Runs API,ecmwf_ifs,2026-02-15T00:00:00Z,12,2026-02-15T12:00:00Z,2026-01-31T23:50:00Z,UTC,density_adjusted_power_curve_median_0.5ms,wind_speed_100m,7.67,10.1,False
2026-02-15T12:00:00Z,2026-02-16T10:00:00Z,turbine-1,0.486294703029913,Open-Meteo Single Runs API,ecmwf_ifs,2026-02-15T00:00:00Z,12,2026-02-15T12:00:00Z,2026-01-31T23:50:00Z,UTC,density_adjusted_power_curve_median_0.5ms,wind_speed_100m,7.73,10.1,False
2026-02-15T12:00:00Z,2026-02-16T11:00:00Z,turbine-1,0.44042853739557886,Open-Meteo Single Runs API,ecmwf_ifs,2026-02-15T00:00:00Z,12,2026-02-15T12:00:00Z,2026-01-31T23:50:00Z,UTC,density_adjusted_power_curve_median_0.5ms,wind_speed_100m,7.44,9.0,False
2026-02-15T12:00:00Z,2026-02-16T12:00:00Z,turbine-1,0.26786114013704126,Open-Meteo Single Runs API,ecmwf_ifs,2026-02-15T00:00:00Z,12,2026-02-15T12:00:00Z,2026-01-31T23:50:00Z,UTC,density_adjusted_power_curve_median_0.5ms,wind_speed_100m,6.31,6.6,False
2026-02-15T12:00:00Z,2026-02-16T13:00:00Z,turbine-1,0.16582237144080145,Open-Meteo Single Runs API,ecmwf_ifs,2026-02-15T00:00:00Z,12,2026-02-15T12:00:00Z,2026-01-31T23:50:00Z,UTC,density_adjusted_power_curve_median_0.5ms,wind_speed_100m,5.34,3.7,False
2026-02-15T12:00:00Z,2026-02-16T14:00:00Z,turbine-1,0.19013326240999998,Open-Meteo Single Runs API,ecmwf_ifs,2026-02-15T00:00:00Z,12,2026-02-15T12:00:00Z,2026-01-31T23:50:00Z,UTC,density_adjusted_power_curve_median_0.5ms,wind_speed_100m,5.57,2.1,False
2026-02-15T12:00:00Z,2026-02-16T15:00:00Z,turbine-1,0.24845420604878715,Open-Meteo Single Runs API,ecmwf_ifs,2026-02-15T00:00:00Z,12,2026-02-15T12:00:00Z,2026-01-31T23:50:00Z,UTC,density_adjusted_power_curve_median_0.5ms,wind_speed_100m,6.13,1.3,False
2026-02-15T12:00:00Z,2026-02-16T16:00:00Z,turbine-1,0.23107705469717044,Open-Meteo Single Runs API,ecmwf_ifs,2026-02-15T00:00:00Z,12,2026-02-15T12:00:00Z,2026-01-31T23:50:00Z,UTC,density_adjusted_power_curve_median_0.5ms,wind_speed_100m,5.96,1.0,False
2026-02-15T12:00:00Z,2026-02-16T17:00:00Z,turbine-1,0.21872103079592772,Open-Meteo Single Runs API,ecmwf_ifs,2026-02-15T00:00:00Z,12,2026-02-15T12:00:00Z,2026-01-31T23:50:00Z,UTC,density_adjusted_power_curve_median_0.5ms,wind_speed_100m,5.84,0.9,False
2026-02-15T12:00:00Z,2026-02-16T18:00:00Z,turbine-1,0.21154227498443698,Open-Meteo Single Runs API,ecmwf_ifs,2026-02-15T00:00:00Z,12,2026-02-15T12:00:00Z,2026-01-31T23:50:00Z,UTC,density_adjusted_power_curve_median_0.5ms,wind_speed_100m,5.77,0.8,False
2026-02-15T12:00:00Z,2026-02-16T19:00:00Z,turbine-1,0.19339471938977315,Open-Meteo Single Runs API,ecmwf_ifs,2026-02-15T00:00:00Z,12,2026-02-15T12:00:00Z,2026-01-31T23:50:00Z,UTC,density_adjusted_power_curve_median_0.5ms,wind_speed_100m,5.59,0.3,False
2026-02-15T12:00:00Z,2026-02-16T20:00:00Z,turbine-1,0.21012398253608894,Open-Meteo Single Runs API,ecmwf_ifs,2026-02-15T00:00:00Z,12,2026-02-15T12:00:00Z,2026-01-31T23:50:00Z,UTC,density_adjusted_power_curve_median_0.5ms,wind_speed_100m,5.75,-0.1,False
2026-02-15T12:00:00Z,2026-02-16T21:00:00Z,turbine-1,0.22145887432518124,Open-Meteo Single Runs API,ecmwf_ifs,2026-02-15T00:00:00Z,12,2026-02-15T12:00:00Z,2026-01-31T23:50:00Z,UTC,density_adjusted_power_curve_median_0.5ms,wind_speed_100m,5.86,0.0,False
2026-02-15T12:00:00Z,2026-02-16T22:00:00Z,turbine-1,0.21132421857947162,Open-Meteo Single Runs API,ecmwf_ifs,2026-02-15T00:00:00Z,12,2026-02-15T12:00:00Z,2026-01-31T23:50:00Z,UTC,density_adjusted_power_curve_median_0.5ms,wind_speed_100m,5.77,1.1,False
2026-02-15T12:00:00Z,2026-02-16T23:00:00Z,turbine-1,0.12915820809636197,Open-Meteo Single Runs API,ecmwf_ifs,2026-02-15T00:00:00Z,12,2026-02-15T12:00:00Z,2026-01-31T23:50:00Z,UTC,density_adjusted_power_curve_median_0.5ms,wind_speed_100m,4.92,2.1,False
2026-02-15T12:00:00Z,2026-02-17T00:00:00Z,turbine-1,0.16983429754194213,Open-Meteo Single Runs API,ecmwf_ifs,2026-02-15T00:00:00Z,12,2026-02-15T12:00:00Z,2026-01-31T23:50:00Z,UTC,density_adjusted_power_curve_median_0.5ms,wind_speed_100m,5.37,2.2,False
2026-02-15T12:00:00Z,2026-02-17T01:00:00Z,turbine-1,0.1788712869453002,Open-Meteo Single Runs API,ecmwf_ifs,2026-02-15T00:00:00Z,12,2026-02-15T12:00:00Z,2026-01-31T23:50:00Z,UTC,density_adjusted_power_curve_median_0.5ms,wind_speed_100m,5.46,2.3,False
2026-02-15T12:00:00Z,2026-02-17T02:00:00Z,turbine-1,0.0866207610634376,Open-Meteo Single Runs API,ecmwf_ifs,2026-02-15T00:00:00Z,12,2026-02-15T12:00:00Z,2026-01-31T23:50:00Z,UTC,density_adjusted_power_curve_median_0.5ms,wind_speed_100m,4.3,2.4,False
2026-02-15T12:00:00Z,2026-02-17T03:00:00Z,turbine-1,0.04132209874989911,Open-Meteo Single Runs API,ecmwf_ifs,2026-02-15T00:00:00Z,12,2026-02-15T12:00:00Z,2026-01-31T23:50:00Z,UTC,density_adjusted_power_curve_median_0.5ms,wind_speed_100m,3.39,2.4,False
2026-02-15T12:00:00Z,2026-02-17T04:00:00Z,turbine-1,0.059936498978589756,Open-Meteo Single Runs API,ecmwf_ifs,2026-02-15T00:00:00Z,12,2026-02-15T12:00:00Z,2026-01-31T23:50:00Z,UTC,density_adjusted_power_curve_median_0.5ms,wind_speed_100m,3.7,3.0,False
2026-02-15T12:00:00Z,2026-02-17T05:00:00Z,turbine-1,0.11929556096607168,Open-Meteo Single Runs API,ecmwf_ifs,2026-02-15T00:00:00Z,12,2026-02-15T12:00:00Z,2026-01-31T23:50:00Z,UTC,density_adjusted_power_curve_median_0.5ms,wind_speed_100m,4.81,3.8,False
2026-02-15T12:00:00Z,2026-02-17T06:00:00Z,turbine-1,0.10702346699074126,Open-Meteo Single Runs API,ecmwf_ifs,2026-02-15T00:00:00Z,12,2026-02-15T12:00:00Z,2026-01-31T23:50:00Z,UTC,density_adjusted_power_curve_median_0.5ms,wind_speed_100m,4.65,4.3,False
2026-02-15T12:00:00Z,2026-02-17T07:00:00Z,turbine-1,0.05816420694876198,Open-Meteo Single Runs API,ecmwf_ifs,2026-02-15T00:00:00Z,12,2026-02-15T12:00:00Z,2026-01-31T23:50:00Z,UTC,density_adjusted_power_curve_median_0.5ms,wind_speed_100m,3.68,5.1,False
2026-02-15T12:00:00Z,2026-02-17T08:00:00Z,turbine-1,0.022604420444539735,Open-Meteo Single Runs API,ecmwf_ifs,2026-02-15T00:00:00Z,12,2026-02-15T12:00:00Z,2026-01-31T23:50:00Z,UTC,density_adjusted_power_curve_median_0.5ms,wind_speed_100m,3.03,5.8,False
2026-02-15T12:00:00Z,2026-02-17T09:00:00Z,turbine-1,0.025561345399786883,Open-Meteo Single Runs API,ecmwf_ifs,2026-02-15T00:00:00Z,12,2026-02-15T12:00:00Z,2026-01-31T23:50:00Z,UTC,density_adjusted_power_curve_median_0.5ms,wind_speed_100m,3.11,7.3,False
2026-02-15T12:00:00Z,2026-02-17T10:00:00Z,turbine-1,0.07949162747133377,Open-Meteo Single Runs API,ecmwf_ifs,2026-02-15T00:00:00Z,12,2026-02-15T12:00:00Z,2026-01-31T23:50:00Z,UTC,density_adjusted_power_curve_median_0.5ms,wind_speed_100m,4.2,6.9,False
2026-02-15T12:00:00Z,2026-02-17T11:00:00Z,turbine-1,0.10080832236141109,Open-Meteo Single Runs API,ecmwf_ifs,2026-02-15T00:00:00Z,12,2026-02-15T12:00:00Z,2026-01-31T23:50:00Z,UTC,density_adjusted_power_curve_median_0.5ms,wind_speed_100m,4.56,6.8,False
2026-02-15T12:00:00Z,2026-02-17T12:00:00Z,turbine-1,0.21515774885295308,Open-Meteo Single Runs API,ecmwf_ifs,2026-02-15T00:00:00Z,12,2026-02-15T12:00:00Z,2026-01-31T23:50:00Z,UTC,density_adjusted_power_curve_median_0.5ms,wind_speed_100m,5.84,5.8,False
2026-02-15T12:00:00Z,2026-02-15T13:00:00Z,turbine-2,0.5120399686956061,Open-Meteo Single Runs API,ecmwf_ifs,2026-02-15T00:00:00Z,12,2026-02-15T12:00:00Z,2026-01-31T23:50:00Z,UTC,density_adjusted_power_curve_median_0.5ms,wind_speed_100m,7.88,2.3,False
2026-02-15T12:00:00Z,2026-02-15T14:00:00Z,turbine-2,0.47431379607344143,Open-Meteo Single Runs API,ecmwf_ifs,2026-02-15T00:00:00Z,12,2026-02-15T12:00:00Z,2026-01-31T23:50:00Z,UTC,density_adjusted_power_curve_median_0.5ms,wind_speed_100m,7.64,1.5,False
2026-02-15T12:00:00Z,2026-02-15T15:00:00Z,turbine-2,0.45492951186501457,Open-Meteo Single Runs API,ecmwf_ifs,2026-02-15T00:00:00Z,12,2026-02-15T12:00:00Z,2026-01-31T23:50:00Z,UTC,density_adjusted_power_curve_median_0.5ms,wind_speed_100m,7.52,1.3,False
2026-02-15T12:00:00Z,2026-02-15T16:00:00Z,turbine-2,0.33821188559696924,Open-Meteo Single Runs API,ecmwf_ifs,2026-02-15T00:00:00Z,12,2026-02-15T12:00:00Z,2026-01-31T23:50:00Z,UTC,density_adjusted_power_curve_median_0.5ms,wind_speed_100m,6.81,1.4,False
2026-02-15T12:00:00Z,2026-02-15T17:00:00Z,turbine-2,0.21100734515710506,Open-Meteo Single Runs API,ecmwf_ifs,2026-02-15T00:00:00Z,12,2026-02-15T12:00:00Z,2026-01-31T23:50:00Z,UTC,density_adjusted_power_curve_median_0.5ms,wind_speed_100m,5.87,1.7,False
2026-02-15T12:00:00Z,2026-02-15T18:00:00Z,turbine-2,0.1429882132449298,Open-Meteo Single Runs API,ecmwf_ifs,2026-02-15T00:00:00Z,12,2026-02-15T12:00:00Z,2026-01-31T23:50:00Z,UTC,density_adjusted_power_curve_median_0.5ms,wind_speed_100m,5.2,1.9,False
2026-02-15T12:00:00Z,2026-02-15T19:00:00Z,turbine-2,0.18328712971396935,Open-Meteo Single Runs API,ecmwf_ifs,2026-02-15T00:00:00Z,12,2026-02-15T12:00:00Z,2026-01-31T23:50:00Z,UTC,density_adjusted_power_curve_median_0.5ms,wind_speed_100m,5.6,1.8,False
2026-02-15T12:00:00Z,2026-02-15T20:00:00Z,turbine-2,0.3114862414533772,Open-Meteo Single Runs API,ecmwf_ifs,2026-02-15T00:00:00Z,12,2026-02-15T12:00:00Z,2026-01-31T23:50:00Z,UTC,density_adjusted_power_curve_median_0.5ms,wind_speed_100m,6.65,1.8,False
2026-02-15T12:00:00Z,2026-02-15T21:00:00Z,turbine-2,0.3389018067716207,Open-Meteo Single Runs API,ecmwf_ifs,2026-02-15T00:00:00Z,12,2026-02-15T12:00:00Z,2026-01-31T23:50:00Z,UTC,density_adjusted_power_curve_median_0.5ms,wind_speed_100m,6.82,2.1,False
2026-02-15T12:00:00Z,2026-02-15T22:00:00Z,turbine-2,0.42786570481361674,Open-Meteo Single Runs API,ecmwf_ifs,2026-02-15T00:00:00Z,12,2026-02-15T12:00:00Z,2026-01-31T23:50:00Z,UTC,density_adjusted_power_curve_median_0.5ms,wind_speed_100m,7.36,1.8,False
2026-02-15T12:00:00Z,2026-02-15T23:00:00Z,turbine-2,0.5322901636987301,Open-Meteo Single Runs API,ecmwf_ifs,2026-02-15T00:00:00Z,12,2026-02-15T12:00:00Z,2026-01-31T23:50:00Z,UTC,density_adjusted_power_curve_median_0.5ms,wind_speed_100m,8.0,1.8,False
2026-02-15T12:00:00Z,2026-02-16T00:00:00Z,turbine-2,0.3180324076652248,Open-Meteo Single Runs API,ecmwf_ifs,2026-02-15T00:00:00Z,12,2026-02-15T12:00:00Z,2026-01-31T23:50:00Z,UTC,density_adjusted_power_curve_median_0.5ms,wind_speed_100m,6.69,1.8,False
2026-02-15T12:00:00Z,2026-02-16T01:00:00Z,turbine-2,0.337670906300767,Open-Meteo Single Runs API,ecmwf_ifs,2026-02-15T00:00:00Z,12,2026-02-15T12:00:00Z,2026-01-31T23:50:00Z,UTC,density_adjusted_power_curve_median_0.5ms,wind_speed_100m,6.81,1.8,False
2026-02-15T12:00:00Z,2026-02-16T02:00:00Z,turbine-2,0.3493998345679719,Open-Meteo Single Runs API,ecmwf_ifs,2026-02-15T00:00:00Z,12,2026-02-15T12:00:00Z,2026-01-31T23:50:00Z,UTC,density_adjusted_power_curve_median_0.5ms,wind_speed_100m,6.88,1.6,False
2026-02-15T12:00:00Z,2026-02-16T03:00:00Z,turbine-2,0.2902322103692193,Open-Meteo Single Runs API,ecmwf_ifs,2026-02-15T00:00:00Z,12,2026-02-15T12:00:00Z,2026-01-31T23:50:00Z,UTC,density_adjusted_power_curve_median_0.5ms,wind_speed_100m,6.51,2.7,False
2026-02-15T12:00:00Z,2026-02-16T04:00:00Z,turbine-2,0.3773970347025603,Open-Meteo Single Runs API,ecmwf_ifs,2026-02-15T00:00:00Z,12,2026-02-15T12:00:00Z,2026-01-31T23:50:00Z,UTC,density_adjusted_power_curve_median_0.5ms,wind_speed_100m,7.08,5.0,False
2026-02-15T12:00:00Z,2026-02-16T05:00:00Z,turbine-2,0.2040997788609744,Open-Meteo Single Runs API,ecmwf_ifs,2026-02-15T00:00:00Z,12,2026-02-15T12:00:00Z,2026-01-31T23:50:00Z,UTC,density_adjusted_power_curve_median_0.5ms,wind_speed_100m,5.84,7.0,False
2026-02-15T12:00:00Z,2026-02-16T06:00:00Z,turbine-2,0.3813991358838382,Open-Meteo Single Runs API,ecmwf_ifs,2026-02-15T00:00:00Z,12,2026-02-15T12:00:00Z,2026-01-31T23:50:00Z,UTC,density_adjusted_power_curve_median_0.5ms,wind_speed_100m,7.13,8.0,False
2026-02-15T12:00:00Z,2026-02-16T07:00:00Z,turbine-2,0.4923360817260805,Open-Meteo Single Runs API,ecmwf_ifs,2026-02-15T00:00:00Z,12,2026-02-15T12:00:00Z,2026-01-31T23:50:00Z,UTC,density_adjusted_power_curve_median_0.5ms,wind_speed_100m,7.82,8.9,False
2026-02-15T12:00:00Z,2026-02-16T08:00:00Z,turbine-2,0.481355103360269,Open-Meteo Single Runs API,ecmwf_ifs,2026-02-15T00:00:00Z,12,2026-02-15T12:00:00Z,2026-01-31T23:50:00Z,UTC,density_adjusted_power_curve_median_0.5ms,wind_speed_100m,7.76,9.8,False
2026-02-15T12:00:00Z,2026-02-16T09:00:00Z,turbine-2,0.4664045185814308,Open-Meteo Single Runs API,ecmwf_ifs,2026-02-15T00:00:00Z,12,2026-02-15T12:00:00Z,2026-01-31T23:50:00Z,UTC,density_adjusted_power_curve_median_0.5ms,wind_speed_100m,7.67,10.1,False
2026-02-15T12:00:00Z,2026-02-16T10:00:00Z,turbine-2,0.4760935965177829,Open-Meteo Single Runs API,ecmwf_ifs,2026-02-15T00:00:00Z,12,2026-02-15T12:00:00Z,2026-01-31T23:50:00Z,UTC,density_adjusted_power_curve_median_0.5ms,wind_speed_100m,7.73,10.1,False
2026-02-15T12:00:00Z,2026-02-16T11:00:00Z,turbine-2,0.43052472864636326,Open-Meteo Single Runs API,ecmwf_ifs,2026-02-15T00:00:00Z,12,2026-02-15T12:00:00Z,2026-01-31T23:50:00Z,UTC,density_adjusted_power_curve_median_0.5ms,wind_speed_100m,7.44,9.0,False
2026-02-15T12:00:00Z,2026-02-16T12:00:00Z,turbine-2,0.2574004802338856,Open-Meteo Single Runs API,ecmwf_ifs,2026-02-15T00:00:00Z,12,2026-02-15T12:00:00Z,2026-01-31T23:50:00Z,UTC,density_adjusted_power_curve_median_0.5ms,wind_speed_100m,6.31,6.6,False
2026-02-15T12:00:00Z,2026-02-16T13:00:00Z,turbine-2,0.15590242774160235,Open-Meteo Single Runs API,ecmwf_ifs,2026-02-15T00:00:00Z,12,2026-02-15T12:00:00Z,2026-01-31T23:50:00Z,UTC,density_adjusted_power_curve_median_0.5ms,wind_speed_100m,5.34,3.7,False
2026-02-15T12:00:00Z,2026-02-16T14:00:00Z,turbine-2,0.18006583881221944,Open-Meteo Single Runs API,ecmwf_ifs,2026-02-15T00:00:00Z,12,2026-02-15T12:00:00Z,2026-01-31T23:50:00Z,UTC,density_adjusted_power_curve_median_0.5ms,wind_speed_100m,5.57,2.1,False
2026-02-15T12:00:00Z,2026-02-16T15:00:00Z,turbine-2,0.23809440127850395,Open-Meteo Single Runs API,ecmwf_ifs,2026-02-15T00:00:00Z,12,2026-02-15T12:00:00Z,2026-01-31T23:50:00Z,UTC,density_adjusted_power_curve_median_0.5ms,wind_speed_100m,6.13,1.3,False
2026-02-15T12:00:00Z,2026-02-16T16:00:00Z,turbine-2,0.22079955131713824,Open-Meteo Single Runs API,ecmwf_ifs,2026-02-15T00:00:00Z,12,2026-02-15T12:00:00Z,2026-01-31T23:50:00Z,UTC,density_adjusted_power_curve_median_0.5ms,wind_speed_100m,5.96,1.0,False
2026-02-15T12:00:00Z,2026-02-16T17:00:00Z,turbine-2,0.20850204782148274,Open-Meteo Single Runs API,ecmwf_ifs,2026-02-15T00:00:00Z,12,2026-02-15T12:00:00Z,2026-01-31T23:50:00Z,UTC,density_adjusted_power_curve_median_0.5ms,wind_speed_100m,5.84,0.9,False
2026-02-15T12:00:00Z,2026-02-16T18:00:00Z,turbine-2,0.201357291920081,Open-Meteo Single Runs API,ecmwf_ifs,2026-02-15T00:00:00Z,12,2026-02-15T12:00:00Z,2026-01-31T23:50:00Z,UTC,density_adjusted_power_curve_median_0.5ms,wind_speed_100m,5.77,0.8,False
2026-02-15T12:00:00Z,2026-02-16T19:00:00Z,turbine-2,0.18330751044783497,Open-Meteo Single Runs API,ecmwf_ifs,2026-02-15T00:00:00Z,12,2026-02-15T12:00:00Z,2026-01-31T23:50:00Z,UTC,density_adjusted_power_curve_median_0.5ms,wind_speed_100m,5.59,0.3,False
2026-02-15T12:00:00Z,2026-02-16T20:00:00Z,turbine-2,0.19994571676606504,Open-Meteo Single Runs API,ecmwf_ifs,2026-02-15T00:00:00Z,12,2026-02-15T12:00:00Z,2026-01-31T23:50:00Z,UTC,density_adjusted_power_curve_median_0.5ms,wind_speed_100m,5.75,-0.1,False
2026-02-15T12:00:00Z,2026-02-16T21:00:00Z,turbine-2,0.21122692441937982,Open-Meteo Single Runs API,ecmwf_ifs,2026-02-15T00:00:00Z,12,2026-02-15T12:00:00Z,2026-01-31T23:50:00Z,UTC,density_adjusted_power_curve_median_0.5ms,wind_speed_100m,5.86,0.0,False
2026-02-15T12:00:00Z,2026-02-16T22:00:00Z,turbine-2,0.20114026827042283,Open-Meteo Single Runs API,ecmwf_ifs,2026-02-15T00:00:00Z,12,2026-02-15T12:00:00Z,2026-01-31T23:50:00Z,UTC,density_adjusted_power_curve_median_0.5ms,wind_speed_100m,5.77,1.1,False
2026-02-15T12:00:00Z,2026-02-16T23:00:00Z,turbine-2,0.12453758719440353,Open-Meteo Single Runs API,ecmwf_ifs,2026-02-15T00:00:00Z,12,2026-02-15T12:00:00Z,2026-01-31T23:50:00Z,UTC,density_adjusted_power_curve_median_0.5ms,wind_speed_100m,4.92,2.1,False
2026-02-15T12:00:00Z,2026-02-17T00:00:00Z,turbine-2,0.1598900158431501,Open-Meteo Single Runs API,ecmwf_ifs,2026-02-15T00:00:00Z,12,2026-02-15T12:00:00Z,2026-01-31T23:50:00Z,UTC,density_adjusted_power_curve_median_0.5ms,wind_speed_100m,5.37,2.2,False
2026-02-15T12:00:00Z,2026-02-17T01:00:00Z,turbine-2,0.16887218313890306,Open-Meteo Single Runs API,ecmwf_ifs,2026-02-15T00:00:00Z,12,2026-02-15T12:00:00Z,2026-01-31T23:50:00Z,UTC,density_adjusted_power_curve_median_0.5ms,wind_speed_100m,5.46,2.3,False
2026-02-15T12:00:00Z,2026-02-17T02:00:00Z,turbine-2,0.08654664811519067,Open-Meteo Single Runs API,ecmwf_ifs,2026-02-15T00:00:00Z,12,2026-02-15T12:00:00Z,2026-01-31T23:50:00Z,UTC,density_adjusted_power_curve_median_0.5ms,wind_speed_100m,4.3,2.4,False
2026-02-15T12:00:00Z,2026-02-17T03:00:00Z,turbine-2,0.037729571854636344,Open-Meteo Single Runs API,ecmwf_ifs,2026-02-15T00:00:00Z,12,2026-02-15T12:00:00Z,2026-01-31T23:50:00Z,UTC,density_adjusted_power_curve_median_0.5ms,wind_speed_100m,3.39,2.4,False
2026-02-15T12:00:00Z,2026-02-17T04:00:00Z,turbine-2,0.05044244278875353,Open-Meteo Single Runs API,ecmwf_ifs,2026-02-15T00:00:00Z,12,2026-02-15T12:00:00Z,2026-01-31T23:50:00Z,UTC,density_adjusted_power_curve_median_0.5ms,wind_speed_100m,3.7,3.0,False
2026-02-15T12:00:00Z,2026-02-17T05:00:00Z,turbine-2,0.11716961558583061,Open-Meteo Single Runs API,ecmwf_ifs,2026-02-15T00:00:00Z,12,2026-02-15T12:00:00Z,2026-01-31T23:50:00Z,UTC,density_adjusted_power_curve_median_0.5ms,wind_speed_100m,4.81,3.8,False
2026-02-15T12:00:00Z,2026-02-17T06:00:00Z,turbine-2,0.10720883860548278,Open-Meteo Single Runs API,ecmwf_ifs,2026-02-15T00:00:00Z,12,2026-02-15T12:00:00Z,2026-01-31T23:50:00Z,UTC,density_adjusted_power_curve_median_0.5ms,wind_speed_100m,4.65,4.3,False
2026-02-15T12:00:00Z,2026-02-17T07:00:00Z,turbine-2,0.049106103377571146,Open-Meteo Single Runs API,ecmwf_ifs,2026-02-15T00:00:00Z,12,2026-02-15T12:00:00Z,2026-01-31T23:50:00Z,UTC,density_adjusted_power_curve_median_0.5ms,wind_speed_100m,3.68,5.1,False
2026-02-15T12:00:00Z,2026-02-17T08:00:00Z,turbine-2,0.02259630120618459,Open-Meteo Single Runs API,ecmwf_ifs,2026-02-15T00:00:00Z,12,2026-02-15T12:00:00Z,2026-01-31T23:50:00Z,UTC,density_adjusted_power_curve_median_0.5ms,wind_speed_100m,3.03,5.8,False
2026-02-15T12:00:00Z,2026-02-17T09:00:00Z,turbine-2,0.0255886975985204,Open-Meteo Single Runs API,ecmwf_ifs,2026-02-15T00:00:00Z,12,2026-02-15T12:00:00Z,2026-01-31T23:50:00Z,UTC,density_adjusted_power_curve_median_0.5ms,wind_speed_100m,3.11,7.3,False
2026-02-15T12:00:00Z,2026-02-17T10:00:00Z,turbine-2,0.07909900724393094,Open-Meteo Single Runs API,ecmwf_ifs,2026-02-15T00:00:00Z,12,2026-02-15T12:00:00Z,2026-01-31T23:50:00Z,UTC,density_adjusted_power_curve_median_0.5ms,wind_speed_100m,4.2,6.9,False
2026-02-15T12:00:00Z,2026-02-17T11:00:00Z,turbine-2,0.10091464886842041,Open-Meteo Single Runs API,ecmwf_ifs,2026-02-15T00:00:00Z,12,2026-02-15T12:00:00Z,2026-01-31T23:50:00Z,UTC,density_adjusted_power_curve_median_0.5ms,wind_speed_100m,4.56,6.8,False
2026-02-15T12:00:00Z,2026-02-17T12:00:00Z,turbine-2,0.20495564223826518,Open-Meteo Single Runs API,ecmwf_ifs,2026-02-15T00:00:00Z,12,2026-02-15T12:00:00Z,2026-01-31T23:50:00Z,UTC,density_adjusted_power_curve_median_0.5ms,wind_speed_100m,5.84,5.8,False
2026-02-16T12:00:00Z,2026-02-16T13:00:00Z,turbine-1,0.20453650894011355,Open-Meteo Single Runs API,ecmwf_ifs,2026-02-16T00:00:00Z,12,2026-02-16T12:00:00Z,2026-01-31T23:50:00Z,UTC,density_adjusted_power_curve_median_0.5ms,wind_speed_100m,5.73,4.8,False
2026-02-16T12:00:00Z,2026-02-16T14:00:00Z,turbine-1,0.17545727714074888,Open-Meteo Single Runs API,ecmwf_ifs,2026-02-16T00:00:00Z,12,2026-02-16T12:00:00Z,2026-01-31T23:50:00Z,UTC,density_adjusted_power_curve_median_0.5ms,wind_speed_100m,5.44,4.4,False
2026-02-16T12:00:00Z,2026-02-16T15:00:00Z,turbine-1,0.2846811528153051,Open-Meteo Single Runs API,ecmwf_ifs,2026-02-16T00:00:00Z,12,2026-02-16T12:00:00Z,2026-01-31T23:50:00Z,UTC,density_adjusted_power_curve_median_0.5ms,wind_speed_100m,6.41,4.2,False
2026-02-16T12:00:00Z,2026-02-16T16:00:00Z,turbine-1,0.15042462999179212,Open-Meteo Single Runs API,ecmwf_ifs,2026-02-16T00:00:00Z,12,2026-02-16T12:00:00Z,2026-01-31T23:50:00Z,UTC,density_adjusted_power_curve_median_0.5ms,wind_speed_100m,5.19,4.1,False
2026-02-16T12:00:00Z,2026-02-16T17:00:00Z,turbine-1,0.16191247115735227,Open-Meteo Single Runs API,ecmwf_ifs,2026-02-16T00:00:00Z,12,2026-02-16T12:00:00Z,2026-01-31T23:50:00Z,UTC,density_adjusted_power_curve_median_0.5ms,wind_speed_100m,5.3,3.5,False
2026-02-16T12:00:00Z,2026-02-16T18:00:00Z,turbine-1,0.17376830705793167,Open-Meteo Single Runs API,ecmwf_ifs,2026-02-16T00:00:00Z,12,2026-02-16T12:00:00Z,2026-01-31T23:50:00Z,UTC,density_adjusted_power_curve_median_0.5ms,wind_speed_100m,5.42,3.9,False
2026-02-16T12:00:00Z,2026-02-16T19:00:00Z,turbine-1,0.1300193056917062,Open-Meteo Single Runs API,ecmwf_ifs,2026-02-16T00:00:00Z,12,2026-02-16T12:00:00Z,2026-01-31T23:50:00Z,UTC,density_adjusted_power_curve_median_0.5ms,wind_speed_100m,4.94,3.7,False
2026-02-16T12:00:00Z,2026-02-16T20:00:00Z,turbine-1,0.13566899626397597,Open-Meteo Single Runs API,ecmwf_ifs,2026-02-16T00:00:00Z,12,2026-02-16T12:00:00Z,2026-01-31T23:50:00Z,UTC,density_adjusted_power_curve_median_0.5ms,wind_speed_100m,5.01,3.9,False
2026-02-16T12:00:00Z,2026-02-16T21:00:00Z,turbine-1,0.18480526159136984,Open-Meteo Single Runs API,ecmwf_ifs,2026-02-16T00:00:00Z,12,2026-02-16T12:00:00Z,2026-01-31T23:50:00Z,UTC,density_adjusted_power_curve_median_0.5ms,wind_speed_100m,5.53,4.0,False
2026-02-16T12:00:00Z,2026-02-16T22:00:00Z,turbine-1,0.20738278085528394,Open-Meteo Single Runs API,ecmwf_ifs,2026-02-16T00:00:00Z,12,2026-02-16T12:00:00Z,2026-01-31T23:50:00Z,UTC,density_adjusted_power_curve_median_0.5ms,wind_speed_100m,5.75,3.7,False
2026-02-16T12:00:00Z,2026-02-16T23:00:00Z,turbine-1,0.09721483658584523,Open-Meteo Single Runs API,ecmwf_ifs,2026-02-16T00:00:00Z,12,2026-02-16T12:00:00Z,2026-01-31T23:50:00Z,UTC,density_adjusted_power_curve_median_0.5ms,wind_speed_100m,4.48,3.1,False
2026-02-16T12:00:00Z,2026-02-17T00:00:00Z,turbine-1,0.01,Open-Meteo Single Runs API,ecmwf_ifs,2026-02-16T00:00:00Z,12,2026-02-16T12:00:00Z,2026-01-31T23:50:00Z,UTC,density_adjusted_power_curve_median_0.5ms,wind_speed_100m,2.44,3.2,False
2026-02-16T12:00:00Z,2026-02-17T01:00:00Z,turbine-1,0.01,Open-Meteo Single Runs API,ecmwf_ifs,2026-02-16T00:00:00Z,12,2026-02-16T12:00:00Z,2026-01-31T23:50:00Z,UTC,density_adjusted_power_curve_median_0.5ms,wind_speed_100m,2.06,3.5,False
2026-02-16T12:00:00Z,2026-02-17T02:00:00Z,turbine-1,0.02538614022653773,Open-Meteo Single Runs API,ecmwf_ifs,2026-02-16T00:00:00Z,12,2026-02-16T12:00:00Z,2026-01-31T23:50:00Z,UTC,density_adjusted_power_curve_median_0.5ms,wind_speed_100m,3.09,3.1,False
2026-02-16T12:00:00Z,2026-02-17T03:00:00Z,turbine-1,0.09468342731000466,Open-Meteo Single Runs API,ecmwf_ifs,2026-02-16T00:00:00Z,12,2026-02-16T12:00:00Z,2026-01-31T23:50:00Z,UTC,density_adjusted_power_curve_median_0.5ms,wind_speed_100m,4.44,3.5,False
2026-02-16T12:00:00Z,2026-02-17T04:00:00Z,turbine-1,0.1798916629088288,Open-Meteo Single Runs API,ecmwf_ifs,2026-02-16T00:00:00Z,12,2026-02-16T12:00:00Z,2026-01-31T23:50:00Z,UTC,density_adjusted_power_curve_median_0.5ms,wind_speed_100m,5.48,3.8,False
2026-02-16T12:00:00Z,2026-02-17T05:00:00Z,turbine-1,0.23835541148386374,Open-Meteo Single Runs API,ecmwf_ifs,2026-02-16T00:00:00Z,12,2026-02-16T12:00:00Z,2026-01-31T23:50:00Z,UTC,density_adjusted_power_curve_median_0.5ms,wind_speed_100m,6.05,3.7,False
2026-02-16T12:00:00Z,2026-02-17T06:00:00Z,turbine-1,0.18662196876517104,Open-Meteo Single Runs API,ecmwf_ifs,2026-02-16T00:00:00Z,12,2026-02-16T12:00:00Z,2026-01-31T23:50:00Z,UTC,density_adjusted_power_curve_median_0.5ms,wind_speed_100m,5.55,4.3,False
2026-02-16T12:00:00Z,2026-02-17T07:00:00Z,turbine-1,0.12379019724402465,Open-Meteo Single Runs API,ecmwf_ifs,2026-02-16T00:00:00Z,12,2026-02-16T12:00:00Z,2026-01-31T23:50:00Z,UTC,density_adjusted_power_curve_median_0.5ms,wind_speed_100m,4.87,4.7,False
2026-02-16T12:00:00Z,2026-02-17T08:00:00Z,turbine-1,0.09959732764664687,Open-Meteo Single Runs API,ecmwf_ifs,2026-02-16T00:00:00Z,12,2026-02-16T12:00:00Z,2026-01-31T23:50:00Z,UTC,density_adjusted_power_curve_median_0.5ms,wind_speed_100m,4.53,5.0,False
2026-02-16T12:00:00Z,2026-02-17T09:00:00Z,turbine-1,0.06149668095012864,Open-Meteo Single Runs API,ecmwf_ifs,2026-02-16T00:00:00Z,12,2026-02-16T12:00:00Z,2026-01-31T23:50:00Z,UTC,density_adjusted_power_curve_median_0.5ms,wind_speed_100m,3.75,5.7,False
2026-02-16T12:00:00Z,2026-02-17T10:00:00Z,turbine-1,0.11015755009964263,Open-Meteo Single Runs API,ecmwf_ifs,2026-02-16T00:00:00Z,12,2026-02-16T12:00:00Z,2026-01-31T23:50:00Z,UTC,density_adjusted_power_curve_median_0.5ms,wind_speed_100m,4.71,5.8,False
2026-02-16T12:00:00Z,2026-02-17T11:00:00Z,turbine-1,0.18320334035310604,Open-Meteo Single Runs API,ecmwf_ifs,2026-02-16T00:00:00Z,12,2026-02-16T12:00:00Z,2026-01-31T23:50:00Z,UTC,density_adjusted_power_curve_median_0.5ms,wind_speed_100m,5.53,6.4,False
2026-02-16T12:00:00Z,2026-02-17T12:00:00Z,turbine-1,0.3983900367420448,Open-Meteo Single Runs API,ecmwf_ifs,2026-02-16T00:00:00Z,12,2026-02-16T12:00:00Z,2026-01-31T23:50:00Z,UTC,density_adjusted_power_curve_median_0.5ms,wind_speed_100m,7.15,5.0,False
2026-02-16T12:00:00Z,2026-02-17T13:00:00Z,turbine-1,0.4299837568505873,Open-Meteo Single Runs API,ecmwf_ifs,2026-02-16T00:00:00Z,12,2026-02-16T12:00:00Z,2026-01-31T23:50:00Z,UTC,density_adjusted_power_curve_median_0.5ms,wind_speed_100m,7.33,3.7,False
2026-02-16T12:00:00Z,2026-02-17T14:00:00Z,turbine-1,0.4718058388168255,Open-Meteo Single Runs API,ecmwf_ifs,2026-02-16T00:00:00Z,12,2026-02-16T12:00:00Z,2026-01-31T23:50:00Z,UTC,density_adjusted_power_curve_median_0.5ms,wind_speed_100m,7.58,3.4,False
2026-02-16T12:00:00Z,2026-02-17T15:00:00Z,turbine-1,0.537100323259517,Open-Meteo Single Runs API,ecmwf_ifs,2026-02-16T00:00:00Z,12,2026-02-16T12:00:00Z,2026-01-31T23:50:00Z,UTC,density_adjusted_power_curve_median_0.5ms,wind_speed_100m,7.98,3.0,False
2026-02-16T12:00:00Z,2026-02-17T16:00:00Z,turbine-1,0.499161827474077,Open-Meteo Single Runs API,ecmwf_ifs,2026-02-16T00:00:00Z,12,2026-02-16T12:00:00Z,2026-01-31T23:50:00Z,UTC,density_adjusted_power_curve_median_0.5ms,wind_speed_100m,7.74,2.5,False
2026-02-16T12:00:00Z,2026-02-17T17:00:00Z,turbine-1,0.387339179848662,Open-Meteo Single Runs API,ecmwf_ifs,2026-02-16T00:00:00Z,12,2026-02-16T12:00:00Z,2026-01-31T23:50:00Z,UTC,density_adjusted_power_curve_median_0.5ms,wind_speed_100m,7.05,1.3,False
2026-02-16T12:00:00Z,2026-02-17T18:00:00Z,turbine-1,0.44103993113008366,Open-Meteo Single Runs API,ecmwf_ifs,2026-02-16T00:00:00Z,12,2026-02-16T12:00:00Z,2026-01-31T23:50:00Z,UTC,density_adjusted_power_curve_median_0.5ms,wind_speed_100m,7.37,0.7,False
2026-02-16T12:00:00Z,2026-02-17T19:00:00Z,turbine-1,0.5290640406288393,Open-Meteo Single Runs API,ecmwf_ifs,2026-02-16T00:00:00Z,12,2026-02-16T12:00:00Z,2026-01-31T23:50:00Z,UTC,density_adjusted_power_curve_median_0.5ms,wind_speed_100m,7.91,0.9,False
2026-02-16T12:00:00Z,2026-02-17T20:00:00Z,turbine-1,0.45674289670637264,Open-Meteo Single Runs API,ecmwf_ifs,2026-02-16T00:00:00Z,12,2026-02-16T12:00:00Z,2026-01-31T23:50:00Z,UTC,density_adjusted_power_curve_median_0.5ms,wind_speed_100m,7.47,1.3,False
2026-02-16T12:00:00Z,2026-02-17T21:00:00Z,turbine-1,0.33654433140157464,Open-Meteo Single Runs API,ecmwf_ifs,2026-02-16T00:00:00Z,12,2026-02-16T12:00:00Z,2026-01-31T23:50:00Z,UTC,density_adjusted_power_curve_median_0.5ms,wind_speed_100m,6.74,1.7,False
2026-02-16T12:00:00Z,2026-02-17T22:00:00Z,turbine-1,0.31886925707609437,Open-Meteo Single Runs API,ecmwf_ifs,2026-02-16T00:00:00Z,12,2026-02-16T12:00:00Z,2026-01-31T23:50:00Z,UTC,density_adjusted_power_curve_median_0.5ms,wind_speed_100m,6.63,1.7,False
2026-02-16T12:00:00Z,2026-02-17T23:00:00Z,turbine-1,0.42974827864912757,Open-Meteo Single Runs API,ecmwf_ifs,2026-02-16T00:00:00Z,12,2026-02-16T12:00:00Z,2026-01-31T23:50:00Z,UTC,density_adjusted_power_curve_median_0.5ms,wind_speed_100m,7.31,1.6,False
2026-02-16T12:00:00Z,2026-02-18T00:00:00Z,turbine-1,0.48730428726150105,Open-Meteo Single Runs API,ecmwf_ifs,2026-02-16T00:00:00Z,12,2026-02-16T12:00:00Z,2026-01-31T23:50:00Z,UTC,density_adjusted_power_curve_median_0.5ms,wind_speed_100m,7.66,1.8,False
2026-02-16T12:00:00Z,2026-02-18T01:00:00Z,turbine-1,0.5292820761452024,Open-Meteo Single Runs API,ecmwf_ifs,2026-02-16T00:00:00Z,12,2026-02-16T12:00:00Z,2026-01-31T23:50:00Z,UTC,density_adjusted_power_curve_median_0.5ms,wind_speed_100m,7.92,1.8,False
2026-02-16T12:00:00Z,2026-02-18T02:00:00Z,turbine-1,0.5225156239795536,Open-Meteo Single Runs API,ecmwf_ifs,2026-02-16T00:00:00Z,12,2026-02-16T12:00:00Z,2026-01-31T23:50:00Z,UTC,density_adjusted_power_curve_median_0.5ms,wind_speed_100m,7.88,2.0,False
2026-02-16T12:00:00Z,2026-02-18T03:00:00Z,turbine-1,0.5611157521753332,Open-Meteo Single Runs API,ecmwf_ifs,2026-02-16T00:00:00Z,12,2026-02-16T12:00:00Z,2026-01-31T23:50:00Z,UTC,density_adjusted_power_curve_median_0.5ms,wind_speed_100m,8.13,3.1,False
2026-02-16T12:00:00Z,2026-02-18T04:00:00Z,turbine-1,0.41099745682590966,Open-Meteo Single Runs API,ecmwf_ifs,2026-02-16T00:00:00Z,12,2026-02-16T12:00:00Z,2026-01-31T23:50:00Z,UTC,density_adjusted_power_curve_median_0.5ms,wind_speed_100m,7.23,5.4,False
2026-02-16T12:00:00Z,2026-02-18T05:00:00Z,turbine-1,0.47270990440450267,Open-Meteo Single Runs API,ecmwf_ifs,2026-02-16T00:00:00Z,12,2026-02-16T12:00:00Z,2026-01-31T23:50:00Z,UTC,density_adjusted_power_curve_median_0.5ms,wind_speed_100m,7.63,8.3,False
2026-02-16T12:00:00Z,2026-02-18T06:00:00Z,turbine-1,0.7230368727523586,Open-Meteo Single Runs API,ecmwf_ifs,2026-02-16T00:00:00Z,12,2026-02-16T12:00:00Z,2026-01-31T23:50:00Z,UTC,density_adjusted_power_curve_median_0.5ms,wind_speed_100m,9.28,10.7,False
2026-02-16T12:00:00Z,2026-02-18T07:00:00Z,turbine-1,0.9079363376795287,Open-Meteo Single Runs API,ecmwf_ifs,2026-02-16T00:00:00Z,12,2026-02-16T12:00:00Z,2026-01-31T23:50:00Z,UTC,density_adjusted_power_curve_median_0.5ms,wind_speed_100m,10.56,12.0,False
2026-02-16T12:00:00Z,2026-02-18T08:00:00Z,turbine-1,0.8741266299905116,Open-Meteo Single Runs API,ecmwf_ifs,2026-02-16T00:00:00Z,12,2026-02-16T12:00:00Z,2026-01-31T23:50:00Z,UTC,density_adjusted_power_curve_median_0.5ms,wind_speed_100m,10.33,13.0,False
2026-02-16T12:00:00Z,2026-02-18T09:00:00Z,turbine-1,0.8966202452983326,Open-Meteo Single Runs API,ecmwf_ifs,2026-02-16T00:00:00Z,12,2026-02-16T12:00:00Z,2026-01-31T23:50:00Z,UTC,density_adjusted_power_curve_median_0.5ms,wind_speed_100m,10.49,12.9,False
2026-02-16T12:00:00Z,2026-02-18T10:00:00Z,turbine-1,0.7164354881612158,Open-Meteo Single Runs API,ecmwf_ifs,2026-02-16T00:00:00Z,12,2026-02-16T12:00:00Z,2026-01-31T23:50:00Z,UTC,density_adjusted_power_curve_median_0.5ms,wind_speed_100m,9.26,12.7,False
2026-02-16T12:00:00Z,2026-02-18T11:00:00Z,turbine-1,0.7151518643385024,Open-Meteo Single Runs API,ecmwf_ifs,2026-02-16T00:00:00Z,12,2026-02-16T12:00:00Z,2026-01-31T23:50:00Z,UTC,density_adjusted_power_curve_median_0.5ms,wind_speed_100m,9.24,11.6,False
2026-02-16T12:00:00Z,2026-02-18T12:00:00Z,turbine-1,0.5395772184945757,Open-Meteo Single Runs API,ecmwf_ifs,2026-02-16T00:00:00Z,12,2026-02-16T12:00:00Z,2026-01-31T23:50:00Z,UTC,density_adjusted_power_curve_median_0.5ms,wind_speed_100m,8.05,8.7,False
2026-02-16T12:00:00Z,2026-02-16T13:00:00Z,turbine-2,0.19438470647443884,Open-Meteo Single Runs API,ecmwf_ifs,2026-02-16T00:00:00Z,12,2026-02-16T12:00:00Z,2026-01-31T23:50:00Z,UTC,density_adjusted_power_curve_median_0.5ms,wind_speed_100m,5.73,4.8,False
2026-02-16T12:00:00Z,2026-02-16T14:00:00Z,turbine-2,0.16547888412690842,Open-Meteo Single Runs API,ecmwf_ifs,2026-02-16T00:00:00Z,12,2026-02-16T12:00:00Z,2026-01-31T23:50:00Z,UTC,density_adjusted_power_curve_median_0.5ms,wind_speed_100m,5.44,4.4,False
2026-02-16T12:00:00Z,2026-02-16T15:00:00Z,turbine-2,0.27426752449244973,Open-Meteo Single Runs API,ecmwf_ifs,2026-02-16T00:00:00Z,12,2026-02-16T12:00:00Z,2026-01-31T23:50:00Z,UTC,density_adjusted_power_curve_median_0.5ms,wind_speed_100m,6.41,4.2,False
2026-02-16T12:00:00Z,2026-02-16T16:00:00Z,turbine-2,0.14059809534741377,Open-Meteo Single Runs API,ecmwf_ifs,2026-02-16T00:00:00Z,12,2026-02-16T12:00:00Z,2026-01-31T23:50:00Z,UTC,density_adjusted_power_curve_median_0.5ms,wind_speed_100m,5.19,4.1,False
2026-02-16T12:00:00Z,2026-02-16T17:00:00Z,turbine-2,0.15201624652702633,Open-Meteo Single Runs API,ecmwf_ifs,2026-02-16T00:00:00Z,12,2026-02-16T12:00:00Z,2026-01-31T23:50:00Z,UTC,density_adjusted_power_curve_median_0.5ms,wind_speed_100m,5.3,3.5,False
2026-02-16T12:00:00Z,2026-02-16T18:00:00Z,turbine-2,0.16380016003371112,Open-Meteo Single Runs API,ecmwf_ifs,2026-02-16T00:00:00Z,12,2026-02-16T12:00:00Z,2026-01-31T23:50:00Z,UTC,density_adjusted_power_curve_median_0.5ms,wind_speed_100m,5.42,3.9,False
2026-02-16T12:00:00Z,2026-02-16T19:00:00Z,turbine-2,0.12518087723113427,Open-Meteo Single Runs API,ecmwf_ifs,2026-02-16T00:00:00Z,12,2026-02-16T12:00:00Z,2026-01-31T23:50:00Z,UTC,density_adjusted_power_curve_median_0.5ms,wind_speed_100m,4.94,3.7,False
2026-02-16T12:00:00Z,2026-02-16T20:00:00Z,turbine-2,0.12940152501299207,Open-Meteo Single Runs API,ecmwf_ifs,2026-02-16T00:00:00Z,12,2026-02-16T12:00:00Z,2026-01-31T23:50:00Z,UTC,density_adjusted_power_curve_median_0.5ms,wind_speed_100m,5.01,3.9,False
2026-02-16T12:00:00Z,2026-02-16T21:00:00Z,turbine-2,0.174770159845609,Open-Meteo Single Runs API,ecmwf_ifs,2026-02-16T00:00:00Z,12,2026-02-16T12:00:00Z,2026-01-31T23:50:00Z,UTC,density_adjusted_power_curve_median_0.5ms,wind_speed_100m,5.53,4.0,False
2026-02-16T12:00:00Z,2026-02-16T22:00:00Z,turbine-2,0.19721749792144094,Open-Meteo Single Runs API,ecmwf_ifs,2026-02-16T00:00:00Z,12,2026-02-16T12:00:00Z,2026-01-31T23:50:00Z,UTC,density_adjusted_power_curve_median_0.5ms,wind_speed_100m,5.75,3.7,False
2026-02-16T12:00:00Z,2026-02-16T23:00:00Z,turbine-2,0.09727546062135885,Open-Meteo Single Runs API,ecmwf_ifs,2026-02-16T00:00:00Z,12,2026-02-16T12:00:00Z,2026-01-31T23:50:00Z,UTC,density_adjusted_power_curve_median_0.5ms,wind_speed_100m,4.48,3.1,False
2026-02-16T12:00:00Z,2026-02-17T00:00:00Z,turbine-2,0.01,Open-Meteo Single Runs API,ecmwf_ifs,2026-02-16T00:00:00Z,12,2026-02-16T12:00:00Z,2026-01-31T23:50:00Z,UTC,density_adjusted_power_curve_median_0.5ms,wind_speed_100m,2.44,3.2,False
2026-02-16T12:00:00Z,2026-02-17T01:00:00Z,turbine-2,0.01,Open-Meteo Single Runs API,ecmwf_ifs,2026-02-16T00:00:00Z,12,2026-02-16T12:00:00Z,2026-01-31T23:50:00Z,UTC,density_adjusted_power_curve_median_0.5ms,wind_speed_100m,2.06,3.5,False
2026-02-16T12:00:00Z,2026-02-17T02:00:00Z,turbine-2,0.025411390654217006,Open-Meteo Single Runs API,ecmwf_ifs,2026-02-16T00:00:00Z,12,2026-02-16T12:00:00Z,2026-01-31T23:50:00Z,UTC,density_adjusted_power_curve_median_0.5ms,wind_speed_100m,3.09,3.1,False
2026-02-16T12:00:00Z,2026-02-17T03:00:00Z,turbine-2,0.0947118565164585,Open-Meteo Single Runs API,ecmwf_ifs,2026-02-16T00:00:00Z,12,2026-02-16T12:00:00Z,2026-01-31T23:50:00Z,UTC,density_adjusted_power_curve_median_0.5ms,wind_speed_100m,4.44,3.5,False
2026-02-16T12:00:00Z,2026-02-17T04:00:00Z,turbine-2,0.16988636908069177,Open-Meteo Single Runs API,ecmwf_ifs,2026-02-16T00:00:00Z,12,2026-02-16T12:00:00Z,2026-01-31T23:50:00Z,UTC,density_adjusted_power_curve_median_0.5ms,wind_speed_100m,5.48,3.8,False
2026-02-16T12:00:00Z,2026-02-17T05:00:00Z,turbine-2,0.22804343646517417,Open-Meteo Single Runs API,ecmwf_ifs,2026-02-16T00:00:00Z,12,2026-02-16T12:00:00Z,2026-01-31T23:50:00Z,UTC,density_adjusted_power_curve_median_0.5ms,wind_speed_100m,6.05,3.7,False
2026-02-16T12:00:00Z,2026-02-17T06:00:00Z,turbine-2,0.17657584612387478,Open-Meteo Single Runs API,ecmwf_ifs,2026-02-16T00:00:00Z,12,2026-02-16T12:00:00Z,2026-01-31T23:50:00Z,UTC,density_adjusted_power_curve_median_0.5ms,wind_speed_100m,5.55,4.3,False
2026-02-16T12:00:00Z,2026-02-17T07:00:00Z,turbine-2,0.12052737056269804,Open-Meteo Single Runs API,ecmwf_ifs,2026-02-16T00:00:00Z,12,2026-02-16T12:00:00Z,2026-01-31T23:50:00Z,UTC,density_adjusted_power_curve_median_0.5ms,wind_speed_100m,4.87,4.7,False
2026-02-16T12:00:00Z,2026-02-17T08:00:00Z,turbine-2,0.09968825254783678,Open-Meteo Single Runs API,ecmwf_ifs,2026-02-16T00:00:00Z,12,2026-02-16T12:00:00Z,2026-01-31T23:50:00Z,UTC,density_adjusted_power_curve_median_0.5ms,wind_speed_100m,4.53,5.0,False
2026-02-16T12:00:00Z,2026-02-17T09:00:00Z,turbine-2,0.052700637113296374,Open-Meteo Single Runs API,ecmwf_ifs,2026-02-16T00:00:00Z,12,2026-02-16T12:00:00Z,2026-01-31T23:50:00Z,UTC,density_adjusted_power_curve_median_0.5ms,wind_speed_100m,3.75,5.7,False
2026-02-16T12:00:00Z,2026-02-17T10:00:00Z,turbine-2,0.11034298945460672,Open-Meteo Single Runs API,ecmwf_ifs,2026-02-16T00:00:00Z,12,2026-02-16T12:00:00Z,2026-01-31T23:50:00Z,UTC,density_adjusted_power_curve_median_0.5ms,wind_speed_100m,4.71,5.8,False
2026-02-16T12:00:00Z,2026-02-17T11:00:00Z,turbine-2,0.17317795652274592,Open-Meteo Single Runs API,ecmwf_ifs,2026-02-16T00:00:00Z,12,2026-02-16T12:00:00Z,2026-01-31T23:50:00Z,UTC,density_adjusted_power_curve_median_0.5ms,wind_speed_100m,5.53,6.4,False
2026-02-16T12:00:00Z,2026-02-17T12:00:00Z,turbine-2,0.38880872464857985,Open-Meteo Single Runs API,ecmwf_ifs,2026-02-16T00:00:00Z,12,2026-02-16T12:00:00Z,2026-01-31T23:50:00Z,UTC,density_adjusted_power_curve_median_0.5ms,wind_speed_100m,7.15,5.0,False
2026-02-16T12:00:00Z,2026-02-17T13:00:00Z,turbine-2,0.4201679474233048,Open-Meteo Single Runs API,ecmwf_ifs,2026-02-16T00:00:00Z,12,2026-02-16T12:00:00Z,2026-01-31T23:50:00Z,UTC,density_adjusted_power_curve_median_0.5ms,wind_speed_100m,7.33,3.7,False
2026-02-16T12:00:00Z,2026-02-17T14:00:00Z,turbine-2,0.46163767015719676,Open-Meteo Single Runs API,ecmwf_ifs,2026-02-16T00:00:00Z,12,2026-02-16T12:00:00Z,2026-01-31T23:50:00Z,UTC,density_adjusted_power_curve_median_0.5ms,wind_speed_100m,7.58,3.4,False
2026-02-16T12:00:00Z,2026-02-17T15:00:00Z,turbine-2,0.5271654530883484,Open-Meteo Single Runs API,ecmwf_ifs,2026-02-16T00:00:00Z,12,2026-02-16T12:00:00Z,2026-01-31T23:50:00Z,UTC,density_adjusted_power_curve_median_0.5ms,wind_speed_100m,7.98,3.0,False
2026-02-16T12:00:00Z,2026-02-17T16:00:00Z,turbine-2,0.4890281484653457,Open-Meteo Single Runs API,ecmwf_ifs,2026-02-16T00:00:00Z,12,2026-02-16T12:00:00Z,2026-01-31T23:50:00Z,UTC,density_adjusted_power_curve_median_0.5ms,wind_speed_100m,7.74,2.5,False
2026-02-16T12:00:00Z,2026-02-17T17:00:00Z,turbine-2,0.3776481293884851,Open-Meteo Single Runs API,ecmwf_ifs,2026-02-16T00:00:00Z,12,2026-02-16T12:00:00Z,2026-01-31T23:50:00Z,UTC,density_adjusted_power_curve_median_0.5ms,wind_speed_100m,7.05,1.3,False
2026-02-16T12:00:00Z,2026-02-17T18:00:00Z,turbine-2,0.43113097126889993,Open-Meteo Single Runs API,ecmwf_ifs,2026-02-16T00:00:00Z,12,2026-02-16T12:00:00Z,2026-01-31T23:50:00Z,UTC,density_adjusted_power_curve_median_0.5ms,wind_speed_100m,7.37,0.7,False
2026-02-16T12:00:00Z,2026-02-17T19:00:00Z,turbine-2,0.5190870579812782,Open-Meteo Single Runs API,ecmwf_ifs,2026-02-16T00:00:00Z,12,2026-02-16T12:00:00Z,2026-01-31T23:50:00Z,UTC,density_adjusted_power_curve_median_0.5ms,wind_speed_100m,7.91,0.9,False
2026-02-16T12:00:00Z,2026-02-17T20:00:00Z,turbine-2,0.44670163628443516,Open-Meteo Single Runs API,ecmwf_ifs,2026-02-16T00:00:00Z,12,2026-02-16T12:00:00Z,2026-01-31T23:50:00Z,UTC,density_adjusted_power_curve_median_0.5ms,wind_speed_100m,7.47,1.3,False
2026-02-16T12:00:00Z,2026-02-17T21:00:00Z,turbine-2,0.3263488726624975,Open-Meteo Single Runs API,ecmwf_ifs,2026-02-16T00:00:00Z,12,2026-02-16T12:00:00Z,2026-01-31T23:50:00Z,UTC,density_adjusted_power_curve_median_0.5ms,wind_speed_100m,6.74,1.7,False
2026-02-16T12:00:00Z,2026-02-17T22:00:00Z,turbine-2,0.30855122443450367,Open-Meteo Single Runs API,ecmwf_ifs,2026-02-16T00:00:00Z,12,2026-02-16T12:00:00Z,2026-01-31T23:50:00Z,UTC,density_adjusted_power_curve_median_0.5ms,wind_speed_100m,6.63,1.7,False
2026-02-16T12:00:00Z,2026-02-17T23:00:00Z,turbine-2,0.41993445317181605,Open-Meteo Single Runs API,ecmwf_ifs,2026-02-16T00:00:00Z,12,2026-02-16T12:00:00Z,2026-01-31T23:50:00Z,UTC,density_adjusted_power_curve_median_0.5ms,wind_speed_100m,7.31,1.6,False
2026-02-16T12:00:00Z,2026-02-18T00:00:00Z,turbine-2,0.47710847126665024,Open-Meteo Single Runs API,ecmwf_ifs,2026-02-16T00:00:00Z,12,2026-02-16T12:00:00Z,2026-01-31T23:50:00Z,UTC,density_adjusted_power_curve_median_0.5ms,wind_speed_100m,7.66,1.8,False
2026-02-16T12:00:00Z,2026-02-18T01:00:00Z,turbine-2,0.5193062360676525,Open-Meteo Single Runs API,ecmwf_ifs,2026-02-16T00:00:00Z,12,2026-02-16T12:00:00Z,2026-01-31T23:50:00Z,UTC,density_adjusted_power_curve_median_0.5ms,wind_speed_100m,7.92,1.8,False
2026-02-16T12:00:00Z,2026-02-18T02:00:00Z,turbine-2,0.5125043257094312,Open-Meteo Single Runs API,ecmwf_ifs,2026-02-16T00:00:00Z,12,2026-02-16T12:00:00Z,2026-01-31T23:50:00Z,UTC,density_adjusted_power_curve_median_0.5ms,wind_speed_100m,7.88,2.0,False
2026-02-16T12:00:00Z,2026-02-18T03:00:00Z,turbine-2,0.5511470391534409,Open-Meteo Single Runs API,ecmwf_ifs,2026-02-16T00:00:00Z,12,2026-02-16T12:00:00Z,2026-01-31T23:50:00Z,UTC,density_adjusted_power_curve_median_0.5ms,wind_speed_100m,8.13,3.1,False
2026-02-16T12:00:00Z,2026-02-18T04:00:00Z,turbine-2,0.4013416106952223,Open-Meteo Single Runs API,ecmwf_ifs,2026-02-16T00:00:00Z,12,2026-02-16T12:00:00Z,2026-01-31T23:50:00Z,UTC,density_adjusted_power_curve_median_0.5ms,wind_speed_100m,7.23,5.4,False
2026-02-16T12:00:00Z,2026-02-18T05:00:00Z,turbine-2,0.4625341188152165,Open-Meteo Single Runs API,ecmwf_ifs,2026-02-16T00:00:00Z,12,2026-02-16T12:00:00Z,2026-01-31T23:50:00Z,UTC,density_adjusted_power_curve_median_0.5ms,wind_speed_100m,7.63,8.3,False
2026-02-16T12:00:00Z,2026-02-18T06:00:00Z,turbine-2,0.7109449799990628,Open-Meteo Single Runs API,ecmwf_ifs,2026-02-16T00:00:00Z,12,2026-02-16T12:00:00Z,2026-01-31T23:50:00Z,UTC,density_adjusted_power_curve_median_0.5ms,wind_speed_100m,9.28,10.7,False
2026-02-16T12:00:00Z,2026-02-18T07:00:00Z,turbine-2,0.8873992556854073,Open-Meteo Single Runs API,ecmwf_ifs,2026-02-16T00:00:00Z,12,2026-02-16T12:00:00Z,2026-01-31T23:50:00Z,UTC,density_adjusted_power_curve_median_0.5ms,wind_speed_100m,10.56,12.0,False
2026-02-16T12:00:00Z,2026-02-18T08:00:00Z,turbine-2,0.8541749991303537,Open-Meteo Single Runs API,ecmwf_ifs,2026-02-16T00:00:00Z,12,2026-02-16T12:00:00Z,2026-01-31T23:50:00Z,UTC,density_adjusted_power_curve_median_0.5ms,wind_speed_100m,10.33,13.0,False
2026-02-16T12:00:00Z,2026-02-18T09:00:00Z,turbine-2,0.8762791135081451,Open-Meteo Single Runs API,ecmwf_ifs,2026-02-16T00:00:00Z,12,2026-02-16T12:00:00Z,2026-01-31T23:50:00Z,UTC,density_adjusted_power_curve_median_0.5ms,wind_speed_100m,10.49,12.9,False
2026-02-16T12:00:00Z,2026-02-18T10:00:00Z,turbine-2,0.7051816559316297,Open-Meteo Single Runs API,ecmwf_ifs,2026-02-16T00:00:00Z,12,2026-02-16T12:00:00Z,2026-01-31T23:50:00Z,UTC,density_adjusted_power_curve_median_0.5ms,wind_speed_100m,9.26,12.7,False
2026-02-16T12:00:00Z,2026-02-18T11:00:00Z,turbine-2,0.7040609910212864,Open-Meteo Single Runs API,ecmwf_ifs,2026-02-16T00:00:00Z,12,2026-02-16T12:00:00Z,2026-01-31T23:50:00Z,UTC,density_adjusted_power_curve_median_0.5ms,wind_speed_100m,9.24,11.6,False
2026-02-16T12:00:00Z,2026-02-18T12:00:00Z,turbine-2,0.5296553279804087,Open-Meteo Single Runs API,ecmwf_ifs,2026-02-16T00:00:00Z,12,2026-02-16T12:00:00Z,2026-01-31T23:50:00Z,UTC,density_adjusted_power_curve_median_0.5ms,wind_speed_100m,8.05,8.7,False
2026-02-17T12:00:00Z,2026-02-17T13:00:00Z,turbine-1,0.3681242187436937,Open-Meteo Single Runs API,ecmwf_ifs,2026-02-17T00:00:00Z,12,2026-02-17T12:00:00Z,2026-01-31T23:50:00Z,UTC,density_adjusted_power_curve_median_0.5ms,wind_speed_100m,6.96,4.7,False
2026-02-17T12:00:00Z,2026-02-17T14:00:00Z,turbine-1,0.3902174426833281,Open-Meteo Single Runs API,ecmwf_ifs,2026-02-17T00:00:00Z,12,2026-02-17T12:00:00Z,2026-01-31T23:50:00Z,UTC,density_adjusted_power_curve_median_0.5ms,wind_speed_100m,7.09,3.9,False
2026-02-17T12:00:00Z,2026-02-17T15:00:00Z,turbine-1,0.5184486653228608,Open-Meteo Single Runs API,ecmwf_ifs,2026-02-17T00:00:00Z,12,2026-02-17T12:00:00Z,2026-01-31T23:50:00Z,UTC,density_adjusted_power_curve_median_0.5ms,wind_speed_100m,7.87,3.6,False
2026-02-17T12:00:00Z,2026-02-17T16:00:00Z,turbine-1,0.501934349984614,Open-Meteo Single Runs API,ecmwf_ifs,2026-02-17T00:00:00Z,12,2026-02-17T12:00:00Z,2026-01-31T23:50:00Z,UTC,density_adjusted_power_curve_median_0.5ms,wind_speed_100m,7.76,2.8,False
2026-02-17T12:00:00Z,2026-02-17T17:00:00Z,turbine-1,0.4609666291661057,Open-Meteo Single Runs API,ecmwf_ifs,2026-02-17T00:00:00Z,12,2026-02-17T12:00:00Z,2026-01-31T23:50:00Z,UTC,density_adjusted_power_curve_median_0.5ms,wind_speed_100m,7.5,1.8,False
2026-02-17T12:00:00Z,2026-02-17T18:00:00Z,turbine-1,0.4651922938919571,Open-Meteo Single Runs API,ecmwf_ifs,2026-02-17T00:00:00Z,12,2026-02-17T12:00:00Z,2026-01-31T23:50:00Z,UTC,density_adjusted_power_curve_median_0.5ms,wind_speed_100m,7.52,1.2,False
2026-02-17T12:00:00Z,2026-02-17T19:00:00Z,turbine-1,0.5599329409606258,Open-Meteo Single Runs API,ecmwf_ifs,2026-02-17T00:00:00Z,12,2026-02-17T12:00:00Z,2026-01-31T23:50:00Z,UTC,density_adjusted_power_curve_median_0.5ms,wind_speed_100m,8.1,0.8,False
2026-02-17T12:00:00Z,2026-02-17T20:00:00Z,turbine-1,0.5985740202720452,Open-Meteo Single Runs API,ecmwf_ifs,2026-02-17T00:00:00Z,12,2026-02-17T12:00:00Z,2026-01-31T23:50:00Z,UTC,density_adjusted_power_curve_median_0.5ms,wind_speed_100m,8.34,0.7,False
2026-02-17T12:00:00Z,2026-02-17T21:00:00Z,turbine-1,0.5528334608016878,Open-Meteo Single Runs API,ecmwf_ifs,2026-02-17T00:00:00Z,12,2026-02-17T12:00:00Z,2026-01-31T23:50:00Z,UTC,density_adjusted_power_curve_median_0.5ms,wind_speed_100m,8.06,1.2,False
2026-02-17T12:00:00Z,2026-02-17T22:00:00Z,turbine-1,0.4848238467661879,Open-Meteo Single Runs API,ecmwf_ifs,2026-02-17T00:00:00Z,12,2026-02-17T12:00:00Z,2026-01-31T23:50:00Z,UTC,density_adjusted_power_curve_median_0.5ms,wind_speed_100m,7.64,1.3,False
2026-02-17T12:00:00Z,2026-02-17T23:00:00Z,turbine-1,0.5897488320654103,Open-Meteo Single Runs API,ecmwf_ifs,2026-02-17T00:00:00Z,12,2026-02-17T12:00:00Z,2026-01-31T23:50:00Z,UTC,density_adjusted_power_curve_median_0.5ms,wind_speed_100m,8.29,1.2,False
2026-02-17T12:00:00Z,2026-02-18T00:00:00Z,turbine-1,0.39502718897140343,Open-Meteo Single Runs API,ecmwf_ifs,2026-02-17T00:00:00Z,12,2026-02-17T12:00:00Z,2026-01-31T23:50:00Z,UTC,density_adjusted_power_curve_median_0.5ms,wind_speed_100m,7.1,1.6,False
2026-02-17T12:00:00Z,2026-02-18T01:00:00Z,turbine-1,0.30744073768528984,Open-Meteo Single Runs API,ecmwf_ifs,2026-02-17T00:00:00Z,12,2026-02-17T12:00:00Z,2026-01-31T23:50:00Z,UTC,density_adjusted_power_curve_median_0.5ms,wind_speed_100m,6.55,1.7,False
2026-02-17T12:00:00Z,2026-02-18T02:00:00Z,turbine-1,0.43472513754783493,Open-Meteo Single Runs API,ecmwf_ifs,2026-02-17T00:00:00Z,12,2026-02-17T12:00:00Z,2026-01-31T23:50:00Z,UTC,density_adjusted_power_curve_median_0.5ms,wind_speed_100m,7.34,1.6,False
2026-02-17T12:00:00Z,2026-02-18T03:00:00Z,turbine-1,0.5498410176632791,Open-Meteo Single Runs API,ecmwf_ifs,2026-02-17T00:00:00Z,12,2026-02-17T12:00:00Z,2026-01-31T23:50:00Z,UTC,density_adjusted_power_curve_median_0.5ms,wind_speed_100m,8.06,3.1,False
2026-02-17T12:00:00Z,2026-02-18T04:00:00Z,turbine-1,0.5525294903206137,Open-Meteo Single Runs API,ecmwf_ifs,2026-02-17T00:00:00Z,12,2026-02-17T12:00:00Z,2026-01-31T23:50:00Z,UTC,density_adjusted_power_curve_median_0.5ms,wind_speed_100m,8.1,5.5,False
2026-02-17T12:00:00Z,2026-02-18T05:00:00Z,turbine-1,0.6174021590916619,Open-Meteo Single Runs API,ecmwf_ifs,2026-02-17T00:00:00Z,12,2026-02-17T12:00:00Z,2026-01-31T23:50:00Z,UTC,density_adjusted_power_curve_median_0.5ms,wind_speed_100m,8.54,8.8,False
2026-02-17T12:00:00Z,2026-02-18T06:00:00Z,turbine-1,0.8367073124121013,Open-Meteo Single Runs API,ecmwf_ifs,2026-02-17T00:00:00Z,12,2026-02-17T12:00:00Z,2026-01-31T23:50:00Z,UTC,density_adjusted_power_curve_median_0.5ms,wind_speed_100m,10.04,11.1,False
2026-02-17T12:00:00Z,2026-02-18T07:00:00Z,turbine-1,0.7917551764396088,Open-Meteo Single Runs API,ecmwf_ifs,2026-02-17T00:00:00Z,12,2026-02-17T12:00:00Z,2026-01-31T23:50:00Z,UTC,density_adjusted_power_curve_median_0.5ms,wind_speed_100m,9.74,12.9,False
2026-02-17T12:00:00Z,2026-02-18T08:00:00Z,turbine-1,0.7095417656478394,Open-Meteo Single Runs API,ecmwf_ifs,2026-02-17T00:00:00Z,12,2026-02-17T12:00:00Z,2026-01-31T23:50:00Z,UTC,density_adjusted_power_curve_median_0.5ms,wind_speed_100m,9.23,14.0,False
2026-02-17T12:00:00Z,2026-02-18T09:00:00Z,turbine-1,0.7487862824574216,Open-Meteo Single Runs API,ecmwf_ifs,2026-02-17T00:00:00Z,12,2026-02-17T12:00:00Z,2026-01-31T23:50:00Z,UTC,density_adjusted_power_curve_median_0.5ms,wind_speed_100m,9.48,14.1,False
2026-02-17T12:00:00Z,2026-02-18T10:00:00Z,turbine-1,0.7438572394925067,Open-Meteo Single Runs API,ecmwf_ifs,2026-02-17T00:00:00Z,12,2026-02-17T12:00:00Z,2026-01-31T23:50:00Z,UTC,density_adjusted_power_curve_median_0.5ms,wind_speed_100m,9.44,13.3,False
2026-02-17T12:00:00Z,2026-02-18T11:00:00Z,turbine-1,0.7030061597342538,Open-Meteo Single Runs API,ecmwf_ifs,2026-02-17T00:00:00Z,12,2026-02-17T12:00:00Z,2026-01-31T23:50:00Z,UTC,density_adjusted_power_curve_median_0.5ms,wind_speed_100m,9.16,11.8,False
2026-02-17T12:00:00Z,2026-02-18T12:00:00Z,turbine-1,0.6091438785457416,Open-Meteo Single Runs API,ecmwf_ifs,2026-02-17T00:00:00Z,12,2026-02-17T12:00:00Z,2026-01-31T23:50:00Z,UTC,density_adjusted_power_curve_median_0.5ms,wind_speed_100m,8.49,9.0,False
2026-02-17T12:00:00Z,2026-02-18T13:00:00Z,turbine-1,0.2451735800050921,Open-Meteo Single Runs API,ecmwf_ifs,2026-02-17T00:00:00Z,12,2026-02-17T12:00:00Z,2026-01-31T23:50:00Z,UTC,density_adjusted_power_curve_median_0.5ms,wind_speed_100m,6.13,5.6,False
2026-02-17T12:00:00Z,2026-02-18T14:00:00Z,turbine-1,0.2892848801176458,Open-Meteo Single Runs API,ecmwf_ifs,2026-02-17T00:00:00Z,12,2026-02-17T12:00:00Z,2026-01-31T23:50:00Z,UTC,density_adjusted_power_curve_median_0.5ms,wind_speed_100m,6.44,3.9,False
2026-02-17T12:00:00Z,2026-02-18T15:00:00Z,turbine-1,0.31561267676109306,Open-Meteo Single Runs API,ecmwf_ifs,2026-02-17T00:00:00Z,12,2026-02-17T12:00:00Z,2026-01-31T23:50:00Z,UTC,density_adjusted_power_curve_median_0.5ms,wind_speed_100m,6.62,3.3,False
2026-02-17T12:00:00Z,2026-02-18T16:00:00Z,turbine-1,0.17172542936838325,Open-Meteo Single Runs API,ecmwf_ifs,2026-02-17T00:00:00Z,12,2026-02-17T12:00:00Z,2026-01-31T23:50:00Z,UTC,density_adjusted_power_curve_median_0.5ms,wind_speed_100m,5.39,2.4,False
2026-02-17T12:00:00Z,2026-02-18T17:00:00Z,turbine-1,0.3177233621280423,Open-Meteo Single Runs API,ecmwf_ifs,2026-02-17T00:00:00Z,12,2026-02-17T12:00:00Z,2026-01-31T23:50:00Z,UTC,density_adjusted_power_curve_median_0.5ms,wind_speed_100m,6.63,2.7,False
2026-02-17T12:00:00Z,2026-02-18T18:00:00Z,turbine-1,0.1852102857543633,Open-Meteo Single Runs API,ecmwf_ifs,2026-02-17T00:00:00Z,12,2026-02-17T12:00:00Z,2026-01-31T23:50:00Z,UTC,density_adjusted_power_curve_median_0.5ms,wind_speed_100m,5.52,1.9,False
2026-02-17T12:00:00Z,2026-02-18T19:00:00Z,turbine-1,0.34209567554052234,Open-Meteo Single Runs API,ecmwf_ifs,2026-02-17T00:00:00Z,12,2026-02-17T12:00:00Z,2026-01-31T23:50:00Z,UTC,density_adjusted_power_curve_median_0.5ms,wind_speed_100m,6.78,2.4,False
2026-02-17T12:00:00Z,2026-02-18T20:00:00Z,turbine-1,0.1631435107605338,Open-Meteo Single Runs API,ecmwf_ifs,2026-02-17T00:00:00Z,12,2026-02-17T12:00:00Z,2026-01-31T23:50:00Z,UTC,density_adjusted_power_curve_median_0.5ms,wind_speed_100m,5.3,1.6,False
2026-02-17T12:00:00Z,2026-02-18T21:00:00Z,turbine-1,0.2519402580491327,Open-Meteo Single Runs API,ecmwf_ifs,2026-02-17T00:00:00Z,12,2026-02-17T12:00:00Z,2026-01-31T23:50:00Z,UTC,density_adjusted_power_curve_median_0.5ms,wind_speed_100m,6.16,1.5,False
2026-02-17T12:00:00Z,2026-02-18T22:00:00Z,turbine-1,0.15428924271752728,Open-Meteo Single Runs API,ecmwf_ifs,2026-02-17T00:00:00Z,12,2026-02-17T12:00:00Z,2026-01-31T23:50:00Z,UTC,density_adjusted_power_curve_median_0.5ms,wind_speed_100m,5.21,1.2,False
2026-02-17T12:00:00Z,2026-02-18T23:00:00Z,turbine-1,0.2687607076839167,Open-Meteo Single Runs API,ecmwf_ifs,2026-02-17T00:00:00Z,12,2026-02-17T12:00:00Z,2026-01-31T23:50:00Z,UTC,density_adjusted_power_curve_median_0.5ms,wind_speed_100m,6.28,1.8,False
2026-02-17T12:00:00Z,2026-02-19T00:00:00Z,turbine-1,0.1781938040468601,Open-Meteo Single Runs API,ecmwf_ifs,2026-02-17T00:00:00Z,12,2026-02-17T12:00:00Z,2026-01-31T23:50:00Z,UTC,density_adjusted_power_curve_median_0.5ms,wind_speed_100m,5.45,1.8,False
2026-02-17T12:00:00Z,2026-02-19T01:00:00Z,turbine-1,0.22818475400378657,Open-Meteo Single Runs API,ecmwf_ifs,2026-02-17T00:00:00Z,12,2026-02-17T12:00:00Z,2026-01-31T23:50:00Z,UTC,density_adjusted_power_curve_median_0.5ms,wind_speed_100m,5.94,2.1,False
2026-02-17T12:00:00Z,2026-02-19T02:00:00Z,turbine-1,0.1959964436846978,Open-Meteo Single Runs API,ecmwf_ifs,2026-02-17T00:00:00Z,12,2026-02-17T12:00:00Z,2026-01-31T23:50:00Z,UTC,density_adjusted_power_curve_median_0.5ms,wind_speed_100m,5.63,2.4,False
2026-02-17T12:00:00Z,2026-02-19T03:00:00Z,turbine-1,0.22014785041484228,Open-Meteo Single Runs API,ecmwf_ifs,2026-02-17T00:00:00Z,12,2026-02-17T12:00:00Z,2026-01-31T23:50:00Z,UTC,density_adjusted_power_curve_median_0.5ms,wind_speed_100m,5.88,4.6,False
2026-02-17T12:00:00Z,2026-02-19T04:00:00Z,turbine-1,0.34828003306513694,Open-Meteo Single Runs API,ecmwf_ifs,2026-02-17T00:00:00Z,12,2026-02-17T12:00:00Z,2026-01-31T23:50:00Z,UTC,density_adjusted_power_curve_median_0.5ms,wind_speed_100m,6.86,7.5,False
2026-02-17T12:00:00Z,2026-02-19T05:00:00Z,turbine-1,0.16780642526535283,Open-Meteo Single Runs API,ecmwf_ifs,2026-02-17T00:00:00Z,12,2026-02-17T12:00:00Z,2026-01-31T23:50:00Z,UTC,density_adjusted_power_curve_median_0.5ms,wind_speed_100m,5.4,10.0,False
2026-02-17T12:00:00Z,2026-02-19T06:00:00Z,turbine-1,0.22286793535125787,Open-Meteo Single Runs API,ecmwf_ifs,2026-02-17T00:00:00Z,12,2026-02-17T12:00:00Z,2026-01-31T23:50:00Z,UTC,density_adjusted_power_curve_median_0.5ms,wind_speed_100m,5.95,10.8,False
2026-02-17T12:00:00Z,2026-02-19T07:00:00Z,turbine-1,0.18247028216358296,Open-Meteo Single Runs API,ecmwf_ifs,2026-02-17T00:00:00Z,12,2026-02-17T12:00:00Z,2026-01-31T23:50:00Z,UTC,density_adjusted_power_curve_median_0.5ms,wind_speed_100m,5.56,12.1,False
2026-02-17T12:00:00Z,2026-02-19T08:00:00Z,turbine-1,0.09632465243986663,Open-Meteo Single Runs API,ecmwf_ifs,2026-02-17T00:00:00Z,12,2026-02-17T12:00:00Z,2026-01-31T23:50:00Z,UTC,density_adjusted_power_curve_median_0.5ms,wind_speed_100m,4.52,13.4,False
2026-02-17T12:00:00Z,2026-02-19T09:00:00Z,turbine-1,0.06596567313808667,Open-Meteo Single Runs API,ecmwf_ifs,2026-02-17T00:00:00Z,12,2026-02-17T12:00:00Z,2026-01-31T23:50:00Z,UTC,density_adjusted_power_curve_median_0.5ms,wind_speed_100m,3.9,14.4,False
2026-02-17T12:00:00Z,2026-02-19T10:00:00Z,turbine-1,0.061081395797536665,Open-Meteo Single Runs API,ecmwf_ifs,2026-02-17T00:00:00Z,12,2026-02-17T12:00:00Z,2026-01-31T23:50:00Z,UTC,density_adjusted_power_curve_median_0.5ms,wind_speed_100m,3.78,14.8,False
2026-02-17T12:00:00Z,2026-02-19T11:00:00Z,turbine-1,0.10476126282853776,Open-Meteo Single Runs API,ecmwf_ifs,2026-02-17T00:00:00Z,12,2026-02-17T12:00:00Z,2026-01-31T23:50:00Z,UTC,density_adjusted_power_curve_median_0.5ms,wind_speed_100m,4.66,13.0,False
2026-02-17T12:00:00Z,2026-02-19T12:00:00Z,turbine-1,0.06613157074326538,Open-Meteo Single Runs API,ecmwf_ifs,2026-02-17T00:00:00Z,12,2026-02-17T12:00:00Z,2026-01-31T23:50:00Z,UTC,density_adjusted_power_curve_median_0.5ms,wind_speed_100m,3.88,9.1,False
2026-02-17T12:00:00Z,2026-02-17T13:00:00Z,turbine-2,0.3582423578813519,Open-Meteo Single Runs API,ecmwf_ifs,2026-02-17T00:00:00Z,12,2026-02-17T12:00:00Z,2026-01-31T23:50:00Z,UTC,density_adjusted_power_curve_median_0.5ms,wind_speed_100m,6.96,4.7,False
2026-02-17T12:00:00Z,2026-02-17T14:00:00Z,turbine-2,0.38055497424764856,Open-Meteo Single Runs API,ecmwf_ifs,2026-02-17T00:00:00Z,12,2026-02-17T12:00:00Z,2026-01-31T23:50:00Z,UTC,density_adjusted_power_curve_median_0.5ms,wind_speed_100m,7.09,3.9,False
2026-02-17T12:00:00Z,2026-02-17T15:00:00Z,turbine-2,0.5084160549973652,Open-Meteo Single Runs API,ecmwf_ifs,2026-02-17T00:00:00Z,12,2026-02-17T12:00:00Z,2026-01-31T23:50:00Z,UTC,density_adjusted_power_curve_median_0.5ms,wind_speed_100m,7.87,3.6,False
2026-02-17T12:00:00Z,2026-02-17T16:00:00Z,turbine-2,0.491815199806455,Open-Meteo Single Runs API,ecmwf_ifs,2026-02-17T00:00:00Z,12,2026-02-17T12:00:00Z,2026-01-31T23:50:00Z,UTC,density_adjusted_power_curve_median_0.5ms,wind_speed_100m,7.76,2.8,False
2026-02-17T12:00:00Z,2026-02-17T17:00:00Z,turbine-2,0.4508897829708835,Open-Meteo Single Runs API,ecmwf_ifs,2026-02-17T00:00:00Z,12,2026-02-17T12:00:00Z,2026-01-31T23:50:00Z,UTC,density_adjusted_power_curve_median_0.5ms,wind_speed_100m,7.5,1.8,False
2026-02-17T12:00:00Z,2026-02-17T18:00:00Z,turbine-2,0.4550798456437296,Open-Meteo Single Runs API,ecmwf_ifs,2026-02-17T00:00:00Z,12,2026-02-17T12:00:00Z,2026-01-31T23:50:00Z,UTC,density_adjusted_power_curve_median_0.5ms,wind_speed_100m,7.52,1.2,False
2026-02-17T12:00:00Z,2026-02-17T19:00:00Z,turbine-2,0.5501026063087261,Open-Meteo Single Runs API,ecmwf_ifs,2026-02-17T00:00:00Z,12,2026-02-17T12:00:00Z,2026-01-31T23:50:00Z,UTC,density_adjusted_power_curve_median_0.5ms,wind_speed_100m,8.1,0.8,False
2026-02-17T12:00:00Z,2026-02-17T20:00:00Z,turbine-2,0.5842384028352539,Open-Meteo Single Runs API,ecmwf_ifs,2026-02-17T00:00:00Z,12,2026-02-17T12:00:00Z,2026-01-31T23:50:00Z,UTC,density_adjusted_power_curve_median_0.5ms,wind_speed_100m,8.34,0.7,False
2026-02-17T12:00:00Z,2026-02-17T21:00:00Z,turbine-2,0.5429810368825705,Open-Meteo Single Runs API,ecmwf_ifs,2026-02-17T00:00:00Z,12,2026-02-17T12:00:00Z,2026-01-31T23:50:00Z,UTC,density_adjusted_power_curve_median_0.5ms,wind_speed_100m,8.06,1.2,False
2026-02-17T12:00:00Z,2026-02-17T22:00:00Z,turbine-2,0.4746150325361328,Open-Meteo Single Runs API,ecmwf_ifs,2026-02-17T00:00:00Z,12,2026-02-17T12:00:00Z,2026-01-31T23:50:00Z,UTC,density_adjusted_power_curve_median_0.5ms,wind_speed_100m,7.64,1.3,False
2026-02-17T12:00:00Z,2026-02-17T23:00:00Z,turbine-2,0.5764420596687144,Open-Meteo Single Runs API,ecmwf_ifs,2026-02-17T00:00:00Z,12,2026-02-17T12:00:00Z,2026-01-31T23:50:00Z,UTC,density_adjusted_power_curve_median_0.5ms,wind_speed_100m,8.29,1.2,False
2026-02-17T12:00:00Z,2026-02-18T00:00:00Z,turbine-2,0.3854124827777875,Open-Meteo Single Runs API,ecmwf_ifs,2026-02-17T00:00:00Z,12,2026-02-17T12:00:00Z,2026-01-31T23:50:00Z,UTC,density_adjusted_power_curve_median_0.5ms,wind_speed_100m,7.1,1.6,False
2026-02-17T12:00:00Z,2026-02-18T01:00:00Z,turbine-2,0.2970907489841096,Open-Meteo Single Runs API,ecmwf_ifs,2026-02-17T00:00:00Z,12,2026-02-17T12:00:00Z,2026-01-31T23:50:00Z,UTC,density_adjusted_power_curve_median_0.5ms,wind_speed_100m,6.55,1.7,False
2026-02-17T12:00:00Z,2026-02-18T02:00:00Z,turbine-2,0.42486938105947375,Open-Meteo Single Runs API,ecmwf_ifs,2026-02-17T00:00:00Z,12,2026-02-17T12:00:00Z,2026-01-31T23:50:00Z,UTC,density_adjusted_power_curve_median_0.5ms,wind_speed_100m,7.34,1.6,False
2026-02-17T12:00:00Z,2026-02-18T03:00:00Z,turbine-2,0.5399729124650414,Open-Meteo Single Runs API,ecmwf_ifs,2026-02-17T00:00:00Z,12,2026-02-17T12:00:00Z,2026-01-31T23:50:00Z,UTC,density_adjusted_power_curve_median_0.5ms,wind_speed_100m,8.06,3.1,False
2026-02-17T12:00:00Z,2026-02-18T04:00:00Z,turbine-2,0.5426754735070829,Open-Meteo Single Runs API,ecmwf_ifs,2026-02-17T00:00:00Z,12,2026-02-17T12:00:00Z,2026-01-31T23:50:00Z,UTC,density_adjusted_power_curve_median_0.5ms,wind_speed_100m,8.1,5.5,False
2026-02-17T12:00:00Z,2026-02-18T05:00:00Z,turbine-2,0.6008715474195943,Open-Meteo Single Runs API,ecmwf_ifs,2026-02-17T00:00:00Z,12,2026-02-17T12:00:00Z,2026-01-31T23:50:00Z,UTC,density_adjusted_power_curve_median_0.5ms,wind_speed_100m,8.54,8.8,False
2026-02-17T12:00:00Z,2026-02-18T06:00:00Z,turbine-2,0.8167067640052371,Open-Meteo Single Runs API,ecmwf_ifs,2026-02-17T00:00:00Z,12,2026-02-17T12:00:00Z,2026-01-31T23:50:00Z,UTC,density_adjusted_power_curve_median_0.5ms,wind_speed_100m,10.04,11.1,False
2026-02-17T12:00:00Z,2026-02-18T07:00:00Z,turbine-2,0.7711688497089938,Open-Meteo Single Runs API,ecmwf_ifs,2026-02-17T00:00:00Z,12,2026-02-17T12:00:00Z,2026-01-31T23:50:00Z,UTC,density_adjusted_power_curve_median_0.5ms,wind_speed_100m,9.74,12.9,False
2026-02-17T12:00:00Z,2026-02-18T08:00:00Z,turbine-2,0.6989858032569753,Open-Meteo Single Runs API,ecmwf_ifs,2026-02-17T00:00:00Z,12,2026-02-17T12:00:00Z,2026-01-31T23:50:00Z,UTC,density_adjusted_power_curve_median_0.5ms,wind_speed_100m,9.23,14.0,False
2026-02-17T12:00:00Z,2026-02-18T09:00:00Z,turbine-2,0.7334254446086388,Open-Meteo Single Runs API,ecmwf_ifs,2026-02-17T00:00:00Z,12,2026-02-17T12:00:00Z,2026-01-31T23:50:00Z,UTC,density_adjusted_power_curve_median_0.5ms,wind_speed_100m,9.48,14.1,False
2026-02-17T12:00:00Z,2026-02-18T10:00:00Z,turbine-2,0.729122154661372,Open-Meteo Single Runs API,ecmwf_ifs,2026-02-17T00:00:00Z,12,2026-02-17T12:00:00Z,2026-01-31T23:50:00Z,UTC,density_adjusted_power_curve_median_0.5ms,wind_speed_100m,9.44,13.3,False
2026-02-17T12:00:00Z,2026-02-18T11:00:00Z,turbine-2,0.6916514275420143,Open-Meteo Single Runs API,ecmwf_ifs,2026-02-17T00:00:00Z,12,2026-02-17T12:00:00Z,2026-01-31T23:50:00Z,UTC,density_adjusted_power_curve_median_0.5ms,wind_speed_100m,9.16,11.8,False
2026-02-17T12:00:00Z,2026-02-18T12:00:00Z,turbine-2,0.5935760215232574,Open-Meteo Single Runs API,ecmwf_ifs,2026-02-17T00:00:00Z,12,2026-02-17T12:00:00Z,2026-01-31T23:50:00Z,UTC,density_adjusted_power_curve_median_0.5ms,wind_speed_100m,8.49,9.0,False
2026-02-17T12:00:00Z,2026-02-18T13:00:00Z,turbine-2,0.23482931288415237,Open-Meteo Single Runs API,ecmwf_ifs,2026-02-17T00:00:00Z,12,2026-02-17T12:00:00Z,2026-01-31T23:50:00Z,UTC,density_adjusted_power_curve_median_0.5ms,wind_speed_100m,6.13,5.6,False
2026-02-17T12:00:00Z,2026-02-18T14:00:00Z,turbine-2,0.27888412458950484,Open-Meteo Single Runs API,ecmwf_ifs,2026-02-17T00:00:00Z,12,2026-02-17T12:00:00Z,2026-01-31T23:50:00Z,UTC,density_adjusted_power_curve_median_0.5ms,wind_speed_100m,6.44,3.9,False
2026-02-17T12:00:00Z,2026-02-18T15:00:00Z,turbine-2,0.3052855381740123,Open-Meteo Single Runs API,ecmwf_ifs,2026-02-17T00:00:00Z,12,2026-02-17T12:00:00Z,2026-01-31T23:50:00Z,UTC,density_adjusted_power_curve_median_0.5ms,wind_speed_100m,6.62,3.3,False
2026-02-17T12:00:00Z,2026-02-18T16:00:00Z,turbine-2,0.1617696752833952,Open-Meteo Single Runs API,ecmwf_ifs,2026-02-17T00:00:00Z,12,2026-02-17T12:00:00Z,2026-01-31T23:50:00Z,UTC,density_adjusted_power_curve_median_0.5ms,wind_speed_100m,5.39,2.4,False
2026-02-17T12:00:00Z,2026-02-18T17:00:00Z,turbine-2,0.30740212537172845,Open-Meteo Single Runs API,ecmwf_ifs,2026-02-17T00:00:00Z,12,2026-02-17T12:00:00Z,2026-01-31T23:50:00Z,UTC,density_adjusted_power_curve_median_0.5ms,wind_speed_100m,6.63,2.7,False
2026-02-17T12:00:00Z,2026-02-18T18:00:00Z,turbine-2,0.17517272696486197,Open-Meteo Single Runs API,ecmwf_ifs,2026-02-17T00:00:00Z,12,2026-02-17T12:00:00Z,2026-01-31T23:50:00Z,UTC,density_adjusted_power_curve_median_0.5ms,wind_speed_100m,5.52,1.9,False
2026-02-17T12:00:00Z,2026-02-18T19:00:00Z,turbine-2,0.33195534333549964,Open-Meteo Single Runs API,ecmwf_ifs,2026-02-17T00:00:00Z,12,2026-02-17T12:00:00Z,2026-01-31T23:50:00Z,UTC,density_adjusted_power_curve_median_0.5ms,wind_speed_100m,6.78,2.4,False
2026-02-17T12:00:00Z,2026-02-18T20:00:00Z,turbine-2,0.1532398181358815,Open-Meteo Single Runs API,ecmwf_ifs,2026-02-17T00:00:00Z,12,2026-02-17T12:00:00Z,2026-01-31T23:50:00Z,UTC,density_adjusted_power_curve_median_0.5ms,wind_speed_100m,5.3,1.6,False
2026-02-17T12:00:00Z,2026-02-18T21:00:00Z,turbine-2,0.24143508068581265,Open-Meteo Single Runs API,ecmwf_ifs,2026-02-17T00:00:00Z,12,2026-02-17T12:00:00Z,2026-01-31T23:50:00Z,UTC,density_adjusted_power_curve_median_0.5ms,wind_speed_100m,6.16,1.5,False
2026-02-17T12:00:00Z,2026-02-18T22:00:00Z,turbine-2,0.1444392637372926,Open-Meteo Single Runs API,ecmwf_ifs,2026-02-17T00:00:00Z,12,2026-02-17T12:00:00Z,2026-01-31T23:50:00Z,UTC,density_adjusted_power_curve_median_0.5ms,wind_speed_100m,5.21,1.2,False
2026-02-17T12:00:00Z,2026-02-18T23:00:00Z,turbine-2,0.2583025631227008,Open-Meteo Single Runs API,ecmwf_ifs,2026-02-17T00:00:00Z,12,2026-02-17T12:00:00Z,2026-01-31T23:50:00Z,UTC,density_adjusted_power_curve_median_0.5ms,wind_speed_100m,6.28,1.8,False
2026-02-17T12:00:00Z,2026-02-19T00:00:00Z,turbine-2,0.16819881013134602,Open-Meteo Single Runs API,ecmwf_ifs,2026-02-17T00:00:00Z,12,2026-02-17T12:00:00Z,2026-01-31T23:50:00Z,UTC,density_adjusted_power_curve_median_0.5ms,wind_speed_100m,5.45,1.8,False
2026-02-17T12:00:00Z,2026-02-19T01:00:00Z,turbine-2,0.21792094909269633,Open-Meteo Single Runs API,ecmwf_ifs,2026-02-17T00:00:00Z,12,2026-02-17T12:00:00Z,2026-01-31T23:50:00Z,UTC,density_adjusted_power_curve_median_0.5ms,wind_speed_100m,5.94,2.1,False
2026-02-17T12:00:00Z,2026-02-19T02:00:00Z,turbine-2,0.18589345160936321,Open-Meteo Single Runs API,ecmwf_ifs,2026-02-17T00:00:00Z,12,2026-02-17T12:00:00Z,2026-01-31T23:50:00Z,UTC,density_adjusted_power_curve_median_0.5ms,wind_speed_100m,5.63,2.4,False
2026-02-17T12:00:00Z,2026-02-19T03:00:00Z,turbine-2,0.20992210975981446,Open-Meteo Single Runs API,ecmwf_ifs,2026-02-17T00:00:00Z,12,2026-02-17T12:00:00Z,2026-01-31T23:50:00Z,UTC,density_adjusted_power_curve_median_0.5ms,wind_speed_100m,5.88,4.6,False
2026-02-17T12:00:00Z,2026-02-19T04:00:00Z,turbine-2,0.3382011134094271,Open-Meteo Single Runs API,ecmwf_ifs,2026-02-17T00:00:00Z,12,2026-02-17T12:00:00Z,2026-01-31T23:50:00Z,UTC,density_adjusted_power_curve_median_0.5ms,wind_speed_100m,6.86,7.5,False
2026-02-17T12:00:00Z,2026-02-19T05:00:00Z,turbine-2,0.157874445476765,Open-Meteo Single Runs API,ecmwf_ifs,2026-02-17T00:00:00Z,12,2026-02-17T12:00:00Z,2026-01-31T23:50:00Z,UTC,density_adjusted_power_curve_median_0.5ms,wind_speed_100m,5.4,10.0,False
2026-02-17T12:00:00Z,2026-02-19T06:00:00Z,turbine-2,0.21262931187284098,Open-Meteo Single Runs API,ecmwf_ifs,2026-02-17T00:00:00Z,12,2026-02-17T12:00:00Z,2026-01-31T23:50:00Z,UTC,density_adjusted_power_curve_median_0.5ms,wind_speed_100m,5.95,10.8,False
2026-02-17T12:00:00Z,2026-02-19T07:00:00Z,turbine-2,0.1724493453667595,Open-Meteo Single Runs API,ecmwf_ifs,2026-02-17T00:00:00Z,12,2026-02-17T12:00:00Z,2026-01-31T23:50:00Z,UTC,density_adjusted_power_curve_median_0.5ms,wind_speed_100m,5.56,12.1,False
2026-02-17T12:00:00Z,2026-02-19T08:00:00Z,turbine-2,0.09637395498474458,Open-Meteo Single Runs API,ecmwf_ifs,2026-02-17T00:00:00Z,12,2026-02-17T12:00:00Z,2026-01-31T23:50:00Z,UTC,density_adjusted_power_curve_median_0.5ms,wind_speed_100m,4.52,13.4,False
2026-02-17T12:00:00Z,2026-02-19T09:00:00Z,turbine-2,0.059256594906758595,Open-Meteo Single Runs API,ecmwf_ifs,2026-02-17T00:00:00Z,12,2026-02-17T12:00:00Z,2026-01-31T23:50:00Z,UTC,density_adjusted_power_curve_median_0.5ms,wind_speed_100m,3.9,14.4,False
2026-02-17T12:00:00Z,2026-02-19T10:00:00Z,turbine-2,0.052091418788865036,Open-Meteo Single Runs API,ecmwf_ifs,2026-02-17T00:00:00Z,12,2026-02-17T12:00:00Z,2026-01-31T23:50:00Z,UTC,density_adjusted_power_curve_median_0.5ms,wind_speed_100m,3.78,14.8,False
2026-02-17T12:00:00Z,2026-02-19T11:00:00Z,turbine-2,0.1049178634037656,Open-Meteo Single Runs API,ecmwf_ifs,2026-02-17T00:00:00Z,12,2026-02-17T12:00:00Z,2026-01-31T23:50:00Z,UTC,density_adjusted_power_curve_median_0.5ms,wind_speed_100m,4.66,13.0,False
2026-02-17T12:00:00Z,2026-02-19T12:00:00Z,turbine-2,0.05949996469839053,Open-Meteo Single Runs API,ecmwf_ifs,2026-02-17T00:00:00Z,12,2026-02-17T12:00:00Z,2026-01-31T23:50:00Z,UTC,density_adjusted_power_curve_median_0.5ms,wind_speed_100m,3.88,9.1,False
2026-02-18T12:00:00Z,2026-02-18T13:00:00Z,turbine-1,0.4559031303055614,Open-Meteo Single Runs API,ecmwf_ifs,2026-02-18T00:00:00Z,12,2026-02-18T12:00:00Z,2026-01-31T23:50:00Z,UTC,density_adjusted_power_curve_median_0.5ms,wind_speed_100m,7.51,6.3,False
2026-02-18T12:00:00Z,2026-02-18T14:00:00Z,turbine-1,0.3751263394472373,Open-Meteo Single Runs API,ecmwf_ifs,2026-02-18T00:00:00Z,12,2026-02-18T12:00:00Z,2026-01-31T23:50:00Z,UTC,density_adjusted_power_curve_median_0.5ms,wind_speed_100m,7.0,4.3,False
2026-02-18T12:00:00Z,2026-02-18T15:00:00Z,turbine-1,0.4036506789721986,Open-Meteo Single Runs API,ecmwf_ifs,2026-02-18T00:00:00Z,12,2026-02-18T12:00:00Z,2026-01-31T23:50:00Z,UTC,density_adjusted_power_curve_median_0.5ms,wind_speed_100m,7.17,3.6,False
2026-02-18T12:00:00Z,2026-02-18T16:00:00Z,turbine-1,0.4071039266712504,Open-Meteo Single Runs API,ecmwf_ifs,2026-02-18T00:00:00Z,12,2026-02-18T12:00:00Z,2026-01-31T23:50:00Z,UTC,density_adjusted_power_curve_median_0.5ms,wind_speed_100m,7.19,3.5,False
2026-02-18T12:00:00Z,2026-02-18T17:00:00Z,turbine-1,0.2297318468151175,Open-Meteo Single Runs API,ecmwf_ifs,2026-02-18T00:00:00Z,12,2026-02-18T12:00:00Z,2026-01-31T23:50:00Z,UTC,density_adjusted_power_curve_median_0.5ms,wind_speed_100m,5.96,2.8,False
2026-02-18T12:00:00Z,2026-02-18T18:00:00Z,turbine-1,0.2329821119047833,Open-Meteo Single Runs API,ecmwf_ifs,2026-02-18T00:00:00Z,12,2026-02-18T12:00:00Z,2026-01-31T23:50:00Z,UTC,density_adjusted_power_curve_median_0.5ms,wind_speed_100m,5.99,2.6,False
2026-02-18T12:00:00Z,2026-02-18T19:00:00Z,turbine-1,0.20446469551934893,Open-Meteo Single Runs API,ecmwf_ifs,2026-02-18T00:00:00Z,12,2026-02-18T12:00:00Z,2026-01-31T23:50:00Z,UTC,density_adjusted_power_curve_median_0.5ms,wind_speed_100m,5.71,2.0,False
2026-02-18T12:00:00Z,2026-02-18T20:00:00Z,turbine-1,0.10382200347135834,Open-Meteo Single Runs API,ecmwf_ifs,2026-02-18T00:00:00Z,12,2026-02-18T12:00:00Z,2026-01-31T23:50:00Z,UTC,density_adjusted_power_curve_median_0.5ms,wind_speed_100m,4.58,1.3,False
2026-02-18T12:00:00Z,2026-02-18T21:00:00Z,turbine-1,0.09606096151772216,Open-Meteo Single Runs API,ecmwf_ifs,2026-02-18T00:00:00Z,12,2026-02-18T12:00:00Z,2026-01-31T23:50:00Z,UTC,density_adjusted_power_curve_median_0.5ms,wind_speed_100m,4.45,1.1,False
2026-02-18T12:00:00Z,2026-02-18T22:00:00Z,turbine-1,0.1376871210481313,Open-Meteo Single Runs API,ecmwf_ifs,2026-02-18T00:00:00Z,12,2026-02-18T12:00:00Z,2026-01-31T23:50:00Z,UTC,density_adjusted_power_curve_median_0.5ms,wind_speed_100m,5.02,1.5,False
2026-02-18T12:00:00Z,2026-02-18T23:00:00Z,turbine-1,0.1973531419769693,Open-Meteo Single Runs API,ecmwf_ifs,2026-02-18T00:00:00Z,12,2026-02-18T12:00:00Z,2026-01-31T23:50:00Z,UTC,density_adjusted_power_curve_median_0.5ms,wind_speed_100m,5.64,1.9,False
2026-02-18T12:00:00Z,2026-02-19T00:00:00Z,turbine-1,0.09041855060246519,Open-Meteo Single Runs API,ecmwf_ifs,2026-02-18T00:00:00Z,12,2026-02-18T12:00:00Z,2026-01-31T23:50:00Z,UTC,density_adjusted_power_curve_median_0.5ms,wind_speed_100m,4.36,1.8,False
2026-02-18T12:00:00Z,2026-02-19T01:00:00Z,turbine-1,0.09773640832887304,Open-Meteo Single Runs API,ecmwf_ifs,2026-02-18T00:00:00Z,12,2026-02-18T12:00:00Z,2026-01-31T23:50:00Z,UTC,density_adjusted_power_curve_median_0.5ms,wind_speed_100m,4.48,1.5,False
2026-02-18T12:00:00Z,2026-02-19T02:00:00Z,turbine-1,0.10064653669832965,Open-Meteo Single Runs API,ecmwf_ifs,2026-02-18T00:00:00Z,12,2026-02-18T12:00:00Z,2026-01-31T23:50:00Z,UTC,density_adjusted_power_curve_median_0.5ms,wind_speed_100m,4.53,1.8,False
2026-02-18T12:00:00Z,2026-02-19T03:00:00Z,turbine-1,0.0979287434766219,Open-Meteo Single Runs API,ecmwf_ifs,2026-02-18T00:00:00Z,12,2026-02-18T12:00:00Z,2026-01-31T23:50:00Z,UTC,density_adjusted_power_curve_median_0.5ms,wind_speed_100m,4.5,4.6,False
2026-02-18T12:00:00Z,2026-02-19T04:00:00Z,turbine-1,0.12140409191816058,Open-Meteo Single Runs API,ecmwf_ifs,2026-02-18T00:00:00Z,12,2026-02-18T12:00:00Z,2026-01-31T23:50:00Z,UTC,density_adjusted_power_curve_median_0.5ms,wind_speed_100m,4.86,8.0,False
2026-02-18T12:00:00Z,2026-02-19T05:00:00Z,turbine-1,0.16981074943480043,Open-Meteo Single Runs API,ecmwf_ifs,2026-02-18T00:00:00Z,12,2026-02-18T12:00:00Z,2026-01-31T23:50:00Z,UTC,density_adjusted_power_curve_median_0.5ms,wind_speed_100m,5.42,10.0,False
2026-02-18T12:00:00Z,2026-02-19T06:00:00Z,turbine-1,0.08665835345595241,Open-Meteo Single Runs API,ecmwf_ifs,2026-02-18T00:00:00Z,12,2026-02-18T12:00:00Z,2026-01-31T23:50:00Z,UTC,density_adjusted_power_curve_median_0.5ms,wind_speed_100m,4.35,12.0,False
2026-02-18T12:00:00Z,2026-02-19T07:00:00Z,turbine-1,0.09095333866950248,Open-Meteo Single Runs API,ecmwf_ifs,2026-02-18T00:00:00Z,12,2026-02-18T12:00:00Z,2026-01-31T23:50:00Z,UTC,density_adjusted_power_curve_median_0.5ms,wind_speed_100m,4.43,13.5,False
2026-02-18T12:00:00Z,2026-02-19T08:00:00Z,turbine-1,0.1159578392676857,Open-Meteo Single Runs API,ecmwf_ifs,2026-02-18T00:00:00Z,12,2026-02-18T12:00:00Z,2026-01-31T23:50:00Z,UTC,density_adjusted_power_curve_median_0.5ms,wind_speed_100m,4.83,14.5,False
2026-02-18T12:00:00Z,2026-02-19T09:00:00Z,turbine-1,0.08510615683106836,Open-Meteo Single Runs API,ecmwf_ifs,2026-02-18T00:00:00Z,12,2026-02-18T12:00:00Z,2026-01-31T23:50:00Z,UTC,density_adjusted_power_curve_median_0.5ms,wind_speed_100m,4.34,15.2,False
2026-02-18T12:00:00Z,2026-02-19T10:00:00Z,turbine-1,0.0639061530305741,Open-Meteo Single Runs API,ecmwf_ifs,2026-02-18T00:00:00Z,12,2026-02-18T12:00:00Z,2026-01-31T23:50:00Z,UTC,density_adjusted_power_curve_median_0.5ms,wind_speed_100m,3.85,14.7,False
2026-02-18T12:00:00Z,2026-02-19T11:00:00Z,turbine-1,0.024243882069388465,Open-Meteo Single Runs API,ecmwf_ifs,2026-02-18T00:00:00Z,12,2026-02-18T12:00:00Z,2026-01-31T23:50:00Z,UTC,density_adjusted_power_curve_median_0.5ms,wind_speed_100m,3.1,13.7,False
2026-02-18T12:00:00Z,2026-02-19T12:00:00Z,turbine-1,0.024801799686653678,Open-Meteo Single Runs API,ecmwf_ifs,2026-02-18T00:00:00Z,12,2026-02-18T12:00:00Z,2026-01-31T23:50:00Z,UTC,density_adjusted_power_curve_median_0.5ms,wind_speed_100m,3.1,9.8,False
2026-02-18T12:00:00Z,2026-02-19T13:00:00Z,turbine-1,0.03381589390570062,Open-Meteo Single Runs API,ecmwf_ifs,2026-02-18T00:00:00Z,12,2026-02-18T12:00:00Z,2026-01-31T23:50:00Z,UTC,density_adjusted_power_curve_median_0.5ms,wind_speed_100m,3.29,8.5,False
2026-02-18T12:00:00Z,2026-02-19T14:00:00Z,turbine-1,0.01,Open-Meteo Single Runs API,ecmwf_ifs,2026-02-18T00:00:00Z,12,2026-02-18T12:00:00Z,2026-01-31T23:50:00Z,UTC,density_adjusted_power_curve_median_0.5ms,wind_speed_100m,1.78,9.4,False
2026-02-18T12:00:00Z,2026-02-19T15:00:00Z,turbine-1,0.01,Open-Meteo Single Runs API,ecmwf_ifs,2026-02-18T00:00:00Z,12,2026-02-18T12:00:00Z,2026-01-31T23:50:00Z,UTC,density_adjusted_power_curve_median_0.5ms,wind_speed_100m,0.3,9.5,False
2026-02-18T12:00:00Z,2026-02-19T16:00:00Z,turbine-1,0.01,Open-Meteo Single Runs API,ecmwf_ifs,2026-02-18T00:00:00Z,12,2026-02-18T12:00:00Z,2026-01-31T23:50:00Z,UTC,density_adjusted_power_curve_median_0.5ms,wind_speed_100m,2.44,8.1,False
2026-02-18T12:00:00Z,2026-02-19T17:00:00Z,turbine-1,0.20515761615260597,Open-Meteo Single Runs API,ecmwf_ifs,2026-02-18T00:00:00Z,12,2026-02-18T12:00:00Z,2026-01-31T23:50:00Z,UTC,density_adjusted_power_curve_median_0.5ms,wind_speed_100m,5.76,8.3,False
2026-02-18T12:00:00Z,2026-02-19T18:00:00Z,turbine-1,0.33411185702494395,Open-Meteo Single Runs API,ecmwf_ifs,2026-02-18T00:00:00Z,12,2026-02-18T12:00:00Z,2026-01-31T23:50:00Z,UTC,density_adjusted_power_curve_median_0.5ms,wind_speed_100m,6.78,8.5,False
2026-02-18T12:00:00Z,2026-02-19T19:00:00Z,turbine-1,0.2885130938101876,Open-Meteo Single Runs API,ecmwf_ifs,2026-02-18T00:00:00Z,12,2026-02-18T12:00:00Z,2026-01-31T23:50:00Z,UTC,density_adjusted_power_curve_median_0.5ms,wind_speed_100m,6.47,8.5,False
2026-02-18T12:00:00Z,2026-02-19T20:00:00Z,turbine-1,0.29483695593028914,Open-Meteo Single Runs API,ecmwf_ifs,2026-02-18T00:00:00Z,12,2026-02-18T12:00:00Z,2026-01-31T23:50:00Z,UTC,density_adjusted_power_curve_median_0.5ms,wind_speed_100m,6.51,7.9,False
2026-02-18T12:00:00Z,2026-02-19T21:00:00Z,turbine-1,0.4328651534838099,Open-Meteo Single Runs API,ecmwf_ifs,2026-02-18T00:00:00Z,12,2026-02-18T12:00:00Z,2026-01-31T23:50:00Z,UTC,density_adjusted_power_curve_median_0.5ms,wind_speed_100m,7.38,7.4,False
2026-02-18T12:00:00Z,2026-02-19T22:00:00Z,turbine-1,0.47240373862699836,Open-Meteo Single Runs API,ecmwf_ifs,2026-02-18T00:00:00Z,12,2026-02-18T12:00:00Z,2026-01-31T23:50:00Z,UTC,density_adjusted_power_curve_median_0.5ms,wind_speed_100m,7.62,7.4,False
2026-02-18T12:00:00Z,2026-02-19T23:00:00Z,turbine-1,0.4857286568626336,Open-Meteo Single Runs API,ecmwf_ifs,2026-02-18T00:00:00Z,12,2026-02-18T12:00:00Z,2026-01-31T23:50:00Z,UTC,density_adjusted_power_curve_median_0.5ms,wind_speed_100m,7.7,7.2,False
2026-02-18T12:00:00Z,2026-02-20T00:00:00Z,turbine-1,0.46490828867765244,Open-Meteo Single Runs API,ecmwf_ifs,2026-02-18T00:00:00Z,12,2026-02-18T12:00:00Z,2026-01-31T23:50:00Z,UTC,density_adjusted_power_curve_median_0.5ms,wind_speed_100m,7.57,6.9,False
2026-02-18T12:00:00Z,2026-02-20T01:00:00Z,turbine-1,0.4747988141335062,Open-Meteo Single Runs API,ecmwf_ifs,2026-02-18T00:00:00Z,12,2026-02-18T12:00:00Z,2026-01-31T23:50:00Z,UTC,density_adjusted_power_curve_median_0.5ms,wind_speed_100m,7.63,6.9,False
2026-02-18T12:00:00Z,2026-02-20T02:00:00Z,turbine-1,0.40419938561365054,Open-Meteo Single Runs API,ecmwf_ifs,2026-02-18T00:00:00Z,12,2026-02-18T12:00:00Z,2026-01-31T23:50:00Z,UTC,density_adjusted_power_curve_median_0.5ms,wind_speed_100m,7.2,6.7,False
2026-02-18T12:00:00Z,2026-02-20T03:00:00Z,turbine-1,0.3492336090927252,Open-Meteo Single Runs API,ecmwf_ifs,2026-02-18T00:00:00Z,12,2026-02-18T12:00:00Z,2026-01-31T23:50:00Z,UTC,density_adjusted_power_curve_median_0.5ms,wind_speed_100m,6.87,8.0,False
2026-02-18T12:00:00Z,2026-02-20T04:00:00Z,turbine-1,0.17808784189564095,Open-Meteo Single Runs API,ecmwf_ifs,2026-02-18T00:00:00Z,12,2026-02-18T12:00:00Z,2026-01-31T23:50:00Z,UTC,density_adjusted_power_curve_median_0.5ms,wind_speed_100m,5.5,9.6,False
2026-02-18T12:00:00Z,2026-02-20T05:00:00Z,turbine-1,0.10597132954348229,Open-Meteo Single Runs API,ecmwf_ifs,2026-02-18T00:00:00Z,12,2026-02-18T12:00:00Z,2026-01-31T23:50:00Z,UTC,density_adjusted_power_curve_median_0.5ms,wind_speed_100m,4.67,11.1,False
2026-02-18T12:00:00Z,2026-02-20T06:00:00Z,turbine-1,0.06024577662209,Open-Meteo Single Runs API,ecmwf_ifs,2026-02-18T00:00:00Z,12,2026-02-18T12:00:00Z,2026-01-31T23:50:00Z,UTC,density_adjusted_power_curve_median_0.5ms,wind_speed_100m,3.75,12.7,False
2026-02-18T12:00:00Z,2026-02-20T07:00:00Z,turbine-1,0.030865565587846075,Open-Meteo Single Runs API,ecmwf_ifs,2026-02-18T00:00:00Z,12,2026-02-18T12:00:00Z,2026-01-31T23:50:00Z,UTC,density_adjusted_power_curve_median_0.5ms,wind_speed_100m,3.26,13.5,False
2026-02-18T12:00:00Z,2026-02-20T08:00:00Z,turbine-1,0.010052354432583363,Open-Meteo Single Runs API,ecmwf_ifs,2026-02-18T00:00:00Z,12,2026-02-18T12:00:00Z,2026-01-31T23:50:00Z,UTC,density_adjusted_power_curve_median_0.5ms,wind_speed_100m,2.74,13.9,False
2026-02-18T12:00:00Z,2026-02-20T09:00:00Z,turbine-1,0.01,Open-Meteo Single Runs API,ecmwf_ifs,2026-02-18T00:00:00Z,12,2026-02-18T12:00:00Z,2026-01-31T23:50:00Z,UTC,density_adjusted_power_curve_median_0.5ms,wind_speed_100m,2.02,14.1,False
2026-02-18T12:00:00Z,2026-02-20T10:00:00Z,turbine-1,0.01,Open-Meteo Single Runs API,ecmwf_ifs,2026-02-18T00:00:00Z,12,2026-02-18T12:00:00Z,2026-01-31T23:50:00Z,UTC,density_adjusted_power_curve_median_0.5ms,wind_speed_100m,1.21,13.9,False
2026-02-18T12:00:00Z,2026-02-20T11:00:00Z,turbine-1,0.01,Open-Meteo Single Runs API,ecmwf_ifs,2026-02-18T00:00:00Z,12,2026-02-18T12:00:00Z,2026-01-31T23:50:00Z,UTC,density_adjusted_power_curve_median_0.5ms,wind_speed_100m,1.57,13.1,False
2026-02-18T12:00:00Z,2026-02-20T12:00:00Z,turbine-1,0.21619720304555182,Open-Meteo Single Runs API,ecmwf_ifs,2026-02-18T00:00:00Z,12,2026-02-18T12:00:00Z,2026-01-31T23:50:00Z,UTC,density_adjusted_power_curve_median_0.5ms,wind_speed_100m,5.88,10.1,False
2026-02-18T12:00:00Z,2026-02-18T13:00:00Z,turbine-2,0.4458689450800376,Open-Meteo Single Runs API,ecmwf_ifs,2026-02-18T00:00:00Z,12,2026-02-18T12:00:00Z,2026-01-31T23:50:00Z,UTC,density_adjusted_power_curve_median_0.5ms,wind_speed_100m,7.51,6.3,False
2026-02-18T12:00:00Z,2026-02-18T14:00:00Z,turbine-2,0.36531401177104933,Open-Meteo Single Runs API,ecmwf_ifs,2026-02-18T00:00:00Z,12,2026-02-18T12:00:00Z,2026-01-31T23:50:00Z,UTC,density_adjusted_power_curve_median_0.5ms,wind_speed_100m,7.0,4.3,False
2026-02-18T12:00:00Z,2026-02-18T15:00:00Z,turbine-2,0.3940567308839579,Open-Meteo Single Runs API,ecmwf_ifs,2026-02-18T00:00:00Z,12,2026-02-18T12:00:00Z,2026-01-31T23:50:00Z,UTC,density_adjusted_power_curve_median_0.5ms,wind_speed_100m,7.17,3.6,False
2026-02-18T12:00:00Z,2026-02-18T16:00:00Z,turbine-2,0.3974808842947501,Open-Meteo Single Runs API,ecmwf_ifs,2026-02-18T00:00:00Z,12,2026-02-18T12:00:00Z,2026-01-31T23:50:00Z,UTC,density_adjusted_power_curve_median_0.5ms,wind_speed_100m,7.19,3.5,False
2026-02-18T12:00:00Z,2026-02-18T17:00:00Z,turbine-2,0.21946071458744676,Open-Meteo Single Runs API,ecmwf_ifs,2026-02-18T00:00:00Z,12,2026-02-18T12:00:00Z,2026-01-31T23:50:00Z,UTC,density_adjusted_power_curve_median_0.5ms,wind_speed_100m,5.96,2.8,False
2026-02-18T12:00:00Z,2026-02-18T18:00:00Z,turbine-2,0.2226955858228409,Open-Meteo Single Runs API,ecmwf_ifs,2026-02-18T00:00:00Z,12,2026-02-18T12:00:00Z,2026-01-31T23:50:00Z,UTC,density_adjusted_power_curve_median_0.5ms,wind_speed_100m,5.99,2.6,False
2026-02-18T12:00:00Z,2026-02-18T19:00:00Z,turbine-2,0.19431323317526536,Open-Meteo Single Runs API,ecmwf_ifs,2026-02-18T00:00:00Z,12,2026-02-18T12:00:00Z,2026-01-31T23:50:00Z,UTC,density_adjusted_power_curve_median_0.5ms,wind_speed_100m,5.71,2.0,False
2026-02-18T12:00:00Z,2026-02-18T20:00:00Z,turbine-2,0.10396665841032113,Open-Meteo Single Runs API,ecmwf_ifs,2026-02-18T00:00:00Z,12,2026-02-18T12:00:00Z,2026-01-31T23:50:00Z,UTC,density_adjusted_power_curve_median_0.5ms,wind_speed_100m,4.58,1.3,False
2026-02-18T12:00:00Z,2026-02-18T21:00:00Z,turbine-2,0.09610691040333841,Open-Meteo Single Runs API,ecmwf_ifs,2026-02-18T00:00:00Z,12,2026-02-18T12:00:00Z,2026-01-31T23:50:00Z,UTC,density_adjusted_power_curve_median_0.5ms,wind_speed_100m,4.45,1.1,False
2026-02-18T12:00:00Z,2026-02-18T22:00:00Z,turbine-2,0.1309091817217621,Open-Meteo Single Runs API,ecmwf_ifs,2026-02-18T00:00:00Z,12,2026-02-18T12:00:00Z,2026-01-31T23:50:00Z,UTC,density_adjusted_power_curve_median_0.5ms,wind_speed_100m,5.02,1.5,False
2026-02-18T12:00:00Z,2026-02-18T23:00:00Z,turbine-2,0.18724191960983655,Open-Meteo Single Runs API,ecmwf_ifs,2026-02-18T00:00:00Z,12,2026-02-18T12:00:00Z,2026-01-31T23:50:00Z,UTC,density_adjusted_power_curve_median_0.5ms,wind_speed_100m,5.64,1.9,False
2026-02-18T12:00:00Z,2026-02-19T00:00:00Z,turbine-2,0.0903927384905077,Open-Meteo Single Runs API,ecmwf_ifs,2026-02-18T00:00:00Z,12,2026-02-18T12:00:00Z,2026-01-31T23:50:00Z,UTC,density_adjusted_power_curve_median_0.5ms,wind_speed_100m,4.36,1.8,False
2026-02-18T12:00:00Z,2026-02-19T01:00:00Z,turbine-2,0.09780366578920241,Open-Meteo Single Runs API,ecmwf_ifs,2026-02-18T00:00:00Z,12,2026-02-18T12:00:00Z,2026-01-31T23:50:00Z,UTC,density_adjusted_power_curve_median_0.5ms,wind_speed_100m,4.48,1.5,False
2026-02-18T12:00:00Z,2026-02-19T02:00:00Z,turbine-2,0.10075080559189142,Open-Meteo Single Runs API,ecmwf_ifs,2026-02-18T00:00:00Z,12,2026-02-18T12:00:00Z,2026-01-31T23:50:00Z,UTC,density_adjusted_power_curve_median_0.5ms,wind_speed_100m,4.53,1.8,False
2026-02-18T12:00:00Z,2026-02-19T03:00:00Z,turbine-2,0.09799844708316044,Open-Meteo Single Runs API,ecmwf_ifs,2026-02-18T00:00:00Z,12,2026-02-18T12:00:00Z,2026-01-31T23:50:00Z,UTC,density_adjusted_power_curve_median_0.5ms,wind_speed_100m,4.5,4.6,False
2026-02-18T12:00:00Z,2026-02-19T04:00:00Z,turbine-2,0.11874481096548434,Open-Meteo Single Runs API,ecmwf_ifs,2026-02-18T00:00:00Z,12,2026-02-18T12:00:00Z,2026-01-31T23:50:00Z,UTC,density_adjusted_power_curve_median_0.5ms,wind_speed_100m,4.86,8.0,False
2026-02-18T12:00:00Z,2026-02-19T05:00:00Z,turbine-2,0.15986661058854545,Open-Meteo Single Runs API,ecmwf_ifs,2026-02-18T00:00:00Z,12,2026-02-18T12:00:00Z,2026-01-31T23:50:00Z,UTC,density_adjusted_power_curve_median_0.5ms,wind_speed_100m,5.42,10.0,False
2026-02-18T12:00:00Z,2026-02-19T06:00:00Z,turbine-2,0.08658471861318708,Open-Meteo Single Runs API,ecmwf_ifs,2026-02-18T00:00:00Z,12,2026-02-18T12:00:00Z,2026-01-31T23:50:00Z,UTC,density_adjusted_power_curve_median_0.5ms,wind_speed_100m,4.35,12.0,False
2026-02-18T12:00:00Z,2026-02-19T07:00:00Z,turbine-2,0.09093432806947978,Open-Meteo Single Runs API,ecmwf_ifs,2026-02-18T00:00:00Z,12,2026-02-18T12:00:00Z,2026-01-31T23:50:00Z,UTC,density_adjusted_power_curve_median_0.5ms,wind_speed_100m,4.43,13.5,False
2026-02-18T12:00:00Z,2026-02-19T08:00:00Z,turbine-2,0.11467614315534107,Open-Meteo Single Runs API,ecmwf_ifs,2026-02-18T00:00:00Z,12,2026-02-18T12:00:00Z,2026-01-31T23:50:00Z,UTC,density_adjusted_power_curve_median_0.5ms,wind_speed_100m,4.83,14.5,False
2026-02-18T12:00:00Z,2026-02-19T09:00:00Z,turbine-2,0.08501278092727341,Open-Meteo Single Runs API,ecmwf_ifs,2026-02-18T00:00:00Z,12,2026-02-18T12:00:00Z,2026-01-31T23:50:00Z,UTC,density_adjusted_power_curve_median_0.5ms,wind_speed_100m,4.34,15.2,False
2026-02-18T12:00:00Z,2026-02-19T10:00:00Z,turbine-2,0.05623530367782749,Open-Meteo Single Runs API,ecmwf_ifs,2026-02-18T00:00:00Z,12,2026-02-18T12:00:00Z,2026-01-31T23:50:00Z,UTC,density_adjusted_power_curve_median_0.5ms,wind_speed_100m,3.85,14.7,False
2026-02-18T12:00:00Z,2026-02-19T11:00:00Z,turbine-2,0.024255429904349438,Open-Meteo Single Runs API,ecmwf_ifs,2026-02-18T00:00:00Z,12,2026-02-18T12:00:00Z,2026-01-31T23:50:00Z,UTC,density_adjusted_power_curve_median_0.5ms,wind_speed_100m,3.1,13.7,False
2026-02-18T12:00:00Z,2026-02-19T12:00:00Z,turbine-2,0.024820040332545264,Open-Meteo Single Runs API,ecmwf_ifs,2026-02-18T00:00:00Z,12,2026-02-18T12:00:00Z,2026-01-31T23:50:00Z,UTC,density_adjusted_power_curve_median_0.5ms,wind_speed_100m,3.1,9.8,False
2026-02-18T12:00:00Z,2026-02-19T13:00:00Z,turbine-2,0.032659269786787404,Open-Meteo Single Runs API,ecmwf_ifs,2026-02-18T00:00:00Z,12,2026-02-18T12:00:00Z,2026-01-31T23:50:00Z,UTC,density_adjusted_power_curve_median_0.5ms,wind_speed_100m,3.29,8.5,False
2026-02-18T12:00:00Z,2026-02-19T14:00:00Z,turbine-2,0.01,Open-Meteo Single Runs API,ecmwf_ifs,2026-02-18T00:00:00Z,12,2026-02-18T12:00:00Z,2026-01-31T23:50:00Z,UTC,density_adjusted_power_curve_median_0.5ms,wind_speed_100m,1.78,9.4,False
2026-02-18T12:00:00Z,2026-02-19T15:00:00Z,turbine-2,0.01,Open-Meteo Single Runs API,ecmwf_ifs,2026-02-18T00:00:00Z,12,2026-02-18T12:00:00Z,2026-01-31T23:50:00Z,UTC,density_adjusted_power_curve_median_0.5ms,wind_speed_100m,0.3,9.5,False
2026-02-18T12:00:00Z,2026-02-19T16:00:00Z,turbine-2,0.01,Open-Meteo Single Runs API,ecmwf_ifs,2026-02-18T00:00:00Z,12,2026-02-18T12:00:00Z,2026-01-31T23:50:00Z,UTC,density_adjusted_power_curve_median_0.5ms,wind_speed_100m,2.44,8.1,False
2026-02-18T12:00:00Z,2026-02-19T17:00:00Z,turbine-2,0.19500287200874428,Open-Meteo Single Runs API,ecmwf_ifs,2026-02-18T00:00:00Z,12,2026-02-18T12:00:00Z,2026-01-31T23:50:00Z,UTC,density_adjusted_power_curve_median_0.5ms,wind_speed_100m,5.76,8.3,False
2026-02-18T12:00:00Z,2026-02-19T18:00:00Z,turbine-2,0.3238922430762088,Open-Meteo Single Runs API,ecmwf_ifs,2026-02-18T00:00:00Z,12,2026-02-18T12:00:00Z,2026-01-31T23:50:00Z,UTC,density_adjusted_power_curve_median_0.5ms,wind_speed_100m,6.78,8.5,False
2026-02-18T12:00:00Z,2026-02-19T19:00:00Z,turbine-2,0.2781101802379127,Open-Meteo Single Runs API,ecmwf_ifs,2026-02-18T00:00:00Z,12,2026-02-18T12:00:00Z,2026-01-31T23:50:00Z,UTC,density_adjusted_power_curve_median_0.5ms,wind_speed_100m,6.47,8.5,False
2026-02-18T12:00:00Z,2026-02-19T20:00:00Z,turbine-2,0.28445172493856863,Open-Meteo Single Runs API,ecmwf_ifs,2026-02-18T00:00:00Z,12,2026-02-18T12:00:00Z,2026-01-31T23:50:00Z,UTC,density_adjusted_power_curve_median_0.5ms,wind_speed_100m,6.51,7.9,False
2026-02-18T12:00:00Z,2026-02-19T21:00:00Z,turbine-2,0.4230250677255072,Open-Meteo Single Runs API,ecmwf_ifs,2026-02-18T00:00:00Z,12,2026-02-18T12:00:00Z,2026-01-31T23:50:00Z,UTC,density_adjusted_power_curve_median_0.5ms,wind_speed_100m,7.38,7.4,False
2026-02-18T12:00:00Z,2026-02-19T22:00:00Z,turbine-2,0.462230532544357,Open-Meteo Single Runs API,ecmwf_ifs,2026-02-18T00:00:00Z,12,2026-02-18T12:00:00Z,2026-01-31T23:50:00Z,UTC,density_adjusted_power_curve_median_0.5ms,wind_speed_100m,7.62,7.4,False
2026-02-18T12:00:00Z,2026-02-19T23:00:00Z,turbine-2,0.4755245841026807,Open-Meteo Single Runs API,ecmwf_ifs,2026-02-18T00:00:00Z,12,2026-02-18T12:00:00Z,2026-01-31T23:50:00Z,UTC,density_adjusted_power_curve_median_0.5ms,wind_speed_100m,7.7,7.2,False
2026-02-18T12:00:00Z,2026-02-20T00:00:00Z,turbine-2,0.45479823322898416,Open-Meteo Single Runs API,ecmwf_ifs,2026-02-18T00:00:00Z,12,2026-02-18T12:00:00Z,2026-01-31T23:50:00Z,UTC,density_adjusted_power_curve_median_0.5ms,wind_speed_100m,7.57,6.9,False
2026-02-18T12:00:00Z,2026-02-20T01:00:00Z,turbine-2,0.46460542907059393,Open-Meteo Single Runs API,ecmwf_ifs,2026-02-18T00:00:00Z,12,2026-02-18T12:00:00Z,2026-01-31T23:50:00Z,UTC,density_adjusted_power_curve_median_0.5ms,wind_speed_100m,7.63,6.9,False
2026-02-18T12:00:00Z,2026-02-20T02:00:00Z,turbine-2,0.3946008145644792,Open-Meteo Single Runs API,ecmwf_ifs,2026-02-18T00:00:00Z,12,2026-02-18T12:00:00Z,2026-01-31T23:50:00Z,UTC,density_adjusted_power_curve_median_0.5ms,wind_speed_100m,7.2,6.7,False
2026-02-18T12:00:00Z,2026-02-20T03:00:00Z,turbine-2,0.3391641587367097,Open-Meteo Single Runs API,ecmwf_ifs,2026-02-18T00:00:00Z,12,2026-02-18T12:00:00Z,2026-01-31T23:50:00Z,UTC,density_adjusted_power_curve_median_0.5ms,wind_speed_100m,6.87,8.0,False
2026-02-18T12:00:00Z,2026-02-20T04:00:00Z,turbine-2,0.16809349079027047,Open-Meteo Single Runs API,ecmwf_ifs,2026-02-18T00:00:00Z,12,2026-02-18T12:00:00Z,2026-01-31T23:50:00Z,UTC,density_adjusted_power_curve_median_0.5ms,wind_speed_100m,5.5,9.6,False
2026-02-18T12:00:00Z,2026-02-20T05:00:00Z,turbine-2,0.10614331992209372,Open-Meteo Single Runs API,ecmwf_ifs,2026-02-18T00:00:00Z,12,2026-02-18T12:00:00Z,2026-01-31T23:50:00Z,UTC,density_adjusted_power_curve_median_0.5ms,wind_speed_100m,4.67,11.1,False
2026-02-18T12:00:00Z,2026-02-20T06:00:00Z,turbine-2,0.050865575508047135,Open-Meteo Single Runs API,ecmwf_ifs,2026-02-18T00:00:00Z,12,2026-02-18T12:00:00Z,2026-01-31T23:50:00Z,UTC,density_adjusted_power_curve_median_0.5ms,wind_speed_100m,3.75,12.7,False
2026-02-18T12:00:00Z,2026-02-20T07:00:00Z,turbine-2,0.030666377761943055,Open-Meteo Single Runs API,ecmwf_ifs,2026-02-18T00:00:00Z,12,2026-02-18T12:00:00Z,2026-01-31T23:50:00Z,UTC,density_adjusted_power_curve_median_0.5ms,wind_speed_100m,3.26,13.5,False
2026-02-18T12:00:00Z,2026-02-20T08:00:00Z,turbine-2,0.01,Open-Meteo Single Runs API,ecmwf_ifs,2026-02-18T00:00:00Z,12,2026-02-18T12:00:00Z,2026-01-31T23:50:00Z,UTC,density_adjusted_power_curve_median_0.5ms,wind_speed_100m,2.74,13.9,False
2026-02-18T12:00:00Z,2026-02-20T09:00:00Z,turbine-2,0.01,Open-Meteo Single Runs API,ecmwf_ifs,2026-02-18T00:00:00Z,12,2026-02-18T12:00:00Z,2026-01-31T23:50:00Z,UTC,density_adjusted_power_curve_median_0.5ms,wind_speed_100m,2.02,14.1,False
2026-02-18T12:00:00Z,2026-02-20T10:00:00Z,turbine-2,0.01,Open-Meteo Single Runs API,ecmwf_ifs,2026-02-18T00:00:00Z,12,2026-02-18T12:00:00Z,2026-01-31T23:50:00Z,UTC,density_adjusted_power_curve_median_0.5ms,wind_speed_100m,1.21,13.9,False
2026-02-18T12:00:00Z,2026-02-20T11:00:00Z,turbine-2,0.01,Open-Meteo Single Runs API,ecmwf_ifs,2026-02-18T00:00:00Z,12,2026-02-18T12:00:00Z,2026-01-31T23:50:00Z,UTC,density_adjusted_power_curve_median_0.5ms,wind_speed_100m,1.57,13.1,False
2026-02-18T12:00:00Z,2026-02-20T12:00:00Z,turbine-2,0.20599017338430572,Open-Meteo Single Runs API,ecmwf_ifs,2026-02-18T00:00:00Z,12,2026-02-18T12:00:00Z,2026-01-31T23:50:00Z,UTC,density_adjusted_power_curve_median_0.5ms,wind_speed_100m,5.88,10.1,False
2026-02-19T12:00:00Z,2026-02-19T13:00:00Z,turbine-1,0.01,Open-Meteo Single Runs API,ecmwf_ifs,2026-02-19T00:00:00Z,12,2026-02-19T12:00:00Z,2026-01-31T23:50:00Z,UTC,density_adjusted_power_curve_median_0.5ms,wind_speed_100m,2.06,8.1,False
2026-02-19T12:00:00Z,2026-02-19T14:00:00Z,turbine-1,0.01,Open-Meteo Single Runs API,ecmwf_ifs,2026-02-19T00:00:00Z,12,2026-02-19T12:00:00Z,2026-01-31T23:50:00Z,UTC,density_adjusted_power_curve_median_0.5ms,wind_speed_100m,1.13,8.9,False
2026-02-19T12:00:00Z,2026-02-19T15:00:00Z,turbine-1,0.08163662028246807,Open-Meteo Single Runs API,ecmwf_ifs,2026-02-19T00:00:00Z,12,2026-02-19T12:00:00Z,2026-01-31T23:50:00Z,UTC,density_adjusted_power_curve_median_0.5ms,wind_speed_100m,4.25,8.9,False
2026-02-19T12:00:00Z,2026-02-19T16:00:00Z,turbine-1,0.29548689454589594,Open-Meteo Single Runs API,ecmwf_ifs,2026-02-19T00:00:00Z,12,2026-02-19T12:00:00Z,2026-01-31T23:50:00Z,UTC,density_adjusted_power_curve_median_0.5ms,wind_speed_100m,6.53,9.9,False
2026-02-19T12:00:00Z,2026-02-19T17:00:00Z,turbine-1,0.1170397392727252,Open-Meteo Single Runs API,ecmwf_ifs,2026-02-19T00:00:00Z,12,2026-02-19T12:00:00Z,2026-01-31T23:50:00Z,UTC,density_adjusted_power_curve_median_0.5ms,wind_speed_100m,4.81,8.6,False
2026-02-19T12:00:00Z,2026-02-19T18:00:00Z,turbine-1,0.11323371749831879,Open-Meteo Single Runs API,ecmwf_ifs,2026-02-19T00:00:00Z,12,2026-02-19T12:00:00Z,2026-01-31T23:50:00Z,UTC,density_adjusted_power_curve_median_0.5ms,wind_speed_100m,4.76,8.0,False
2026-02-19T12:00:00Z,2026-02-19T19:00:00Z,turbine-1,0.22349499752718677,Open-Meteo Single Runs API,ecmwf_ifs,2026-02-19T00:00:00Z,12,2026-02-19T12:00:00Z,2026-01-31T23:50:00Z,UTC,density_adjusted_power_curve_median_0.5ms,wind_speed_100m,5.94,8.5,False
2026-02-19T12:00:00Z,2026-02-19T20:00:00Z,turbine-1,0.31390713789219804,Open-Meteo Single Runs API,ecmwf_ifs,2026-02-19T00:00:00Z,12,2026-02-19T12:00:00Z,2026-01-31T23:50:00Z,UTC,density_adjusted_power_curve_median_0.5ms,wind_speed_100m,6.65,8.6,False
2026-02-19T12:00:00Z,2026-02-19T21:00:00Z,turbine-1,0.37456690783521246,Open-Meteo Single Runs API,ecmwf_ifs,2026-02-19T00:00:00Z,12,2026-02-19T12:00:00Z,2026-01-31T23:50:00Z,UTC,density_adjusted_power_curve_median_0.5ms,wind_speed_100m,7.03,8.3,False
2026-02-19T12:00:00Z,2026-02-19T22:00:00Z,turbine-1,0.3544539862486886,Open-Meteo Single Runs API,ecmwf_ifs,2026-02-19T00:00:00Z,12,2026-02-19T12:00:00Z,2026-01-31T23:50:00Z,UTC,density_adjusted_power_curve_median_0.5ms,wind_speed_100m,6.9,7.7,False
2026-02-19T12:00:00Z,2026-02-19T23:00:00Z,turbine-1,0.44018197503801787,Open-Meteo Single Runs API,ecmwf_ifs,2026-02-19T00:00:00Z,12,2026-02-19T12:00:00Z,2026-01-31T23:50:00Z,UTC,density_adjusted_power_curve_median_0.5ms,wind_speed_100m,7.42,6.9,False
2026-02-19T12:00:00Z,2026-02-20T00:00:00Z,turbine-1,0.49579756425297666,Open-Meteo Single Runs API,ecmwf_ifs,2026-02-19T00:00:00Z,12,2026-02-19T12:00:00Z,2026-01-31T23:50:00Z,UTC,density_adjusted_power_curve_median_0.5ms,wind_speed_100m,7.76,6.9,False
2026-02-19T12:00:00Z,2026-02-20T01:00:00Z,turbine-1,0.519867606496256,Open-Meteo Single Runs API,ecmwf_ifs,2026-02-19T00:00:00Z,12,2026-02-19T12:00:00Z,2026-01-31T23:50:00Z,UTC,density_adjusted_power_curve_median_0.5ms,wind_speed_100m,7.91,6.9,False
2026-02-19T12:00:00Z,2026-02-20T02:00:00Z,turbine-1,0.6120223410879438,Open-Meteo Single Runs API,ecmwf_ifs,2026-02-19T00:00:00Z,12,2026-02-19T12:00:00Z,2026-01-31T23:50:00Z,UTC,density_adjusted_power_curve_median_0.5ms,wind_speed_100m,8.49,7.2,False
2026-02-19T12:00:00Z,2026-02-20T03:00:00Z,turbine-1,0.510197201667192,Open-Meteo Single Runs API,ecmwf_ifs,2026-02-19T00:00:00Z,12,2026-02-19T12:00:00Z,2026-01-31T23:50:00Z,UTC,density_adjusted_power_curve_median_0.5ms,wind_speed_100m,7.86,8.0,False
2026-02-19T12:00:00Z,2026-02-20T04:00:00Z,turbine-1,0.26410780388023136,Open-Meteo Single Runs API,ecmwf_ifs,2026-02-19T00:00:00Z,12,2026-02-19T12:00:00Z,2026-01-31T23:50:00Z,UTC,density_adjusted_power_curve_median_0.5ms,wind_speed_100m,6.3,8.8,False
2026-02-19T12:00:00Z,2026-02-20T05:00:00Z,turbine-1,0.1731391040740216,Open-Meteo Single Runs API,ecmwf_ifs,2026-02-19T00:00:00Z,12,2026-02-19T12:00:00Z,2026-01-31T23:50:00Z,UTC,density_adjusted_power_curve_median_0.5ms,wind_speed_100m,5.45,9.5,False
2026-02-19T12:00:00Z,2026-02-20T06:00:00Z,turbine-1,0.14778225175447746,Open-Meteo Single Runs API,ecmwf_ifs,2026-02-19T00:00:00Z,12,2026-02-19T12:00:00Z,2026-01-31T23:50:00Z,UTC,density_adjusted_power_curve_median_0.5ms,wind_speed_100m,5.2,10.8,False
2026-02-19T12:00:00Z,2026-02-20T07:00:00Z,turbine-1,0.10317257841229723,Open-Meteo Single Runs API,ecmwf_ifs,2026-02-19T00:00:00Z,12,2026-02-19T12:00:00Z,2026-01-31T23:50:00Z,UTC,density_adjusted_power_curve_median_0.5ms,wind_speed_100m,4.63,12.4,False
2026-02-19T12:00:00Z,2026-02-20T08:00:00Z,turbine-1,0.07651230357999969,Open-Meteo Single Runs API,ecmwf_ifs,2026-02-19T00:00:00Z,12,2026-02-19T12:00:00Z,2026-01-31T23:50:00Z,UTC,density_adjusted_power_curve_median_0.5ms,wind_speed_100m,4.16,13.8,False
2026-02-19T12:00:00Z,2026-02-20T09:00:00Z,turbine-1,0.06669516001355186,Open-Meteo Single Runs API,ecmwf_ifs,2026-02-19T00:00:00Z,12,2026-02-19T12:00:00Z,2026-01-31T23:50:00Z,UTC,density_adjusted_power_curve_median_0.5ms,wind_speed_100m,3.92,14.8,False
2026-02-19T12:00:00Z,2026-02-20T10:00:00Z,turbine-1,0.028426081776555694,Open-Meteo Single Runs API,ecmwf_ifs,2026-02-19T00:00:00Z,12,2026-02-19T12:00:00Z,2026-01-31T23:50:00Z,UTC,density_adjusted_power_curve_median_0.5ms,wind_speed_100m,3.21,14.7,False
2026-02-19T12:00:00Z,2026-02-20T11:00:00Z,turbine-1,0.01,Open-Meteo Single Runs API,ecmwf_ifs,2026-02-19T00:00:00Z,12,2026-02-19T12:00:00Z,2026-01-31T23:50:00Z,UTC,density_adjusted_power_curve_median_0.5ms,wind_speed_100m,2.09,13.3,False
2026-02-19T12:00:00Z,2026-02-20T12:00:00Z,turbine-1,0.01,Open-Meteo Single Runs API,ecmwf_ifs,2026-02-19T00:00:00Z,12,2026-02-19T12:00:00Z,2026-01-31T23:50:00Z,UTC,density_adjusted_power_curve_median_0.5ms,wind_speed_100m,1.67,9.5,False
2026-02-19T12:00:00Z,2026-02-20T13:00:00Z,turbine-1,0.01,Open-Meteo Single Runs API,ecmwf_ifs,2026-02-19T00:00:00Z,12,2026-02-19T12:00:00Z,2026-01-31T23:50:00Z,UTC,density_adjusted_power_curve_median_0.5ms,wind_speed_100m,0.8,7.5,False
2026-02-19T12:00:00Z,2026-02-20T14:00:00Z,turbine-1,0.09193195576439152,Open-Meteo Single Runs API,ecmwf_ifs,2026-02-19T00:00:00Z,12,2026-02-19T12:00:00Z,2026-01-31T23:50:00Z,UTC,density_adjusted_power_curve_median_0.5ms,wind_speed_100m,4.41,6.5,False
2026-02-19T12:00:00Z,2026-02-20T15:00:00Z,turbine-1,0.3607406344200722,Open-Meteo Single Runs API,ecmwf_ifs,2026-02-19T00:00:00Z,12,2026-02-19T12:00:00Z,2026-01-31T23:50:00Z,UTC,density_adjusted_power_curve_median_0.5ms,wind_speed_100m,6.93,6.6,False
2026-02-19T12:00:00Z,2026-02-20T16:00:00Z,turbine-1,0.37215294653454695,Open-Meteo Single Runs API,ecmwf_ifs,2026-02-19T00:00:00Z,12,2026-02-19T12:00:00Z,2026-01-31T23:50:00Z,UTC,density_adjusted_power_curve_median_0.5ms,wind_speed_100m,7.0,6.5,False
2026-02-19T12:00:00Z,2026-02-20T17:00:00Z,turbine-1,0.47705243865136715,Open-Meteo Single Runs API,ecmwf_ifs,2026-02-19T00:00:00Z,12,2026-02-19T12:00:00Z,2026-01-31T23:50:00Z,UTC,density_adjusted_power_curve_median_0.5ms,wind_speed_100m,7.63,5.4,False
2026-02-19T12:00:00Z,2026-02-20T18:00:00Z,turbine-1,0.5783967658625829,Open-Meteo Single Runs API,ecmwf_ifs,2026-02-19T00:00:00Z,12,2026-02-19T12:00:00Z,2026-01-31T23:50:00Z,UTC,density_adjusted_power_curve_median_0.5ms,wind_speed_100m,8.25,4.3,False
2026-02-19T12:00:00Z,2026-02-20T19:00:00Z,turbine-1,0.5953237997448582,Open-Meteo Single Runs API,ecmwf_ifs,2026-02-19T00:00:00Z,12,2026-02-19T12:00:00Z,2026-01-31T23:50:00Z,UTC,density_adjusted_power_curve_median_0.5ms,wind_speed_100m,8.35,3.7,False
2026-02-19T12:00:00Z,2026-02-20T20:00:00Z,turbine-1,0.5123085898866523,Open-Meteo Single Runs API,ecmwf_ifs,2026-02-19T00:00:00Z,12,2026-02-19T12:00:00Z,2026-01-31T23:50:00Z,UTC,density_adjusted_power_curve_median_0.5ms,wind_speed_100m,7.83,3.4,False
2026-02-19T12:00:00Z,2026-02-20T21:00:00Z,turbine-1,0.44035426706057856,Open-Meteo Single Runs API,ecmwf_ifs,2026-02-19T00:00:00Z,12,2026-02-19T12:00:00Z,2026-01-31T23:50:00Z,UTC,density_adjusted_power_curve_median_0.5ms,wind_speed_100m,7.39,3.4,False
2026-02-19T12:00:00Z,2026-02-20T22:00:00Z,turbine-1,0.36840072456905404,Open-Meteo Single Runs API,ecmwf_ifs,2026-02-19T00:00:00Z,12,2026-02-19T12:00:00Z,2026-01-31T23:50:00Z,UTC,density_adjusted_power_curve_median_0.5ms,wind_speed_100m,6.95,3.3,False
2026-02-19T12:00:00Z,2026-02-20T23:00:00Z,turbine-1,0.24573458212972388,Open-Meteo Single Runs API,ecmwf_ifs,2026-02-19T00:00:00Z,12,2026-02-19T12:00:00Z,2026-01-31T23:50:00Z,UTC,density_adjusted_power_curve_median_0.5ms,wind_speed_100m,6.12,3.5,False
2026-02-19T12:00:00Z,2026-02-21T00:00:00Z,turbine-1,0.12364174712415661,Open-Meteo Single Runs API,ecmwf_ifs,2026-02-19T00:00:00Z,12,2026-02-19T12:00:00Z,2026-01-31T23:50:00Z,UTC,density_adjusted_power_curve_median_0.5ms,wind_speed_100m,4.86,3.3,False
2026-02-19T12:00:00Z,2026-02-21T01:00:00Z,turbine-1,0.07167091904697778,Open-Meteo Single Runs API,ecmwf_ifs,2026-02-19T00:00:00Z,12,2026-02-19T12:00:00Z,2026-01-31T23:50:00Z,UTC,density_adjusted_power_curve_median_0.5ms,wind_speed_100m,3.99,3.4,False
2026-02-19T12:00:00Z,2026-02-21T02:00:00Z,turbine-1,0.10679242865764726,Open-Meteo Single Runs API,ecmwf_ifs,2026-02-19T00:00:00Z,12,2026-02-19T12:00:00Z,2026-01-31T23:50:00Z,UTC,density_adjusted_power_curve_median_0.5ms,wind_speed_100m,4.64,3.2,False
2026-02-19T12:00:00Z,2026-02-21T03:00:00Z,turbine-1,0.19657484046709456,Open-Meteo Single Runs API,ecmwf_ifs,2026-02-19T00:00:00Z,12,2026-02-19T12:00:00Z,2026-01-31T23:50:00Z,UTC,density_adjusted_power_curve_median_0.5ms,wind_speed_100m,5.65,4.5,False
2026-02-19T12:00:00Z,2026-02-21T04:00:00Z,turbine-1,0.1129241422253925,Open-Meteo Single Runs API,ecmwf_ifs,2026-02-19T00:00:00Z,12,2026-02-19T12:00:00Z,2026-01-31T23:50:00Z,UTC,density_adjusted_power_curve_median_0.5ms,wind_speed_100m,4.75,6.9,False
2026-02-19T12:00:00Z,2026-02-21T05:00:00Z,turbine-1,0.01,Open-Meteo Single Runs API,ecmwf_ifs,2026-02-19T00:00:00Z,12,2026-02-19T12:00:00Z,2026-01-31T23:50:00Z,UTC,density_adjusted_power_curve_median_0.5ms,wind_speed_100m,2.42,9.1,False
2026-02-19T12:00:00Z,2026-02-21T06:00:00Z,turbine-1,0.6626855012500316,Open-Meteo Single Runs API,ecmwf_ifs,2026-02-19T00:00:00Z,12,2026-02-19T12:00:00Z,2026-01-31T23:50:00Z,UTC,density_adjusted_power_curve_median_0.5ms,wind_speed_100m,8.85,9.5,False
2026-02-19T12:00:00Z,2026-02-21T07:00:00Z,turbine-1,0.99,Open-Meteo Single Runs API,ecmwf_ifs,2026-02-19T00:00:00Z,12,2026-02-19T12:00:00Z,2026-01-31T23:50:00Z,UTC,density_adjusted_power_curve_median_0.5ms,wind_speed_100m,15.05,10.8,False
2026-02-19T12:00:00Z,2026-02-21T08:00:00Z,turbine-1,0.99,Open-Meteo Single Runs API,ecmwf_ifs,2026-02-19T00:00:00Z,12,2026-02-19T12:00:00Z,2026-01-31T23:50:00Z,UTC,density_adjusted_power_curve_median_0.5ms,wind_speed_100m,12.78,9.3,False
2026-02-19T12:00:00Z,2026-02-21T09:00:00Z,turbine-1,0.9741670595452993,Open-Meteo Single Runs API,ecmwf_ifs,2026-02-19T00:00:00Z,12,2026-02-19T12:00:00Z,2026-01-31T23:50:00Z,UTC,density_adjusted_power_curve_median_0.5ms,wind_speed_100m,11.28,9.6,False
2026-02-19T12:00:00Z,2026-02-21T10:00:00Z,turbine-1,0.588662468859168,Open-Meteo Single Runs API,ecmwf_ifs,2026-02-19T00:00:00Z,12,2026-02-19T12:00:00Z,2026-01-31T23:50:00Z,UTC,density_adjusted_power_curve_median_0.5ms,wind_speed_100m,8.36,8.9,False
2026-02-19T12:00:00Z,2026-02-21T11:00:00Z,turbine-1,0.2304580542468599,Open-Meteo Single Runs API,ecmwf_ifs,2026-02-19T00:00:00Z,12,2026-02-19T12:00:00Z,2026-01-31T23:50:00Z,UTC,density_adjusted_power_curve_median_0.5ms,wind_speed_100m,6.0,7.4,False
2026-02-19T12:00:00Z,2026-02-21T12:00:00Z,turbine-1,0.20642381146604952,Open-Meteo Single Runs API,ecmwf_ifs,2026-02-19T00:00:00Z,12,2026-02-19T12:00:00Z,2026-01-31T23:50:00Z,UTC,density_adjusted_power_curve_median_0.5ms,wind_speed_100m,5.76,6.5,False
2026-02-19T12:00:00Z,2026-02-19T13:00:00Z,turbine-2,0.01,Open-Meteo Single Runs API,ecmwf_ifs,2026-02-19T00:00:00Z,12,2026-02-19T12:00:00Z,2026-01-31T23:50:00Z,UTC,density_adjusted_power_curve_median_0.5ms,wind_speed_100m,2.06,8.1,False
2026-02-19T12:00:00Z,2026-02-19T14:00:00Z,turbine-2,0.01,Open-Meteo Single Runs API,ecmwf_ifs,2026-02-19T00:00:00Z,12,2026-02-19T12:00:00Z,2026-01-31T23:50:00Z,UTC,density_adjusted_power_curve_median_0.5ms,wind_speed_100m,1.13,8.9,False
2026-02-19T12:00:00Z,2026-02-19T15:00:00Z,turbine-2,0.08149911831136156,Open-Meteo Single Runs API,ecmwf_ifs,2026-02-19T00:00:00Z,12,2026-02-19T12:00:00Z,2026-01-31T23:50:00Z,UTC,density_adjusted_power_curve_median_0.5ms,wind_speed_100m,4.25,8.9,False
2026-02-19T12:00:00Z,2026-02-19T16:00:00Z,turbine-2,0.28510348089169923,Open-Meteo Single Runs API,ecmwf_ifs,2026-02-19T00:00:00Z,12,2026-02-19T12:00:00Z,2026-01-31T23:50:00Z,UTC,density_adjusted_power_curve_median_0.5ms,wind_speed_100m,6.53,9.9,False
2026-02-19T12:00:00Z,2026-02-19T17:00:00Z,turbine-2,0.1154843854472065,Open-Meteo Single Runs API,ecmwf_ifs,2026-02-19T00:00:00Z,12,2026-02-19T12:00:00Z,2026-01-31T23:50:00Z,UTC,density_adjusted_power_curve_median_0.5ms,wind_speed_100m,4.81,8.6,False
2026-02-19T12:00:00Z,2026-02-19T18:00:00Z,turbine-2,0.11264106559555007,Open-Meteo Single Runs API,ecmwf_ifs,2026-02-19T00:00:00Z,12,2026-02-19T12:00:00Z,2026-01-31T23:50:00Z,UTC,density_adjusted_power_curve_median_0.5ms,wind_speed_100m,4.76,8.0,False
2026-02-19T12:00:00Z,2026-02-19T19:00:00Z,turbine-2,0.21325340416677896,Open-Meteo Single Runs API,ecmwf_ifs,2026-02-19T00:00:00Z,12,2026-02-19T12:00:00Z,2026-01-31T23:50:00Z,UTC,density_adjusted_power_curve_median_0.5ms,wind_speed_100m,5.94,8.5,False
2026-02-19T12:00:00Z,2026-02-19T20:00:00Z,turbine-2,0.3035752303320016,Open-Meteo Single Runs API,ecmwf_ifs,2026-02-19T00:00:00Z,12,2026-02-19T12:00:00Z,2026-01-31T23:50:00Z,UTC,density_adjusted_power_curve_median_0.5ms,wind_speed_100m,6.65,8.6,False
2026-02-19T12:00:00Z,2026-02-19T21:00:00Z,turbine-2,0.3647490248331359,Open-Meteo Single Runs API,ecmwf_ifs,2026-02-19T00:00:00Z,12,2026-02-19T12:00:00Z,2026-01-31T23:50:00Z,UTC,density_adjusted_power_curve_median_0.5ms,wind_speed_100m,7.03,8.3,False
2026-02-19T12:00:00Z,2026-02-19T22:00:00Z,turbine-2,0.34443637582402353,Open-Meteo Single Runs API,ecmwf_ifs,2026-02-19T00:00:00Z,12,2026-02-19T12:00:00Z,2026-01-31T23:50:00Z,UTC,density_adjusted_power_curve_median_0.5ms,wind_speed_100m,6.9,7.7,False
2026-02-19T12:00:00Z,2026-02-19T23:00:00Z,turbine-2,0.4302802436249595,Open-Meteo Single Runs API,ecmwf_ifs,2026-02-19T00:00:00Z,12,2026-02-19T12:00:00Z,2026-01-31T23:50:00Z,UTC,density_adjusted_power_curve_median_0.5ms,wind_speed_100m,7.42,6.9,False
2026-02-19T12:00:00Z,2026-02-20T00:00:00Z,turbine-2,0.48564625551891244,Open-Meteo Single Runs API,ecmwf_ifs,2026-02-19T00:00:00Z,12,2026-02-19T12:00:00Z,2026-01-31T23:50:00Z,UTC,density_adjusted_power_curve_median_0.5ms,wind_speed_100m,7.76,6.9,False
2026-02-19T12:00:00Z,2026-02-20T01:00:00Z,turbine-2,0.5098424318383958,Open-Meteo Single Runs API,ecmwf_ifs,2026-02-19T00:00:00Z,12,2026-02-19T12:00:00Z,2026-01-31T23:50:00Z,UTC,density_adjusted_power_curve_median_0.5ms,wind_speed_100m,7.91,6.9,False
2026-02-19T12:00:00Z,2026-02-20T02:00:00Z,turbine-2,0.5961189114022707,Open-Meteo Single Runs API,ecmwf_ifs,2026-02-19T00:00:00Z,12,2026-02-19T12:00:00Z,2026-01-31T23:50:00Z,UTC,density_adjusted_power_curve_median_0.5ms,wind_speed_100m,8.49,7.2,False
2026-02-19T12:00:00Z,2026-02-20T03:00:00Z,turbine-2,0.5001213512536641,Open-Meteo Single Runs API,ecmwf_ifs,2026-02-19T00:00:00Z,12,2026-02-19T12:00:00Z,2026-01-31T23:50:00Z,UTC,density_adjusted_power_curve_median_0.5ms,wind_speed_100m,7.86,8.0,False
2026-02-19T12:00:00Z,2026-02-20T04:00:00Z,turbine-2,0.25363664901854427,Open-Meteo Single Runs API,ecmwf_ifs,2026-02-19T00:00:00Z,12,2026-02-19T12:00:00Z,2026-01-31T23:50:00Z,UTC,density_adjusted_power_curve_median_0.5ms,wind_speed_100m,6.3,8.8,False
2026-02-19T12:00:00Z,2026-02-20T05:00:00Z,turbine-2,0.16317477405479575,Open-Meteo Single Runs API,ecmwf_ifs,2026-02-19T00:00:00Z,12,2026-02-19T12:00:00Z,2026-01-31T23:50:00Z,UTC,density_adjusted_power_curve_median_0.5ms,wind_speed_100m,5.45,9.5,False
2026-02-19T12:00:00Z,2026-02-20T06:00:00Z,turbine-2,0.13845083209681733,Open-Meteo Single Runs API,ecmwf_ifs,2026-02-19T00:00:00Z,12,2026-02-19T12:00:00Z,2026-01-31T23:50:00Z,UTC,density_adjusted_power_curve_median_0.5ms,wind_speed_100m,5.2,10.8,False
2026-02-19T12:00:00Z,2026-02-20T07:00:00Z,turbine-2,0.10330897386949106,Open-Meteo Single Runs API,ecmwf_ifs,2026-02-19T00:00:00Z,12,2026-02-19T12:00:00Z,2026-01-31T23:50:00Z,UTC,density_adjusted_power_curve_median_0.5ms,wind_speed_100m,4.63,12.4,False
2026-02-19T12:00:00Z,2026-02-20T08:00:00Z,turbine-2,0.07472837492614107,Open-Meteo Single Runs API,ecmwf_ifs,2026-02-19T00:00:00Z,12,2026-02-19T12:00:00Z,2026-01-31T23:50:00Z,UTC,density_adjusted_power_curve_median_0.5ms,wind_speed_100m,4.16,13.8,False
2026-02-19T12:00:00Z,2026-02-20T09:00:00Z,turbine-2,0.06032674337990228,Open-Meteo Single Runs API,ecmwf_ifs,2026-02-19T00:00:00Z,12,2026-02-19T12:00:00Z,2026-01-31T23:50:00Z,UTC,density_adjusted_power_curve_median_0.5ms,wind_speed_100m,3.92,14.8,False
2026-02-19T12:00:00Z,2026-02-20T10:00:00Z,turbine-2,0.028487799513036073,Open-Meteo Single Runs API,ecmwf_ifs,2026-02-19T00:00:00Z,12,2026-02-19T12:00:00Z,2026-01-31T23:50:00Z,UTC,density_adjusted_power_curve_median_0.5ms,wind_speed_100m,3.21,14.7,False
2026-02-19T12:00:00Z,2026-02-20T11:00:00Z,turbine-2,0.01,Open-Meteo Single Runs API,ecmwf_ifs,2026-02-19T00:00:00Z,12,2026-02-19T12:00:00Z,2026-01-31T23:50:00Z,UTC,density_adjusted_power_curve_median_0.5ms,wind_speed_100m,2.09,13.3,False
2026-02-19T12:00:00Z,2026-02-20T12:00:00Z,turbine-2,0.01,Open-Meteo Single Runs API,ecmwf_ifs,2026-02-19T00:00:00Z,12,2026-02-19T12:00:00Z,2026-01-31T23:50:00Z,UTC,density_adjusted_power_curve_median_0.5ms,wind_speed_100m,1.67,9.5,False
2026-02-19T12:00:00Z,2026-02-20T13:00:00Z,turbine-2,0.01,Open-Meteo Single Runs API,ecmwf_ifs,2026-02-19T00:00:00Z,12,2026-02-19T12:00:00Z,2026-01-31T23:50:00Z,UTC,density_adjusted_power_curve_median_0.5ms,wind_speed_100m,0.8,7.5,False
2026-02-19T12:00:00Z,2026-02-20T14:00:00Z,turbine-2,0.09192539135803084,Open-Meteo Single Runs API,ecmwf_ifs,2026-02-19T00:00:00Z,12,2026-02-19T12:00:00Z,2026-01-31T23:50:00Z,UTC,density_adjusted_power_curve_median_0.5ms,wind_speed_100m,4.41,6.5,False
2026-02-19T12:00:00Z,2026-02-20T15:00:00Z,turbine-2,0.35078545232192293,Open-Meteo Single Runs API,ecmwf_ifs,2026-02-19T00:00:00Z,12,2026-02-19T12:00:00Z,2026-01-31T23:50:00Z,UTC,density_adjusted_power_curve_median_0.5ms,wind_speed_100m,6.93,6.6,False
2026-02-19T12:00:00Z,2026-02-20T16:00:00Z,turbine-2,0.36231109216328183,Open-Meteo Single Runs API,ecmwf_ifs,2026-02-19T00:00:00Z,12,2026-02-19T12:00:00Z,2026-01-31T23:50:00Z,UTC,density_adjusted_power_curve_median_0.5ms,wind_speed_100m,7.0,6.5,False
2026-02-19T12:00:00Z,2026-02-20T17:00:00Z,turbine-2,0.46684006636046965,Open-Meteo Single Runs API,ecmwf_ifs,2026-02-19T00:00:00Z,12,2026-02-19T12:00:00Z,2026-01-31T23:50:00Z,UTC,density_adjusted_power_curve_median_0.5ms,wind_speed_100m,7.63,5.4,False
2026-02-19T12:00:00Z,2026-02-20T18:00:00Z,turbine-2,0.5664134232595808,Open-Meteo Single Runs API,ecmwf_ifs,2026-02-19T00:00:00Z,12,2026-02-19T12:00:00Z,2026-01-31T23:50:00Z,UTC,density_adjusted_power_curve_median_0.5ms,wind_speed_100m,8.25,4.3,False
2026-02-19T12:00:00Z,2026-02-20T19:00:00Z,turbine-2,0.5813670947108752,Open-Meteo Single Runs API,ecmwf_ifs,2026-02-19T00:00:00Z,12,2026-02-19T12:00:00Z,2026-01-31T23:50:00Z,UTC,density_adjusted_power_curve_median_0.5ms,wind_speed_100m,8.35,3.7,False
2026-02-19T12:00:00Z,2026-02-20T20:00:00Z,turbine-2,0.5022438037662352,Open-Meteo Single Runs API,ecmwf_ifs,2026-02-19T00:00:00Z,12,2026-02-19T12:00:00Z,2026-01-31T23:50:00Z,UTC,density_adjusted_power_curve_median_0.5ms,wind_speed_100m,7.83,3.4,False
2026-02-19T12:00:00Z,2026-02-20T21:00:00Z,turbine-2,0.4304510840534829,Open-Meteo Single Runs API,ecmwf_ifs,2026-02-19T00:00:00Z,12,2026-02-19T12:00:00Z,2026-01-31T23:50:00Z,UTC,density_adjusted_power_curve_median_0.5ms,wind_speed_100m,7.39,3.4,False
2026-02-19T12:00:00Z,2026-02-20T22:00:00Z,turbine-2,0.3585216094935733,Open-Meteo Single Runs API,ecmwf_ifs,2026-02-19T00:00:00Z,12,2026-02-19T12:00:00Z,2026-01-31T23:50:00Z,UTC,density_adjusted_power_curve_median_0.5ms,wind_speed_100m,6.95,3.3,False
2026-02-19T12:00:00Z,2026-02-20T23:00:00Z,turbine-2,0.23538765799936662,Open-Meteo Single Runs API,ecmwf_ifs,2026-02-19T00:00:00Z,12,2026-02-19T12:00:00Z,2026-01-31T23:50:00Z,UTC,density_adjusted_power_curve_median_0.5ms,wind_speed_100m,6.12,3.5,False
2026-02-19T12:00:00Z,2026-02-21T00:00:00Z,turbine-2,0.12041646968040673,Open-Meteo Single Runs API,ecmwf_ifs,2026-02-19T00:00:00Z,12,2026-02-19T12:00:00Z,2026-01-31T23:50:00Z,UTC,density_adjusted_power_curve_median_0.5ms,wind_speed_100m,4.86,3.3,False
2026-02-19T12:00:00Z,2026-02-21T01:00:00Z,turbine-2,0.0676261220410415,Open-Meteo Single Runs API,ecmwf_ifs,2026-02-19T00:00:00Z,12,2026-02-19T12:00:00Z,2026-01-31T23:50:00Z,UTC,density_adjusted_power_curve_median_0.5ms,wind_speed_100m,3.99,3.4,False
2026-02-19T12:00:00Z,2026-02-21T02:00:00Z,turbine-2,0.10697486189347424,Open-Meteo Single Runs API,ecmwf_ifs,2026-02-19T00:00:00Z,12,2026-02-19T12:00:00Z,2026-01-31T23:50:00Z,UTC,density_adjusted_power_curve_median_0.5ms,wind_speed_100m,4.64,3.2,False
2026-02-19T12:00:00Z,2026-02-21T03:00:00Z,turbine-2,0.18646833959815323,Open-Meteo Single Runs API,ecmwf_ifs,2026-02-19T00:00:00Z,12,2026-02-19T12:00:00Z,2026-01-31T23:50:00Z,UTC,density_adjusted_power_curve_median_0.5ms,wind_speed_100m,5.65,4.5,False
2026-02-19T12:00:00Z,2026-02-21T04:00:00Z,turbine-2,0.11240979484323534,Open-Meteo Single Runs API,ecmwf_ifs,2026-02-19T00:00:00Z,12,2026-02-19T12:00:00Z,2026-01-31T23:50:00Z,UTC,density_adjusted_power_curve_median_0.5ms,wind_speed_100m,4.75,6.9,False
2026-02-19T12:00:00Z,2026-02-21T05:00:00Z,turbine-2,0.01,Open-Meteo Single Runs API,ecmwf_ifs,2026-02-19T00:00:00Z,12,2026-02-19T12:00:00Z,2026-01-31T23:50:00Z,UTC,density_adjusted_power_curve_median_0.5ms,wind_speed_100m,2.42,9.1,False
2026-02-19T12:00:00Z,2026-02-21T06:00:00Z,turbine-2,0.6464028519228522,Open-Meteo Single Runs API,ecmwf_ifs,2026-02-19T00:00:00Z,12,2026-02-19T12:00:00Z,2026-01-31T23:50:00Z,UTC,density_adjusted_power_curve_median_0.5ms,wind_speed_100m,8.85,9.5,False
2026-02-19T12:00:00Z,2026-02-21T07:00:00Z,turbine-2,0.97,Open-Meteo Single Runs API,ecmwf_ifs,2026-02-19T00:00:00Z,12,2026-02-19T12:00:00Z,2026-01-31T23:50:00Z,UTC,density_adjusted_power_curve_median_0.5ms,wind_speed_100m,15.05,10.8,False
2026-02-19T12:00:00Z,2026-02-21T08:00:00Z,turbine-2,0.97,Open-Meteo Single Runs API,ecmwf_ifs,2026-02-19T00:00:00Z,12,2026-02-19T12:00:00Z,2026-01-31T23:50:00Z,UTC,density_adjusted_power_curve_median_0.5ms,wind_speed_100m,12.78,9.3,False
2026-02-19T12:00:00Z,2026-02-21T09:00:00Z,turbine-2,0.9620862873189762,Open-Meteo Single Runs API,ecmwf_ifs,2026-02-19T00:00:00Z,12,2026-02-19T12:00:00Z,2026-01-31T23:50:00Z,UTC,density_adjusted_power_curve_median_0.5ms,wind_speed_100m,11.28,9.6,False
2026-02-19T12:00:00Z,2026-02-21T10:00:00Z,turbine-2,0.5754823452511795,Open-Meteo Single Runs API,ecmwf_ifs,2026-02-19T00:00:00Z,12,2026-02-19T12:00:00Z,2026-01-31T23:50:00Z,UTC,density_adjusted_power_curve_median_0.5ms,wind_speed_100m,8.36,8.9,False
2026-02-19T12:00:00Z,2026-02-21T11:00:00Z,turbine-2,0.22018348256700088,Open-Meteo Single Runs API,ecmwf_ifs,2026-02-19T00:00:00Z,12,2026-02-19T12:00:00Z,2026-01-31T23:50:00Z,UTC,density_adjusted_power_curve_median_0.5ms,wind_speed_100m,6.0,7.4,False
2026-02-19T12:00:00Z,2026-02-21T12:00:00Z,turbine-2,0.19626307038790802,Open-Meteo Single Runs API,ecmwf_ifs,2026-02-19T00:00:00Z,12,2026-02-19T12:00:00Z,2026-01-31T23:50:00Z,UTC,density_adjusted_power_curve_median_0.5ms,wind_speed_100m,5.76,6.5,False
2026-02-20T12:00:00Z,2026-02-20T13:00:00Z,turbine-1,0.01,Open-Meteo Single Runs API,ecmwf_ifs,2026-02-20T00:00:00Z,12,2026-02-20T12:00:00Z,2026-01-31T23:50:00Z,UTC,density_adjusted_power_curve_median_0.5ms,wind_speed_100m,0.83,7.7,False
2026-02-20T12:00:00Z,2026-02-20T14:00:00Z,turbine-1,0.018507592761267594,Open-Meteo Single Runs API,ecmwf_ifs,2026-02-20T00:00:00Z,12,2026-02-20T12:00:00Z,2026-01-31T23:50:00Z,UTC,density_adjusted_power_curve_median_0.5ms,wind_speed_100m,2.93,6.7,False
2026-02-20T12:00:00Z,2026-02-20T15:00:00Z,turbine-1,0.25376450048131544,Open-Meteo Single Runs API,ecmwf_ifs,2026-02-20T00:00:00Z,12,2026-02-20T12:00:00Z,2026-01-31T23:50:00Z,UTC,density_adjusted_power_curve_median_0.5ms,wind_speed_100m,6.21,6.5,False
2026-02-20T12:00:00Z,2026-02-20T16:00:00Z,turbine-1,0.38772120950511235,Open-Meteo Single Runs API,ecmwf_ifs,2026-02-20T00:00:00Z,12,2026-02-20T12:00:00Z,2026-01-31T23:50:00Z,UTC,density_adjusted_power_curve_median_0.5ms,wind_speed_100m,7.1,6.9,False
2026-02-20T12:00:00Z,2026-02-20T17:00:00Z,turbine-1,0.40920343797407865,Open-Meteo Single Runs API,ecmwf_ifs,2026-02-20T00:00:00Z,12,2026-02-20T12:00:00Z,2026-01-31T23:50:00Z,UTC,density_adjusted_power_curve_median_0.5ms,wind_speed_100m,7.22,5.5,False
2026-02-20T12:00:00Z,2026-02-20T18:00:00Z,turbine-1,0.544435004271913,Open-Meteo Single Runs API,ecmwf_ifs,2026-02-20T00:00:00Z,12,2026-02-20T12:00:00Z,2026-01-31T23:50:00Z,UTC,density_adjusted_power_curve_median_0.5ms,wind_speed_100m,8.04,4.5,False
2026-02-20T12:00:00Z,2026-02-20T19:00:00Z,turbine-1,0.5870165210279216,Open-Meteo Single Runs API,ecmwf_ifs,2026-02-20T00:00:00Z,12,2026-02-20T12:00:00Z,2026-01-31T23:50:00Z,UTC,density_adjusted_power_curve_median_0.5ms,wind_speed_100m,8.3,3.9,False
2026-02-20T12:00:00Z,2026-02-20T20:00:00Z,turbine-1,0.58062756375542,Open-Meteo Single Runs API,ecmwf_ifs,2026-02-20T00:00:00Z,12,2026-02-20T12:00:00Z,2026-01-31T23:50:00Z,UTC,density_adjusted_power_curve_median_0.5ms,wind_speed_100m,8.26,3.9,False
2026-02-20T12:00:00Z,2026-02-20T21:00:00Z,turbine-1,0.4707489506144862,Open-Meteo Single Runs API,ecmwf_ifs,2026-02-20T00:00:00Z,12,2026-02-20T12:00:00Z,2026-01-31T23:50:00Z,UTC,density_adjusted_power_curve_median_0.5ms,wind_speed_100m,7.58,4.1,False
2026-02-20T12:00:00Z,2026-02-20T22:00:00Z,turbine-1,0.40818527561917234,Open-Meteo Single Runs API,ecmwf_ifs,2026-02-20T00:00:00Z,12,2026-02-20T12:00:00Z,2026-01-31T23:50:00Z,UTC,density_adjusted_power_curve_median_0.5ms,wind_speed_100m,7.2,3.9,False
2026-02-20T12:00:00Z,2026-02-20T23:00:00Z,turbine-1,0.33849439171358114,Open-Meteo Single Runs API,ecmwf_ifs,2026-02-20T00:00:00Z,12,2026-02-20T12:00:00Z,2026-01-31T23:50:00Z,UTC,density_adjusted_power_curve_median_0.5ms,wind_speed_100m,6.77,3.9,False
2026-02-20T12:00:00Z,2026-02-21T00:00:00Z,turbine-1,0.21350510275361886,Open-Meteo Single Runs API,ecmwf_ifs,2026-02-20T00:00:00Z,12,2026-02-20T12:00:00Z,2026-01-31T23:50:00Z,UTC,density_adjusted_power_curve_median_0.5ms,wind_speed_100m,5.81,3.8,False
2026-02-20T12:00:00Z,2026-02-21T01:00:00Z,turbine-1,0.13026383315165752,Open-Meteo Single Runs API,ecmwf_ifs,2026-02-20T00:00:00Z,12,2026-02-20T12:00:00Z,2026-01-31T23:50:00Z,UTC,density_adjusted_power_curve_median_0.5ms,wind_speed_100m,4.94,3.2,False
2026-02-20T12:00:00Z,2026-02-21T02:00:00Z,turbine-1,0.10555770877859658,Open-Meteo Single Runs API,ecmwf_ifs,2026-02-20T00:00:00Z,12,2026-02-20T12:00:00Z,2026-01-31T23:50:00Z,UTC,density_adjusted_power_curve_median_0.5ms,wind_speed_100m,4.62,3.3,False
2026-02-20T12:00:00Z,2026-02-21T03:00:00Z,turbine-1,0.09849591438564624,Open-Meteo Single Runs API,ecmwf_ifs,2026-02-20T00:00:00Z,12,2026-02-20T12:00:00Z,2026-01-31T23:50:00Z,UTC,density_adjusted_power_curve_median_0.5ms,wind_speed_100m,4.51,4.7,False
2026-02-20T12:00:00Z,2026-02-21T04:00:00Z,turbine-1,0.01,Open-Meteo Single Runs API,ecmwf_ifs,2026-02-20T00:00:00Z,12,2026-02-20T12:00:00Z,2026-01-31T23:50:00Z,UTC,density_adjusted_power_curve_median_0.5ms,wind_speed_100m,0.76,5.7,False
2026-02-20T12:00:00Z,2026-02-21T05:00:00Z,turbine-1,0.20522767679678983,Open-Meteo Single Runs API,ecmwf_ifs,2026-02-20T00:00:00Z,12,2026-02-20T12:00:00Z,2026-01-31T23:50:00Z,UTC,density_adjusted_power_curve_median_0.5ms,wind_speed_100m,5.76,8.2,False
2026-02-20T12:00:00Z,2026-02-21T06:00:00Z,turbine-1,0.99,Open-Meteo Single Runs API,ecmwf_ifs,2026-02-20T00:00:00Z,12,2026-02-20T12:00:00Z,2026-01-31T23:50:00Z,UTC,density_adjusted_power_curve_median_0.5ms,wind_speed_100m,13.6,7.6,False
2026-02-20T12:00:00Z,2026-02-21T07:00:00Z,turbine-1,0.99,Open-Meteo Single Runs API,ecmwf_ifs,2026-02-20T00:00:00Z,12,2026-02-20T12:00:00Z,2026-01-31T23:50:00Z,UTC,density_adjusted_power_curve_median_0.5ms,wind_speed_100m,12.67,8.2,False
2026-02-20T12:00:00Z,2026-02-21T08:00:00Z,turbine-1,0.99,Open-Meteo Single Runs API,ecmwf_ifs,2026-02-20T00:00:00Z,12,2026-02-20T12:00:00Z,2026-01-31T23:50:00Z,UTC,density_adjusted_power_curve_median_0.5ms,wind_speed_100m,12.84,7.5,False
2026-02-20T12:00:00Z,2026-02-21T09:00:00Z,turbine-1,0.9020938060801359,Open-Meteo Single Runs API,ecmwf_ifs,2026-02-20T00:00:00Z,12,2026-02-20T12:00:00Z,2026-01-31T23:50:00Z,UTC,density_adjusted_power_curve_median_0.5ms,wind_speed_100m,10.47,8.1,False
2026-02-20T12:00:00Z,2026-02-21T10:00:00Z,turbine-1,0.8456889627262419,Open-Meteo Single Runs API,ecmwf_ifs,2026-02-20T00:00:00Z,12,2026-02-20T12:00:00Z,2026-01-31T23:50:00Z,UTC,density_adjusted_power_curve_median_0.5ms,wind_speed_100m,10.06,7.4,False
2026-02-20T12:00:00Z,2026-02-21T11:00:00Z,turbine-1,0.6526629361152734,Open-Meteo Single Runs API,ecmwf_ifs,2026-02-20T00:00:00Z,12,2026-02-20T12:00:00Z,2026-01-31T23:50:00Z,UTC,density_adjusted_power_curve_median_0.5ms,wind_speed_100m,8.75,6.7,False
2026-02-20T12:00:00Z,2026-02-21T12:00:00Z,turbine-1,0.5997723574774452,Open-Meteo Single Runs API,ecmwf_ifs,2026-02-20T00:00:00Z,12,2026-02-20T12:00:00Z,2026-01-31T23:50:00Z,UTC,density_adjusted_power_curve_median_0.5ms,wind_speed_100m,8.41,6.9,False
2026-02-20T12:00:00Z,2026-02-21T13:00:00Z,turbine-1,0.28151077467835917,Open-Meteo Single Runs API,ecmwf_ifs,2026-02-20T00:00:00Z,12,2026-02-20T12:00:00Z,2026-01-31T23:50:00Z,UTC,density_adjusted_power_curve_median_0.5ms,wind_speed_100m,6.4,5.8,False
2026-02-20T12:00:00Z,2026-02-21T14:00:00Z,turbine-1,0.2561346259449242,Open-Meteo Single Runs API,ecmwf_ifs,2026-02-20T00:00:00Z,12,2026-02-20T12:00:00Z,2026-01-31T23:50:00Z,UTC,density_adjusted_power_curve_median_0.5ms,wind_speed_100m,6.22,5.6,False
2026-02-20T12:00:00Z,2026-02-21T15:00:00Z,turbine-1,0.136044699723683,Open-Meteo Single Runs API,ecmwf_ifs,2026-02-20T00:00:00Z,12,2026-02-20T12:00:00Z,2026-01-31T23:50:00Z,UTC,density_adjusted_power_curve_median_0.5ms,wind_speed_100m,5.02,4.8,False
2026-02-20T12:00:00Z,2026-02-21T16:00:00Z,turbine-1,0.157924139078886,Open-Meteo Single Runs API,ecmwf_ifs,2026-02-20T00:00:00Z,12,2026-02-20T12:00:00Z,2026-01-31T23:50:00Z,UTC,density_adjusted_power_curve_median_0.5ms,wind_speed_100m,5.27,5.0,False
2026-02-20T12:00:00Z,2026-02-21T17:00:00Z,turbine-1,0.16322213468186667,Open-Meteo Single Runs API,ecmwf_ifs,2026-02-20T00:00:00Z,12,2026-02-20T12:00:00Z,2026-01-31T23:50:00Z,UTC,density_adjusted_power_curve_median_0.5ms,wind_speed_100m,5.32,4.6,False
2026-02-20T12:00:00Z,2026-02-21T18:00:00Z,turbine-1,0.38010952720916624,Open-Meteo Single Runs API,ecmwf_ifs,2026-02-20T00:00:00Z,12,2026-02-20T12:00:00Z,2026-01-31T23:50:00Z,UTC,density_adjusted_power_curve_median_0.5ms,wind_speed_100m,7.03,4.2,False
2026-02-20T12:00:00Z,2026-02-21T19:00:00Z,turbine-1,0.46879697196353043,Open-Meteo Single Runs API,ecmwf_ifs,2026-02-20T00:00:00Z,12,2026-02-20T12:00:00Z,2026-01-31T23:50:00Z,UTC,density_adjusted_power_curve_median_0.5ms,wind_speed_100m,7.56,3.2,False
2026-02-20T12:00:00Z,2026-02-21T20:00:00Z,turbine-1,0.44061916959527364,Open-Meteo Single Runs API,ecmwf_ifs,2026-02-20T00:00:00Z,12,2026-02-20T12:00:00Z,2026-01-31T23:50:00Z,UTC,density_adjusted_power_curve_median_0.5ms,wind_speed_100m,7.38,2.1,False
2026-02-20T12:00:00Z,2026-02-21T21:00:00Z,turbine-1,0.29096734651755257,Open-Meteo Single Runs API,ecmwf_ifs,2026-02-20T00:00:00Z,12,2026-02-20T12:00:00Z,2026-01-31T23:50:00Z,UTC,density_adjusted_power_curve_median_0.5ms,wind_speed_100m,6.43,1.1,False
2026-02-20T12:00:00Z,2026-02-21T22:00:00Z,turbine-1,0.11301169529890467,Open-Meteo Single Runs API,ecmwf_ifs,2026-02-20T00:00:00Z,12,2026-02-20T12:00:00Z,2026-01-31T23:50:00Z,UTC,density_adjusted_power_curve_median_0.5ms,wind_speed_100m,4.71,-0.3,False
2026-02-20T12:00:00Z,2026-02-21T23:00:00Z,turbine-1,0.01,Open-Meteo Single Runs API,ecmwf_ifs,2026-02-20T00:00:00Z,12,2026-02-20T12:00:00Z,2026-01-31T23:50:00Z,UTC,density_adjusted_power_curve_median_0.5ms,wind_speed_100m,2.66,-1.7,False
2026-02-20T12:00:00Z,2026-02-22T00:00:00Z,turbine-1,0.01,Open-Meteo Single Runs API,ecmwf_ifs,2026-02-20T00:00:00Z,12,2026-02-20T12:00:00Z,2026-01-31T23:50:00Z,UTC,density_adjusted_power_curve_median_0.5ms,wind_speed_100m,0.46,-2.4,False
2026-02-20T12:00:00Z,2026-02-22T01:00:00Z,turbine-1,0.01,Open-Meteo Single Runs API,ecmwf_ifs,2026-02-20T00:00:00Z,12,2026-02-20T12:00:00Z,2026-01-31T23:50:00Z,UTC,density_adjusted_power_curve_median_0.5ms,wind_speed_100m,0.93,-1.9,False
2026-02-20T12:00:00Z,2026-02-22T02:00:00Z,turbine-1,0.01,Open-Meteo Single Runs API,ecmwf_ifs,2026-02-20T00:00:00Z,12,2026-02-20T12:00:00Z,2026-01-31T23:50:00Z,UTC,density_adjusted_power_curve_median_0.5ms,wind_speed_100m,1.61,-1.6,False
2026-02-20T12:00:00Z,2026-02-22T03:00:00Z,turbine-1,0.01,Open-Meteo Single Runs API,ecmwf_ifs,2026-02-20T00:00:00Z,12,2026-02-20T12:00:00Z,2026-01-31T23:50:00Z,UTC,density_adjusted_power_curve_median_0.5ms,wind_speed_100m,1.95,1.0,False
2026-02-20T12:00:00Z,2026-02-22T04:00:00Z,turbine-1,0.01,Open-Meteo Single Runs API,ecmwf_ifs,2026-02-20T00:00:00Z,12,2026-02-20T12:00:00Z,2026-01-31T23:50:00Z,UTC,density_adjusted_power_curve_median_0.5ms,wind_speed_100m,2.27,3.8,False
2026-02-20T12:00:00Z,2026-02-22T05:00:00Z,turbine-1,0.025002251861926304,Open-Meteo Single Runs API,ecmwf_ifs,2026-02-20T00:00:00Z,12,2026-02-20T12:00:00Z,2026-01-31T23:50:00Z,UTC,density_adjusted_power_curve_median_0.5ms,wind_speed_100m,3.09,5.7,False
2026-02-20T12:00:00Z,2026-02-22T06:00:00Z,turbine-1,0.14145856822624936,Open-Meteo Single Runs API,ecmwf_ifs,2026-02-20T00:00:00Z,12,2026-02-20T12:00:00Z,2026-01-31T23:50:00Z,UTC,density_adjusted_power_curve_median_0.5ms,wind_speed_100m,5.1,7.1,False
2026-02-20T12:00:00Z,2026-02-22T07:00:00Z,turbine-1,0.4270608480812667,Open-Meteo Single Runs API,ecmwf_ifs,2026-02-20T00:00:00Z,12,2026-02-20T12:00:00Z,2026-01-31T23:50:00Z,UTC,density_adjusted_power_curve_median_0.5ms,wind_speed_100m,7.35,8.0,False
2026-02-20T12:00:00Z,2026-02-22T08:00:00Z,turbine-1,0.57708191733079,Open-Meteo Single Runs API,ecmwf_ifs,2026-02-20T00:00:00Z,12,2026-02-20T12:00:00Z,2026-01-31T23:50:00Z,UTC,density_adjusted_power_curve_median_0.5ms,wind_speed_100m,8.29,9.2,False
2026-02-20T12:00:00Z,2026-02-22T09:00:00Z,turbine-1,0.6064448343357867,Open-Meteo Single Runs API,ecmwf_ifs,2026-02-20T00:00:00Z,12,2026-02-20T12:00:00Z,2026-01-31T23:50:00Z,UTC,density_adjusted_power_curve_median_0.5ms,wind_speed_100m,8.48,9.7,False
2026-02-20T12:00:00Z,2026-02-22T10:00:00Z,turbine-1,0.5556492851357546,Open-Meteo Single Runs API,ecmwf_ifs,2026-02-20T00:00:00Z,12,2026-02-20T12:00:00Z,2026-01-31T23:50:00Z,UTC,density_adjusted_power_curve_median_0.5ms,wind_speed_100m,8.16,9.7,False
2026-02-20T12:00:00Z,2026-02-22T11:00:00Z,turbine-1,0.5440750744196975,Open-Meteo Single Runs API,ecmwf_ifs,2026-02-20T00:00:00Z,12,2026-02-20T12:00:00Z,2026-01-31T23:50:00Z,UTC,density_adjusted_power_curve_median_0.5ms,wind_speed_100m,8.08,8.9,False
2026-02-20T12:00:00Z,2026-02-22T12:00:00Z,turbine-1,0.4928840309976475,Open-Meteo Single Runs API,ecmwf_ifs,2026-02-20T00:00:00Z,12,2026-02-20T12:00:00Z,2026-01-31T23:50:00Z,UTC,density_adjusted_power_curve_median_0.5ms,wind_speed_100m,7.74,6.7,False
2026-02-20T12:00:00Z,2026-02-20T13:00:00Z,turbine-2,0.01,Open-Meteo Single Runs API,ecmwf_ifs,2026-02-20T00:00:00Z,12,2026-02-20T12:00:00Z,2026-01-31T23:50:00Z,UTC,density_adjusted_power_curve_median_0.5ms,wind_speed_100m,0.83,7.7,False
2026-02-20T12:00:00Z,2026-02-20T14:00:00Z,turbine-2,0.01845032774896495,Open-Meteo Single Runs API,ecmwf_ifs,2026-02-20T00:00:00Z,12,2026-02-20T12:00:00Z,2026-01-31T23:50:00Z,UTC,density_adjusted_power_curve_median_0.5ms,wind_speed_100m,2.93,6.7,False
2026-02-20T12:00:00Z,2026-02-20T15:00:00Z,turbine-2,0.24326442400620976,Open-Meteo Single Runs API,ecmwf_ifs,2026-02-20T00:00:00Z,12,2026-02-20T12:00:00Z,2026-01-31T23:50:00Z,UTC,density_adjusted_power_curve_median_0.5ms,wind_speed_100m,6.21,6.5,False
2026-02-20T12:00:00Z,2026-02-20T16:00:00Z,turbine-2,0.3780339527155022,Open-Meteo Single Runs API,ecmwf_ifs,2026-02-20T00:00:00Z,12,2026-02-20T12:00:00Z,2026-01-31T23:50:00Z,UTC,density_adjusted_power_curve_median_0.5ms,wind_speed_100m,7.1,6.9,False
2026-02-20T12:00:00Z,2026-02-20T17:00:00Z,turbine-2,0.3995627068036163,Open-Meteo Single Runs API,ecmwf_ifs,2026-02-20T00:00:00Z,12,2026-02-20T12:00:00Z,2026-01-31T23:50:00Z,UTC,density_adjusted_power_curve_median_0.5ms,wind_speed_100m,7.22,5.5,False
2026-02-20T12:00:00Z,2026-02-20T18:00:00Z,turbine-2,0.53453856997902,Open-Meteo Single Runs API,ecmwf_ifs,2026-02-20T00:00:00Z,12,2026-02-20T12:00:00Z,2026-01-31T23:50:00Z,UTC,density_adjusted_power_curve_median_0.5ms,wind_speed_100m,8.04,4.5,False
2026-02-20T12:00:00Z,2026-02-20T19:00:00Z,turbine-2,0.5740282828758331,Open-Meteo Single Runs API,ecmwf_ifs,2026-02-20T00:00:00Z,12,2026-02-20T12:00:00Z,2026-01-31T23:50:00Z,UTC,density_adjusted_power_curve_median_0.5ms,wind_speed_100m,8.3,3.9,False
2026-02-20T12:00:00Z,2026-02-20T20:00:00Z,turbine-2,0.5683841535715616,Open-Meteo Single Runs API,ecmwf_ifs,2026-02-20T00:00:00Z,12,2026-02-20T12:00:00Z,2026-01-31T23:50:00Z,UTC,density_adjusted_power_curve_median_0.5ms,wind_speed_100m,8.26,3.9,False
2026-02-20T12:00:00Z,2026-02-20T21:00:00Z,turbine-2,0.4605896864449771,Open-Meteo Single Runs API,ecmwf_ifs,2026-02-20T00:00:00Z,12,2026-02-20T12:00:00Z,2026-01-31T23:50:00Z,UTC,density_adjusted_power_curve_median_0.5ms,wind_speed_100m,7.58,4.1,False
2026-02-20T12:00:00Z,2026-02-20T22:00:00Z,turbine-2,0.3985531226659797,Open-Meteo Single Runs API,ecmwf_ifs,2026-02-20T00:00:00Z,12,2026-02-20T12:00:00Z,2026-01-31T23:50:00Z,UTC,density_adjusted_power_curve_median_0.5ms,wind_speed_100m,7.2,3.9,False
2026-02-20T12:00:00Z,2026-02-20T23:00:00Z,turbine-2,0.3283182976659206,Open-Meteo Single Runs API,ecmwf_ifs,2026-02-20T00:00:00Z,12,2026-02-20T12:00:00Z,2026-01-31T23:50:00Z,UTC,density_adjusted_power_curve_median_0.5ms,wind_speed_100m,6.77,3.9,False
2026-02-20T12:00:00Z,2026-02-21T00:00:00Z,turbine-2,0.20331082337532985,Open-Meteo Single Runs API,ecmwf_ifs,2026-02-20T00:00:00Z,12,2026-02-20T12:00:00Z,2026-01-31T23:50:00Z,UTC,density_adjusted_power_curve_median_0.5ms,wind_speed_100m,5.81,3.8,False
2026-02-20T12:00:00Z,2026-02-21T01:00:00Z,turbine-2,0.1253635534800801,Open-Meteo Single Runs API,ecmwf_ifs,2026-02-20T00:00:00Z,12,2026-02-20T12:00:00Z,2026-01-31T23:50:00Z,UTC,density_adjusted_power_curve_median_0.5ms,wind_speed_100m,4.94,3.2,False
2026-02-20T12:00:00Z,2026-02-21T02:00:00Z,turbine-2,0.1057244386685355,Open-Meteo Single Runs API,ecmwf_ifs,2026-02-20T00:00:00Z,12,2026-02-20T12:00:00Z,2026-01-31T23:50:00Z,UTC,density_adjusted_power_curve_median_0.5ms,wind_speed_100m,4.62,3.3,False
2026-02-20T12:00:00Z,2026-02-21T03:00:00Z,turbine-2,0.09857283135378458,Open-Meteo Single Runs API,ecmwf_ifs,2026-02-20T00:00:00Z,12,2026-02-20T12:00:00Z,2026-01-31T23:50:00Z,UTC,density_adjusted_power_curve_median_0.5ms,wind_speed_100m,4.51,4.7,False
2026-02-20T12:00:00Z,2026-02-21T04:00:00Z,turbine-2,0.01,Open-Meteo Single Runs API,ecmwf_ifs,2026-02-20T00:00:00Z,12,2026-02-20T12:00:00Z,2026-01-31T23:50:00Z,UTC,density_adjusted_power_curve_median_0.5ms,wind_speed_100m,0.76,5.7,False
2026-02-20T12:00:00Z,2026-02-21T05:00:00Z,turbine-2,0.19507260083280975,Open-Meteo Single Runs API,ecmwf_ifs,2026-02-20T00:00:00Z,12,2026-02-20T12:00:00Z,2026-01-31T23:50:00Z,UTC,density_adjusted_power_curve_median_0.5ms,wind_speed_100m,5.76,8.2,False
2026-02-20T12:00:00Z,2026-02-21T06:00:00Z,turbine-2,0.97,Open-Meteo Single Runs API,ecmwf_ifs,2026-02-20T00:00:00Z,12,2026-02-20T12:00:00Z,2026-01-31T23:50:00Z,UTC,density_adjusted_power_curve_median_0.5ms,wind_speed_100m,13.6,7.6,False
2026-02-20T12:00:00Z,2026-02-21T07:00:00Z,turbine-2,0.97,Open-Meteo Single Runs API,ecmwf_ifs,2026-02-20T00:00:00Z,12,2026-02-20T12:00:00Z,2026-01-31T23:50:00Z,UTC,density_adjusted_power_curve_median_0.5ms,wind_speed_100m,12.67,8.2,False
2026-02-20T12:00:00Z,2026-02-21T08:00:00Z,turbine-2,0.97,Open-Meteo Single Runs API,ecmwf_ifs,2026-02-20T00:00:00Z,12,2026-02-20T12:00:00Z,2026-01-31T23:50:00Z,UTC,density_adjusted_power_curve_median_0.5ms,wind_speed_100m,12.84,7.5,False
2026-02-20T12:00:00Z,2026-02-21T09:00:00Z,turbine-2,0.881657893749519,Open-Meteo Single Runs API,ecmwf_ifs,2026-02-20T00:00:00Z,12,2026-02-20T12:00:00Z,2026-01-31T23:50:00Z,UTC,density_adjusted_power_curve_median_0.5ms,wind_speed_100m,10.47,8.1,False
2026-02-20T12:00:00Z,2026-02-21T10:00:00Z,turbine-2,0.8258054556112254,Open-Meteo Single Runs API,ecmwf_ifs,2026-02-20T00:00:00Z,12,2026-02-20T12:00:00Z,2026-01-31T23:50:00Z,UTC,density_adjusted_power_curve_median_0.5ms,wind_speed_100m,10.06,7.4,False
2026-02-20T12:00:00Z,2026-02-21T11:00:00Z,turbine-2,0.6351553472082272,Open-Meteo Single Runs API,ecmwf_ifs,2026-02-20T00:00:00Z,12,2026-02-20T12:00:00Z,2026-01-31T23:50:00Z,UTC,density_adjusted_power_curve_median_0.5ms,wind_speed_100m,8.75,6.7,False
2026-02-20T12:00:00Z,2026-02-21T12:00:00Z,turbine-2,0.585297037264773,Open-Meteo Single Runs API,ecmwf_ifs,2026-02-20T00:00:00Z,12,2026-02-20T12:00:00Z,2026-01-31T23:50:00Z,UTC,density_adjusted_power_curve_median_0.5ms,wind_speed_100m,8.41,6.9,False
2026-02-20T12:00:00Z,2026-02-21T13:00:00Z,turbine-2,0.27108828144578095,Open-Meteo Single Runs API,ecmwf_ifs,2026-02-20T00:00:00Z,12,2026-02-20T12:00:00Z,2026-01-31T23:50:00Z,UTC,density_adjusted_power_curve_median_0.5ms,wind_speed_100m,6.4,5.8,False
2026-02-20T12:00:00Z,2026-02-21T14:00:00Z,turbine-2,0.2456411767386676,Open-Meteo Single Runs API,ecmwf_ifs,2026-02-20T00:00:00Z,12,2026-02-20T12:00:00Z,2026-01-31T23:50:00Z,UTC,density_adjusted_power_curve_median_0.5ms,wind_speed_100m,6.22,5.6,False
2026-02-20T12:00:00Z,2026-02-21T15:00:00Z,turbine-2,0.12968219737080788,Open-Meteo Single Runs API,ecmwf_ifs,2026-02-20T00:00:00Z,12,2026-02-20T12:00:00Z,2026-01-31T23:50:00Z,UTC,density_adjusted_power_curve_median_0.5ms,wind_speed_100m,5.02,4.8,False
2026-02-20T12:00:00Z,2026-02-21T16:00:00Z,turbine-2,0.14805210931707338,Open-Meteo Single Runs API,ecmwf_ifs,2026-02-20T00:00:00Z,12,2026-02-20T12:00:00Z,2026-01-31T23:50:00Z,UTC,density_adjusted_power_curve_median_0.5ms,wind_speed_100m,5.27,5.0,False
2026-02-20T12:00:00Z,2026-02-21T17:00:00Z,turbine-2,0.1533179650920567,Open-Meteo Single Runs API,ecmwf_ifs,2026-02-20T00:00:00Z,12,2026-02-20T12:00:00Z,2026-01-31T23:50:00Z,UTC,density_adjusted_power_curve_median_0.5ms,wind_speed_100m,5.32,4.6,False
2026-02-20T12:00:00Z,2026-02-21T18:00:00Z,turbine-2,0.3703466841015768,Open-Meteo Single Runs API,ecmwf_ifs,2026-02-20T00:00:00Z,12,2026-02-20T12:00:00Z,2026-01-31T23:50:00Z,UTC,density_adjusted_power_curve_median_0.5ms,wind_speed_100m,7.03,4.2,False
2026-02-20T12:00:00Z,2026-02-21T19:00:00Z,turbine-2,0.45865415359649386,Open-Meteo Single Runs API,ecmwf_ifs,2026-02-20T00:00:00Z,12,2026-02-20T12:00:00Z,2026-01-31T23:50:00Z,UTC,density_adjusted_power_curve_median_0.5ms,wind_speed_100m,7.56,3.2,False
2026-02-20T12:00:00Z,2026-02-21T20:00:00Z,turbine-2,0.4307137547324361,Open-Meteo Single Runs API,ecmwf_ifs,2026-02-20T00:00:00Z,12,2026-02-20T12:00:00Z,2026-01-31T23:50:00Z,UTC,density_adjusted_power_curve_median_0.5ms,wind_speed_100m,7.38,2.1,False
2026-02-20T12:00:00Z,2026-02-21T21:00:00Z,turbine-2,0.2805712954480291,Open-Meteo Single Runs API,ecmwf_ifs,2026-02-20T00:00:00Z,12,2026-02-20T12:00:00Z,2026-01-31T23:50:00Z,UTC,density_adjusted_power_curve_median_0.5ms,wind_speed_100m,6.43,1.1,False
2026-02-20T12:00:00Z,2026-02-21T22:00:00Z,turbine-2,0.11247520208647936,Open-Meteo Single Runs API,ecmwf_ifs,2026-02-20T00:00:00Z,12,2026-02-20T12:00:00Z,2026-01-31T23:50:00Z,UTC,density_adjusted_power_curve_median_0.5ms,wind_speed_100m,4.71,-0.3,False
2026-02-20T12:00:00Z,2026-02-21T23:00:00Z,turbine-2,0.01,Open-Meteo Single Runs API,ecmwf_ifs,2026-02-20T00:00:00Z,12,2026-02-20T12:00:00Z,2026-01-31T23:50:00Z,UTC,density_adjusted_power_curve_median_0.5ms,wind_speed_100m,2.66,-1.7,False
2026-02-20T12:00:00Z,2026-02-22T00:00:00Z,turbine-2,0.01,Open-Meteo Single Runs API,ecmwf_ifs,2026-02-20T00:00:00Z,12,2026-02-20T12:00:00Z,2026-01-31T23:50:00Z,UTC,density_adjusted_power_curve_median_0.5ms,wind_speed_100m,0.46,-2.4,False
2026-02-20T12:00:00Z,2026-02-22T01:00:00Z,turbine-2,0.01,Open-Meteo Single Runs API,ecmwf_ifs,2026-02-20T00:00:00Z,12,2026-02-20T12:00:00Z,2026-01-31T23:50:00Z,UTC,density_adjusted_power_curve_median_0.5ms,wind_speed_100m,0.93,-1.9,False
2026-02-20T12:00:00Z,2026-02-22T02:00:00Z,turbine-2,0.01,Open-Meteo Single Runs API,ecmwf_ifs,2026-02-20T00:00:00Z,12,2026-02-20T12:00:00Z,2026-01-31T23:50:00Z,UTC,density_adjusted_power_curve_median_0.5ms,wind_speed_100m,1.61,-1.6,False
2026-02-20T12:00:00Z,2026-02-22T03:00:00Z,turbine-2,0.01,Open-Meteo Single Runs API,ecmwf_ifs,2026-02-20T00:00:00Z,12,2026-02-20T12:00:00Z,2026-01-31T23:50:00Z,UTC,density_adjusted_power_curve_median_0.5ms,wind_speed_100m,1.95,1.0,False
2026-02-20T12:00:00Z,2026-02-22T04:00:00Z,turbine-2,0.01,Open-Meteo Single Runs API,ecmwf_ifs,2026-02-20T00:00:00Z,12,2026-02-20T12:00:00Z,2026-01-31T23:50:00Z,UTC,density_adjusted_power_curve_median_0.5ms,wind_speed_100m,2.27,3.8,False
2026-02-20T12:00:00Z,2026-02-22T05:00:00Z,turbine-2,0.025022897143319997,Open-Meteo Single Runs API,ecmwf_ifs,2026-02-20T00:00:00Z,12,2026-02-20T12:00:00Z,2026-01-31T23:50:00Z,UTC,density_adjusted_power_curve_median_0.5ms,wind_speed_100m,3.09,5.7,False
2026-02-20T12:00:00Z,2026-02-22T06:00:00Z,turbine-2,0.1337266723370619,Open-Meteo Single Runs API,ecmwf_ifs,2026-02-20T00:00:00Z,12,2026-02-20T12:00:00Z,2026-01-31T23:50:00Z,UTC,density_adjusted_power_curve_median_0.5ms,wind_speed_100m,5.1,7.1,False
2026-02-20T12:00:00Z,2026-02-22T07:00:00Z,turbine-2,0.4172696647328822,Open-Meteo Single Runs API,ecmwf_ifs,2026-02-20T00:00:00Z,12,2026-02-20T12:00:00Z,2026-01-31T23:50:00Z,UTC,density_adjusted_power_curve_median_0.5ms,wind_speed_100m,7.35,8.0,False
2026-02-20T12:00:00Z,2026-02-22T08:00:00Z,turbine-2,0.5652518604548157,Open-Meteo Single Runs API,ecmwf_ifs,2026-02-20T00:00:00Z,12,2026-02-20T12:00:00Z,2026-01-31T23:50:00Z,UTC,density_adjusted_power_curve_median_0.5ms,wind_speed_100m,8.29,9.2,False
2026-02-20T12:00:00Z,2026-02-22T09:00:00Z,turbine-2,0.5911916332938201,Open-Meteo Single Runs API,ecmwf_ifs,2026-02-20T00:00:00Z,12,2026-02-20T12:00:00Z,2026-01-31T23:50:00Z,UTC,density_adjusted_power_curve_median_0.5ms,wind_speed_100m,8.48,9.7,False
2026-02-20T12:00:00Z,2026-02-22T10:00:00Z,turbine-2,0.5458116169614566,Open-Meteo Single Runs API,ecmwf_ifs,2026-02-20T00:00:00Z,12,2026-02-20T12:00:00Z,2026-01-31T23:50:00Z,UTC,density_adjusted_power_curve_median_0.5ms,wind_speed_100m,8.16,9.7,False
2026-02-20T12:00:00Z,2026-02-22T11:00:00Z,turbine-2,0.5341767539888846,Open-Meteo Single Runs API,ecmwf_ifs,2026-02-20T00:00:00Z,12,2026-02-20T12:00:00Z,2026-01-31T23:50:00Z,UTC,density_adjusted_power_curve_median_0.5ms,wind_speed_100m,8.08,8.9,False
2026-02-20T12:00:00Z,2026-02-22T12:00:00Z,turbine-2,0.48271745449537845,Open-Meteo Single Runs API,ecmwf_ifs,2026-02-20T00:00:00Z,12,2026-02-20T12:00:00Z,2026-01-31T23:50:00Z,UTC,density_adjusted_power_curve_median_0.5ms,wind_speed_100m,7.74,6.7,False
2026-02-21T12:00:00Z,2026-02-21T13:00:00Z,turbine-1,0.19071967738622658,Open-Meteo Single Runs API,ecmwf_ifs,2026-02-21T00:00:00Z,12,2026-02-21T12:00:00Z,2026-01-31T23:50:00Z,UTC,density_adjusted_power_curve_median_0.5ms,wind_speed_100m,5.6,5.7,False
2026-02-21T12:00:00Z,2026-02-21T14:00:00Z,turbine-1,0.12172106361880076,Open-Meteo Single Runs API,ecmwf_ifs,2026-02-21T00:00:00Z,12,2026-02-21T12:00:00Z,2026-01-31T23:50:00Z,UTC,density_adjusted_power_curve_median_0.5ms,wind_speed_100m,4.85,5.6,False
2026-02-21T12:00:00Z,2026-02-21T15:00:00Z,turbine-1,0.057480894934143656,Open-Meteo Single Runs API,ecmwf_ifs,2026-02-21T00:00:00Z,12,2026-02-21T12:00:00Z,2026-01-31T23:50:00Z,UTC,density_adjusted_power_curve_median_0.5ms,wind_speed_100m,3.67,5.4,False
2026-02-21T12:00:00Z,2026-02-21T16:00:00Z,turbine-1,0.06003760665344159,Open-Meteo Single Runs API,ecmwf_ifs,2026-02-21T00:00:00Z,12,2026-02-21T12:00:00Z,2026-01-31T23:50:00Z,UTC,density_adjusted_power_curve_median_0.5ms,wind_speed_100m,3.71,4.8,False
2026-02-21T12:00:00Z,2026-02-21T17:00:00Z,turbine-1,0.07190136717367147,Open-Meteo Single Runs API,ecmwf_ifs,2026-02-21T00:00:00Z,12,2026-02-21T12:00:00Z,2026-01-31T23:50:00Z,UTC,density_adjusted_power_curve_median_0.5ms,wind_speed_100m,4.0,4.3,False
2026-02-21T12:00:00Z,2026-02-21T18:00:00Z,turbine-1,0.05925041498538505,Open-Meteo Single Runs API,ecmwf_ifs,2026-02-21T00:00:00Z,12,2026-02-21T12:00:00Z,2026-01-31T23:50:00Z,UTC,density_adjusted_power_curve_median_0.5ms,wind_speed_100m,3.69,3.3,False
2026-02-21T12:00:00Z,2026-02-21T19:00:00Z,turbine-1,0.046269532215224576,Open-Meteo Single Runs API,ecmwf_ifs,2026-02-21T00:00:00Z,12,2026-02-21T12:00:00Z,2026-01-31T23:50:00Z,UTC,density_adjusted_power_curve_median_0.5ms,wind_speed_100m,3.47,2.0,False
2026-02-21T12:00:00Z,2026-02-21T20:00:00Z,turbine-1,0.02371701636950574,Open-Meteo Single Runs API,ecmwf_ifs,2026-02-21T00:00:00Z,12,2026-02-21T12:00:00Z,2026-01-31T23:50:00Z,UTC,density_adjusted_power_curve_median_0.5ms,wind_speed_100m,3.04,0.9,False
2026-02-21T12:00:00Z,2026-02-21T21:00:00Z,turbine-1,0.01,Open-Meteo Single Runs API,ecmwf_ifs,2026-02-21T00:00:00Z,12,2026-02-21T12:00:00Z,2026-01-31T23:50:00Z,UTC,density_adjusted_power_curve_median_0.5ms,wind_speed_100m,2.2,-0.5,False
2026-02-21T12:00:00Z,2026-02-21T22:00:00Z,turbine-1,0.01,Open-Meteo Single Runs API,ecmwf_ifs,2026-02-21T00:00:00Z,12,2026-02-21T12:00:00Z,2026-01-31T23:50:00Z,UTC,density_adjusted_power_curve_median_0.5ms,wind_speed_100m,1.71,-1.2,False
2026-02-21T12:00:00Z,2026-02-21T23:00:00Z,turbine-1,0.01,Open-Meteo Single Runs API,ecmwf_ifs,2026-02-21T00:00:00Z,12,2026-02-21T12:00:00Z,2026-01-31T23:50:00Z,UTC,density_adjusted_power_curve_median_0.5ms,wind_speed_100m,0.7,-1.1,False
2026-02-21T12:00:00Z,2026-02-22T00:00:00Z,turbine-1,0.01,Open-Meteo Single Runs API,ecmwf_ifs,2026-02-21T00:00:00Z,12,2026-02-21T12:00:00Z,2026-01-31T23:50:00Z,UTC,density_adjusted_power_curve_median_0.5ms,wind_speed_100m,0.5,-0.9,False
2026-02-21T12:00:00Z,2026-02-22T01:00:00Z,turbine-1,0.01,Open-Meteo Single Runs API,ecmwf_ifs,2026-02-21T00:00:00Z,12,2026-02-21T12:00:00Z,2026-01-31T23:50:00Z,UTC,density_adjusted_power_curve_median_0.5ms,wind_speed_100m,2.15,-1.2,False
2026-02-21T12:00:00Z,2026-02-22T02:00:00Z,turbine-1,0.04217364792528497,Open-Meteo Single Runs API,ecmwf_ifs,2026-02-21T00:00:00Z,12,2026-02-21T12:00:00Z,2026-01-31T23:50:00Z,UTC,density_adjusted_power_curve_median_0.5ms,wind_speed_100m,3.39,-1.0,False
2026-02-21T12:00:00Z,2026-02-22T03:00:00Z,turbine-1,0.19033813222005,Open-Meteo Single Runs API,ecmwf_ifs,2026-02-21T00:00:00Z,12,2026-02-21T12:00:00Z,2026-01-31T23:50:00Z,UTC,density_adjusted_power_curve_median_0.5ms,wind_speed_100m,5.57,1.8,False
2026-02-21T12:00:00Z,2026-02-22T04:00:00Z,turbine-1,0.2146820913475302,Open-Meteo Single Runs API,ecmwf_ifs,2026-02-21T00:00:00Z,12,2026-02-21T12:00:00Z,2026-01-31T23:50:00Z,UTC,density_adjusted_power_curve_median_0.5ms,wind_speed_100m,5.82,3.6,False
2026-02-21T12:00:00Z,2026-02-22T05:00:00Z,turbine-1,0.4178904256676739,Open-Meteo Single Runs API,ecmwf_ifs,2026-02-21T00:00:00Z,12,2026-02-21T12:00:00Z,2026-01-31T23:50:00Z,UTC,density_adjusted_power_curve_median_0.5ms,wind_speed_100m,7.27,5.2,False
2026-02-21T12:00:00Z,2026-02-22T06:00:00Z,turbine-1,0.6435682120364459,Open-Meteo Single Runs API,ecmwf_ifs,2026-02-21T00:00:00Z,12,2026-02-21T12:00:00Z,2026-01-31T23:50:00Z,UTC,density_adjusted_power_curve_median_0.5ms,wind_speed_100m,8.69,7.1,False
2026-02-21T12:00:00Z,2026-02-22T07:00:00Z,turbine-1,0.7868831945628612,Open-Meteo Single Runs API,ecmwf_ifs,2026-02-21T00:00:00Z,12,2026-02-21T12:00:00Z,2026-01-31T23:50:00Z,UTC,density_adjusted_power_curve_median_0.5ms,wind_speed_100m,9.66,8.7,False
2026-02-21T12:00:00Z,2026-02-22T08:00:00Z,turbine-1,0.774143086180864,Open-Meteo Single Runs API,ecmwf_ifs,2026-02-21T00:00:00Z,12,2026-02-21T12:00:00Z,2026-01-31T23:50:00Z,UTC,density_adjusted_power_curve_median_0.5ms,wind_speed_100m,9.59,9.6,False
2026-02-21T12:00:00Z,2026-02-22T09:00:00Z,turbine-1,0.6731003603999584,Open-Meteo Single Runs API,ecmwf_ifs,2026-02-21T00:00:00Z,12,2026-02-21T12:00:00Z,2026-01-31T23:50:00Z,UTC,density_adjusted_power_curve_median_0.5ms,wind_speed_100m,8.93,10.1,False
2026-02-21T12:00:00Z,2026-02-22T10:00:00Z,turbine-1,0.5742558850890815,Open-Meteo Single Runs API,ecmwf_ifs,2026-02-21T00:00:00Z,12,2026-02-21T12:00:00Z,2026-01-31T23:50:00Z,UTC,density_adjusted_power_curve_median_0.5ms,wind_speed_100m,8.28,10.0,False
2026-02-21T12:00:00Z,2026-02-22T11:00:00Z,turbine-1,0.5178623911550301,Open-Meteo Single Runs API,ecmwf_ifs,2026-02-21T00:00:00Z,12,2026-02-21T12:00:00Z,2026-01-31T23:50:00Z,UTC,density_adjusted_power_curve_median_0.5ms,wind_speed_100m,7.92,9.3,False
2026-02-21T12:00:00Z,2026-02-22T12:00:00Z,turbine-1,0.4887896455686293,Open-Meteo Single Runs API,ecmwf_ifs,2026-02-21T00:00:00Z,12,2026-02-21T12:00:00Z,2026-01-31T23:50:00Z,UTC,density_adjusted_power_curve_median_0.5ms,wind_speed_100m,7.72,7.3,False
2026-02-21T12:00:00Z,2026-02-22T13:00:00Z,turbine-1,0.2220644825129833,Open-Meteo Single Runs API,ecmwf_ifs,2026-02-21T00:00:00Z,12,2026-02-21T12:00:00Z,2026-01-31T23:50:00Z,UTC,density_adjusted_power_curve_median_0.5ms,wind_speed_100m,5.9,4.8,False
2026-02-21T12:00:00Z,2026-02-22T14:00:00Z,turbine-1,0.07754326417269464,Open-Meteo Single Runs API,ecmwf_ifs,2026-02-21T00:00:00Z,12,2026-02-21T12:00:00Z,2026-01-31T23:50:00Z,UTC,density_adjusted_power_curve_median_0.5ms,wind_speed_100m,4.13,2.5,False
2026-02-21T12:00:00Z,2026-02-22T15:00:00Z,turbine-1,0.02926434502810863,Open-Meteo Single Runs API,ecmwf_ifs,2026-02-21T00:00:00Z,12,2026-02-21T12:00:00Z,2026-01-31T23:50:00Z,UTC,density_adjusted_power_curve_median_0.5ms,wind_speed_100m,3.18,1.2,False
2026-02-21T12:00:00Z,2026-02-22T16:00:00Z,turbine-1,0.01,Open-Meteo Single Runs API,ecmwf_ifs,2026-02-21T00:00:00Z,12,2026-02-21T12:00:00Z,2026-01-31T23:50:00Z,UTC,density_adjusted_power_curve_median_0.5ms,wind_speed_100m,2.62,0.6,False
2026-02-21T12:00:00Z,2026-02-22T17:00:00Z,turbine-1,0.01,Open-Meteo Single Runs API,ecmwf_ifs,2026-02-21T00:00:00Z,12,2026-02-21T12:00:00Z,2026-01-31T23:50:00Z,UTC,density_adjusted_power_curve_median_0.5ms,wind_speed_100m,1.92,0.7,False
2026-02-21T12:00:00Z,2026-02-22T18:00:00Z,turbine-1,0.01,Open-Meteo Single Runs API,ecmwf_ifs,2026-02-21T00:00:00Z,12,2026-02-21T12:00:00Z,2026-01-31T23:50:00Z,UTC,density_adjusted_power_curve_median_0.5ms,wind_speed_100m,1.98,0.5,False
2026-02-21T12:00:00Z,2026-02-22T19:00:00Z,turbine-1,0.01,Open-Meteo Single Runs API,ecmwf_ifs,2026-02-21T00:00:00Z,12,2026-02-21T12:00:00Z,2026-01-31T23:50:00Z,UTC,density_adjusted_power_curve_median_0.5ms,wind_speed_100m,2.45,0.3,False
2026-02-21T12:00:00Z,2026-02-22T20:00:00Z,turbine-1,0.01,Open-Meteo Single Runs API,ecmwf_ifs,2026-02-21T00:00:00Z,12,2026-02-21T12:00:00Z,2026-01-31T23:50:00Z,UTC,density_adjusted_power_curve_median_0.5ms,wind_speed_100m,1.16,0.7,False
2026-02-21T12:00:00Z,2026-02-22T21:00:00Z,turbine-1,0.01,Open-Meteo Single Runs API,ecmwf_ifs,2026-02-21T00:00:00Z,12,2026-02-21T12:00:00Z,2026-01-31T23:50:00Z,UTC,density_adjusted_power_curve_median_0.5ms,wind_speed_100m,0.75,1.8,False
2026-02-21T12:00:00Z,2026-02-22T22:00:00Z,turbine-1,0.01,Open-Meteo Single Runs API,ecmwf_ifs,2026-02-21T00:00:00Z,12,2026-02-21T12:00:00Z,2026-01-31T23:50:00Z,UTC,density_adjusted_power_curve_median_0.5ms,wind_speed_100m,0.86,2.9,False
2026-02-21T12:00:00Z,2026-02-22T23:00:00Z,turbine-1,0.01,Open-Meteo Single Runs API,ecmwf_ifs,2026-02-21T00:00:00Z,12,2026-02-21T12:00:00Z,2026-01-31T23:50:00Z,UTC,density_adjusted_power_curve_median_0.5ms,wind_speed_100m,1.74,2.9,False
2026-02-21T12:00:00Z,2026-02-23T00:00:00Z,turbine-1,0.021900933049015563,Open-Meteo Single Runs API,ecmwf_ifs,2026-02-21T00:00:00Z,12,2026-02-21T12:00:00Z,2026-01-31T23:50:00Z,UTC,density_adjusted_power_curve_median_0.5ms,wind_speed_100m,3.0,2.4,False
2026-02-21T12:00:00Z,2026-02-23T01:00:00Z,turbine-1,0.06500583065266259,Open-Meteo Single Runs API,ecmwf_ifs,2026-02-21T00:00:00Z,12,2026-02-21T12:00:00Z,2026-01-31T23:50:00Z,UTC,density_adjusted_power_curve_median_0.5ms,wind_speed_100m,3.82,2.1,False
2026-02-21T12:00:00Z,2026-02-23T02:00:00Z,turbine-1,0.05717748762050979,Open-Meteo Single Runs API,ecmwf_ifs,2026-02-21T00:00:00Z,12,2026-02-21T12:00:00Z,2026-01-31T23:50:00Z,UTC,density_adjusted_power_curve_median_0.5ms,wind_speed_100m,3.65,2.0,False
2026-02-21T12:00:00Z,2026-02-23T03:00:00Z,turbine-1,0.04259082790830809,Open-Meteo Single Runs API,ecmwf_ifs,2026-02-21T00:00:00Z,12,2026-02-21T12:00:00Z,2026-01-31T23:50:00Z,UTC,density_adjusted_power_curve_median_0.5ms,wind_speed_100m,3.42,4.6,False
2026-02-21T12:00:00Z,2026-02-23T04:00:00Z,turbine-1,0.032361227883294326,Open-Meteo Single Runs API,ecmwf_ifs,2026-02-21T00:00:00Z,12,2026-02-21T12:00:00Z,2026-01-31T23:50:00Z,UTC,density_adjusted_power_curve_median_0.5ms,wind_speed_100m,3.26,7.0,False
2026-02-21T12:00:00Z,2026-02-23T05:00:00Z,turbine-1,0.05433762601108444,Open-Meteo Single Runs API,ecmwf_ifs,2026-02-21T00:00:00Z,12,2026-02-21T12:00:00Z,2026-01-31T23:50:00Z,UTC,density_adjusted_power_curve_median_0.5ms,wind_speed_100m,3.63,8.2,False
2026-02-21T12:00:00Z,2026-02-23T06:00:00Z,turbine-1,0.10546604031016973,Open-Meteo Single Runs API,ecmwf_ifs,2026-02-21T00:00:00Z,12,2026-02-21T12:00:00Z,2026-01-31T23:50:00Z,UTC,density_adjusted_power_curve_median_0.5ms,wind_speed_100m,4.65,9.0,False
2026-02-21T12:00:00Z,2026-02-23T07:00:00Z,turbine-1,0.210753090236334,Open-Meteo Single Runs API,ecmwf_ifs,2026-02-21T00:00:00Z,12,2026-02-21T12:00:00Z,2026-01-31T23:50:00Z,UTC,density_adjusted_power_curve_median_0.5ms,wind_speed_100m,5.82,9.1,False
2026-02-21T12:00:00Z,2026-02-23T08:00:00Z,turbine-1,0.2917850612186002,Open-Meteo Single Runs API,ecmwf_ifs,2026-02-21T00:00:00Z,12,2026-02-21T12:00:00Z,2026-01-31T23:50:00Z,UTC,density_adjusted_power_curve_median_0.5ms,wind_speed_100m,6.5,9.4,False
2026-02-21T12:00:00Z,2026-02-23T09:00:00Z,turbine-1,0.5116107837670247,Open-Meteo Single Runs API,ecmwf_ifs,2026-02-21T00:00:00Z,12,2026-02-21T12:00:00Z,2026-01-31T23:50:00Z,UTC,density_adjusted_power_curve_median_0.5ms,wind_speed_100m,7.88,9.2,False
2026-02-21T12:00:00Z,2026-02-23T10:00:00Z,turbine-1,0.6236170234057896,Open-Meteo Single Runs API,ecmwf_ifs,2026-02-21T00:00:00Z,12,2026-02-21T12:00:00Z,2026-01-31T23:50:00Z,UTC,density_adjusted_power_curve_median_0.5ms,wind_speed_100m,8.57,7.9,False
2026-02-21T12:00:00Z,2026-02-23T11:00:00Z,turbine-1,0.7165513646239127,Open-Meteo Single Runs API,ecmwf_ifs,2026-02-21T00:00:00Z,12,2026-02-21T12:00:00Z,2026-01-31T23:50:00Z,UTC,density_adjusted_power_curve_median_0.5ms,wind_speed_100m,9.19,6.2,False
2026-02-21T12:00:00Z,2026-02-23T12:00:00Z,turbine-1,0.8076984212098786,Open-Meteo Single Runs API,ecmwf_ifs,2026-02-21T00:00:00Z,12,2026-02-21T12:00:00Z,2026-01-31T23:50:00Z,UTC,density_adjusted_power_curve_median_0.5ms,wind_speed_100m,9.76,4.8,False
2026-02-21T12:00:00Z,2026-02-21T13:00:00Z,turbine-2,0.1806486963531661,Open-Meteo Single Runs API,ecmwf_ifs,2026-02-21T00:00:00Z,12,2026-02-21T12:00:00Z,2026-01-31T23:50:00Z,UTC,density_adjusted_power_curve_median_0.5ms,wind_speed_100m,5.6,5.7,False
2026-02-21T12:00:00Z,2026-02-21T14:00:00Z,turbine-2,0.11898160727992058,Open-Meteo Single Runs API,ecmwf_ifs,2026-02-21T00:00:00Z,12,2026-02-21T12:00:00Z,2026-01-31T23:50:00Z,UTC,density_adjusted_power_curve_median_0.5ms,wind_speed_100m,4.85,5.6,False
2026-02-21T12:00:00Z,2026-02-21T15:00:00Z,turbine-2,0.04864453879298842,Open-Meteo Single Runs API,ecmwf_ifs,2026-02-21T00:00:00Z,12,2026-02-21T12:00:00Z,2026-01-31T23:50:00Z,UTC,density_adjusted_power_curve_median_0.5ms,wind_speed_100m,3.67,5.4,False
2026-02-21T12:00:00Z,2026-02-21T16:00:00Z,turbine-2,0.05056019266759315,Open-Meteo Single Runs API,ecmwf_ifs,2026-02-21T00:00:00Z,12,2026-02-21T12:00:00Z,2026-01-31T23:50:00Z,UTC,density_adjusted_power_curve_median_0.5ms,wind_speed_100m,3.71,4.8,False
2026-02-21T12:00:00Z,2026-02-21T17:00:00Z,turbine-2,0.06796418667141996,Open-Meteo Single Runs API,ecmwf_ifs,2026-02-21T00:00:00Z,12,2026-02-21T12:00:00Z,2026-01-31T23:50:00Z,UTC,density_adjusted_power_curve_median_0.5ms,wind_speed_100m,4.0,4.3,False
2026-02-21T12:00:00Z,2026-02-21T18:00:00Z,turbine-2,0.04983981674784517,Open-Meteo Single Runs API,ecmwf_ifs,2026-02-21T00:00:00Z,12,2026-02-21T12:00:00Z,2026-01-31T23:50:00Z,UTC,density_adjusted_power_curve_median_0.5ms,wind_speed_100m,3.69,3.3,False
2026-02-21T12:00:00Z,2026-02-21T19:00:00Z,turbine-2,0.041071471343187185,Open-Meteo Single Runs API,ecmwf_ifs,2026-02-21T00:00:00Z,12,2026-02-21T12:00:00Z,2026-01-31T23:50:00Z,UTC,density_adjusted_power_curve_median_0.5ms,wind_speed_100m,3.47,2.0,False
2026-02-21T12:00:00Z,2026-02-21T20:00:00Z,turbine-2,0.023722243894073167,Open-Meteo Single Runs API,ecmwf_ifs,2026-02-21T00:00:00Z,12,2026-02-21T12:00:00Z,2026-01-31T23:50:00Z,UTC,density_adjusted_power_curve_median_0.5ms,wind_speed_100m,3.04,0.9,False
2026-02-21T12:00:00Z,2026-02-21T21:00:00Z,turbine-2,0.01,Open-Meteo Single Runs API,ecmwf_ifs,2026-02-21T00:00:00Z,12,2026-02-21T12:00:00Z,2026-01-31T23:50:00Z,UTC,density_adjusted_power_curve_median_0.5ms,wind_speed_100m,2.2,-0.5,False
2026-02-21T12:00:00Z,2026-02-21T22:00:00Z,turbine-2,0.01,Open-Meteo Single Runs API,ecmwf_ifs,2026-02-21T00:00:00Z,12,2026-02-21T12:00:00Z,2026-01-31T23:50:00Z,UTC,density_adjusted_power_curve_median_0.5ms,wind_speed_100m,1.71,-1.2,False
2026-02-21T12:00:00Z,2026-02-21T23:00:00Z,turbine-2,0.01,Open-Meteo Single Runs API,ecmwf_ifs,2026-02-21T00:00:00Z,12,2026-02-21T12:00:00Z,2026-01-31T23:50:00Z,UTC,density_adjusted_power_curve_median_0.5ms,wind_speed_100m,0.7,-1.1,False
2026-02-21T12:00:00Z,2026-02-22T00:00:00Z,turbine-2,0.01,Open-Meteo Single Runs API,ecmwf_ifs,2026-02-21T00:00:00Z,12,2026-02-21T12:00:00Z,2026-01-31T23:50:00Z,UTC,density_adjusted_power_curve_median_0.5ms,wind_speed_100m,0.5,-0.9,False
2026-02-21T12:00:00Z,2026-02-22T01:00:00Z,turbine-2,0.01,Open-Meteo Single Runs API,ecmwf_ifs,2026-02-21T00:00:00Z,12,2026-02-21T12:00:00Z,2026-01-31T23:50:00Z,UTC,density_adjusted_power_curve_median_0.5ms,wind_speed_100m,2.15,-1.2,False
2026-02-21T12:00:00Z,2026-02-22T02:00:00Z,turbine-2,0.038304777519076884,Open-Meteo Single Runs API,ecmwf_ifs,2026-02-21T00:00:00Z,12,2026-02-21T12:00:00Z,2026-01-31T23:50:00Z,UTC,density_adjusted_power_curve_median_0.5ms,wind_speed_100m,3.39,-1.0,False
2026-02-21T12:00:00Z,2026-02-22T03:00:00Z,turbine-2,0.1802694657974447,Open-Meteo Single Runs API,ecmwf_ifs,2026-02-21T00:00:00Z,12,2026-02-21T12:00:00Z,2026-01-31T23:50:00Z,UTC,density_adjusted_power_curve_median_0.5ms,wind_speed_100m,5.57,1.8,False
2026-02-21T12:00:00Z,2026-02-22T04:00:00Z,turbine-2,0.20448223753441994,Open-Meteo Single Runs API,ecmwf_ifs,2026-02-21T00:00:00Z,12,2026-02-21T12:00:00Z,2026-01-31T23:50:00Z,UTC,density_adjusted_power_curve_median_0.5ms,wind_speed_100m,5.82,3.6,False
2026-02-21T12:00:00Z,2026-02-22T05:00:00Z,turbine-2,0.40817650492435414,Open-Meteo Single Runs API,ecmwf_ifs,2026-02-21T00:00:00Z,12,2026-02-21T12:00:00Z,2026-01-31T23:50:00Z,UTC,density_adjusted_power_curve_median_0.5ms,wind_speed_100m,7.27,5.2,False
2026-02-21T12:00:00Z,2026-02-22T06:00:00Z,turbine-2,0.6249490825864012,Open-Meteo Single Runs API,ecmwf_ifs,2026-02-21T00:00:00Z,12,2026-02-21T12:00:00Z,2026-01-31T23:50:00Z,UTC,density_adjusted_power_curve_median_0.5ms,wind_speed_100m,8.69,7.1,False
2026-02-21T12:00:00Z,2026-02-22T07:00:00Z,turbine-2,0.7666858686001083,Open-Meteo Single Runs API,ecmwf_ifs,2026-02-21T00:00:00Z,12,2026-02-21T12:00:00Z,2026-01-31T23:50:00Z,UTC,density_adjusted_power_curve_median_0.5ms,wind_speed_100m,9.66,8.7,False
2026-02-21T12:00:00Z,2026-02-22T08:00:00Z,turbine-2,0.7555631454431836,Open-Meteo Single Runs API,ecmwf_ifs,2026-02-21T00:00:00Z,12,2026-02-21T12:00:00Z,2026-01-31T23:50:00Z,UTC,density_adjusted_power_curve_median_0.5ms,wind_speed_100m,9.59,9.6,False
2026-02-21T12:00:00Z,2026-02-22T09:00:00Z,turbine-2,0.6580905961096886,Open-Meteo Single Runs API,ecmwf_ifs,2026-02-21T00:00:00Z,12,2026-02-21T12:00:00Z,2026-01-31T23:50:00Z,UTC,density_adjusted_power_curve_median_0.5ms,wind_speed_100m,8.93,10.1,False
2026-02-21T12:00:00Z,2026-02-22T10:00:00Z,turbine-2,0.5627552885245424,Open-Meteo Single Runs API,ecmwf_ifs,2026-02-21T00:00:00Z,12,2026-02-21T12:00:00Z,2026-01-31T23:50:00Z,UTC,density_adjusted_power_curve_median_0.5ms,wind_speed_100m,8.28,10.0,False
2026-02-21T12:00:00Z,2026-02-22T11:00:00Z,turbine-2,0.5078267085810599,Open-Meteo Single Runs API,ecmwf_ifs,2026-02-21T00:00:00Z,12,2026-02-21T12:00:00Z,2026-01-31T23:50:00Z,UTC,density_adjusted_power_curve_median_0.5ms,wind_speed_100m,7.92,9.3,False
2026-02-21T12:00:00Z,2026-02-22T12:00:00Z,turbine-2,0.4786016132866614,Open-Meteo Single Runs API,ecmwf_ifs,2026-02-21T00:00:00Z,12,2026-02-21T12:00:00Z,2026-01-31T23:50:00Z,UTC,density_adjusted_power_curve_median_0.5ms,wind_speed_100m,7.72,7.3,False
2026-02-21T12:00:00Z,2026-02-22T13:00:00Z,turbine-2,0.21182966433523123,Open-Meteo Single Runs API,ecmwf_ifs,2026-02-21T00:00:00Z,12,2026-02-21T12:00:00Z,2026-01-31T23:50:00Z,UTC,density_adjusted_power_curve_median_0.5ms,wind_speed_100m,5.9,4.8,False
2026-02-21T12:00:00Z,2026-02-22T14:00:00Z,turbine-2,0.07624078171679137,Open-Meteo Single Runs API,ecmwf_ifs,2026-02-21T00:00:00Z,12,2026-02-21T12:00:00Z,2026-01-31T23:50:00Z,UTC,density_adjusted_power_curve_median_0.5ms,wind_speed_100m,4.13,2.5,False
2026-02-21T12:00:00Z,2026-02-22T15:00:00Z,turbine-2,0.029336118617423024,Open-Meteo Single Runs API,ecmwf_ifs,2026-02-21T00:00:00Z,12,2026-02-21T12:00:00Z,2026-01-31T23:50:00Z,UTC,density_adjusted_power_curve_median_0.5ms,wind_speed_100m,3.18,1.2,False
2026-02-21T12:00:00Z,2026-02-22T16:00:00Z,turbine-2,0.01,Open-Meteo Single Runs API,ecmwf_ifs,2026-02-21T00:00:00Z,12,2026-02-21T12:00:00Z,2026-01-31T23:50:00Z,UTC,density_adjusted_power_curve_median_0.5ms,wind_speed_100m,2.62,0.6,False
2026-02-21T12:00:00Z,2026-02-22T17:00:00Z,turbine-2,0.01,Open-Meteo Single Runs API,ecmwf_ifs,2026-02-21T00:00:00Z,12,2026-02-21T12:00:00Z,2026-01-31T23:50:00Z,UTC,density_adjusted_power_curve_median_0.5ms,wind_speed_100m,1.92,0.7,False
2026-02-21T12:00:00Z,2026-02-22T18:00:00Z,turbine-2,0.01,Open-Meteo Single Runs API,ecmwf_ifs,2026-02-21T00:00:00Z,12,2026-02-21T12:00:00Z,2026-01-31T23:50:00Z,UTC,density_adjusted_power_curve_median_0.5ms,wind_speed_100m,1.98,0.5,False
2026-02-21T12:00:00Z,2026-02-22T19:00:00Z,turbine-2,0.01,Open-Meteo Single Runs API,ecmwf_ifs,2026-02-21T00:00:00Z,12,2026-02-21T12:00:00Z,2026-01-31T23:50:00Z,UTC,density_adjusted_power_curve_median_0.5ms,wind_speed_100m,2.45,0.3,False
2026-02-21T12:00:00Z,2026-02-22T20:00:00Z,turbine-2,0.01,Open-Meteo Single Runs API,ecmwf_ifs,2026-02-21T00:00:00Z,12,2026-02-21T12:00:00Z,2026-01-31T23:50:00Z,UTC,density_adjusted_power_curve_median_0.5ms,wind_speed_100m,1.16,0.7,False
2026-02-21T12:00:00Z,2026-02-22T21:00:00Z,turbine-2,0.01,Open-Meteo Single Runs API,ecmwf_ifs,2026-02-21T00:00:00Z,12,2026-02-21T12:00:00Z,2026-01-31T23:50:00Z,UTC,density_adjusted_power_curve_median_0.5ms,wind_speed_100m,0.75,1.8,False
2026-02-21T12:00:00Z,2026-02-22T22:00:00Z,turbine-2,0.01,Open-Meteo Single Runs API,ecmwf_ifs,2026-02-21T00:00:00Z,12,2026-02-21T12:00:00Z,2026-01-31T23:50:00Z,UTC,density_adjusted_power_curve_median_0.5ms,wind_speed_100m,0.86,2.9,False
2026-02-21T12:00:00Z,2026-02-22T23:00:00Z,turbine-2,0.01,Open-Meteo Single Runs API,ecmwf_ifs,2026-02-21T00:00:00Z,12,2026-02-21T12:00:00Z,2026-01-31T23:50:00Z,UTC,density_adjusted_power_curve_median_0.5ms,wind_speed_100m,1.74,2.9,False
2026-02-21T12:00:00Z,2026-02-23T00:00:00Z,turbine-2,0.021884374736530814,Open-Meteo Single Runs API,ecmwf_ifs,2026-02-21T00:00:00Z,12,2026-02-21T12:00:00Z,2026-01-31T23:50:00Z,UTC,density_adjusted_power_curve_median_0.5ms,wind_speed_100m,3.0,2.4,False
2026-02-21T12:00:00Z,2026-02-23T01:00:00Z,turbine-2,0.05784851752417372,Open-Meteo Single Runs API,ecmwf_ifs,2026-02-21T00:00:00Z,12,2026-02-21T12:00:00Z,2026-01-31T23:50:00Z,UTC,density_adjusted_power_curve_median_0.5ms,wind_speed_100m,3.82,2.1,False
2026-02-21T12:00:00Z,2026-02-23T02:00:00Z,turbine-2,0.048439592783433766,Open-Meteo Single Runs API,ecmwf_ifs,2026-02-21T00:00:00Z,12,2026-02-21T12:00:00Z,2026-01-31T23:50:00Z,UTC,density_adjusted_power_curve_median_0.5ms,wind_speed_100m,3.65,2.0,False
2026-02-21T12:00:00Z,2026-02-23T03:00:00Z,turbine-2,0.038586574855346244,Open-Meteo Single Runs API,ecmwf_ifs,2026-02-21T00:00:00Z,12,2026-02-21T12:00:00Z,2026-01-31T23:50:00Z,UTC,density_adjusted_power_curve_median_0.5ms,wind_speed_100m,3.42,4.6,False
2026-02-21T12:00:00Z,2026-02-23T04:00:00Z,turbine-2,0.03167666988516911,Open-Meteo Single Runs API,ecmwf_ifs,2026-02-21T00:00:00Z,12,2026-02-21T12:00:00Z,2026-01-31T23:50:00Z,UTC,density_adjusted_power_curve_median_0.5ms,wind_speed_100m,3.26,7.0,False
2026-02-21T12:00:00Z,2026-02-23T05:00:00Z,turbine-2,0.04652131897002951,Open-Meteo Single Runs API,ecmwf_ifs,2026-02-21T00:00:00Z,12,2026-02-21T12:00:00Z,2026-01-31T23:50:00Z,UTC,density_adjusted_power_curve_median_0.5ms,wind_speed_100m,3.63,8.2,False
2026-02-21T12:00:00Z,2026-02-23T06:00:00Z,turbine-2,0.10563160434727745,Open-Meteo Single Runs API,ecmwf_ifs,2026-02-21T00:00:00Z,12,2026-02-21T12:00:00Z,2026-01-31T23:50:00Z,UTC,density_adjusted_power_curve_median_0.5ms,wind_speed_100m,4.65,9.0,False
2026-02-21T12:00:00Z,2026-02-23T07:00:00Z,turbine-2,0.20057184489633917,Open-Meteo Single Runs API,ecmwf_ifs,2026-02-21T00:00:00Z,12,2026-02-21T12:00:00Z,2026-01-31T23:50:00Z,UTC,density_adjusted_power_curve_median_0.5ms,wind_speed_100m,5.82,9.1,False
2026-02-21T12:00:00Z,2026-02-23T08:00:00Z,turbine-2,0.2813912966167127,Open-Meteo Single Runs API,ecmwf_ifs,2026-02-21T00:00:00Z,12,2026-02-21T12:00:00Z,2026-01-31T23:50:00Z,UTC,density_adjusted_power_curve_median_0.5ms,wind_speed_100m,6.5,9.4,False
2026-02-21T12:00:00Z,2026-02-23T09:00:00Z,turbine-2,0.5015423409380162,Open-Meteo Single Runs API,ecmwf_ifs,2026-02-21T00:00:00Z,12,2026-02-21T12:00:00Z,2026-01-31T23:50:00Z,UTC,density_adjusted_power_curve_median_0.5ms,wind_speed_100m,7.88,9.2,False
2026-02-21T12:00:00Z,2026-02-23T10:00:00Z,turbine-2,0.6063618796133022,Open-Meteo Single Runs API,ecmwf_ifs,2026-02-21T00:00:00Z,12,2026-02-21T12:00:00Z,2026-01-31T23:50:00Z,UTC,density_adjusted_power_curve_median_0.5ms,wind_speed_100m,8.57,7.9,False
2026-02-21T12:00:00Z,2026-02-23T11:00:00Z,turbine-2,0.7052828216184777,Open-Meteo Single Runs API,ecmwf_ifs,2026-02-21T00:00:00Z,12,2026-02-21T12:00:00Z,2026-01-31T23:50:00Z,UTC,density_adjusted_power_curve_median_0.5ms,wind_speed_100m,9.19,6.2,False
2026-02-21T12:00:00Z,2026-02-23T12:00:00Z,turbine-2,0.787319853398715,Open-Meteo Single Runs API,ecmwf_ifs,2026-02-21T00:00:00Z,12,2026-02-21T12:00:00Z,2026-01-31T23:50:00Z,UTC,density_adjusted_power_curve_median_0.5ms,wind_speed_100m,9.76,4.8,False
2026-02-22T12:00:00Z,2026-02-22T13:00:00Z,turbine-1,0.23421401801361175,Open-Meteo Single Runs API,ecmwf_ifs,2026-02-22T00:00:00Z,12,2026-02-22T12:00:00Z,2026-01-31T23:50:00Z,UTC,density_adjusted_power_curve_median_0.5ms,wind_speed_100m,6.02,5.1,False
2026-02-22T12:00:00Z,2026-02-22T14:00:00Z,turbine-1,0.07339542234149024,Open-Meteo Single Runs API,ecmwf_ifs,2026-02-22T00:00:00Z,12,2026-02-22T12:00:00Z,2026-01-31T23:50:00Z,UTC,density_adjusted_power_curve_median_0.5ms,wind_speed_100m,4.03,2.9,False
2026-02-22T12:00:00Z,2026-02-22T15:00:00Z,turbine-1,0.010505640121369269,Open-Meteo Single Runs API,ecmwf_ifs,2026-02-22T00:00:00Z,12,2026-02-22T12:00:00Z,2026-01-31T23:50:00Z,UTC,density_adjusted_power_curve_median_0.5ms,wind_speed_100m,2.71,1.1,False
2026-02-22T12:00:00Z,2026-02-22T16:00:00Z,turbine-1,0.01,Open-Meteo Single Runs API,ecmwf_ifs,2026-02-22T00:00:00Z,12,2026-02-22T12:00:00Z,2026-01-31T23:50:00Z,UTC,density_adjusted_power_curve_median_0.5ms,wind_speed_100m,2.4,0.4,False
2026-02-22T12:00:00Z,2026-02-22T17:00:00Z,turbine-1,0.01,Open-Meteo Single Runs API,ecmwf_ifs,2026-02-22T00:00:00Z,12,2026-02-22T12:00:00Z,2026-01-31T23:50:00Z,UTC,density_adjusted_power_curve_median_0.5ms,wind_speed_100m,2.4,0.6,False
2026-02-22T12:00:00Z,2026-02-22T18:00:00Z,turbine-1,0.01,Open-Meteo Single Runs API,ecmwf_ifs,2026-02-22T00:00:00Z,12,2026-02-22T12:00:00Z,2026-01-31T23:50:00Z,UTC,density_adjusted_power_curve_median_0.5ms,wind_speed_100m,2.09,0.3,False
2026-02-22T12:00:00Z,2026-02-22T19:00:00Z,turbine-1,0.01,Open-Meteo Single Runs API,ecmwf_ifs,2026-02-22T00:00:00Z,12,2026-02-22T12:00:00Z,2026-01-31T23:50:00Z,UTC,density_adjusted_power_curve_median_0.5ms,wind_speed_100m,2.26,0.5,False
2026-02-22T12:00:00Z,2026-02-22T20:00:00Z,turbine-1,0.01,Open-Meteo Single Runs API,ecmwf_ifs,2026-02-22T00:00:00Z,12,2026-02-22T12:00:00Z,2026-01-31T23:50:00Z,UTC,density_adjusted_power_curve_median_0.5ms,wind_speed_100m,1.5,1.0,False
2026-02-22T12:00:00Z,2026-02-22T21:00:00Z,turbine-1,0.01,Open-Meteo Single Runs API,ecmwf_ifs,2026-02-22T00:00:00Z,12,2026-02-22T12:00:00Z,2026-01-31T23:50:00Z,UTC,density_adjusted_power_curve_median_0.5ms,wind_speed_100m,1.56,2.1,False
2026-02-22T12:00:00Z,2026-02-22T22:00:00Z,turbine-1,0.01,Open-Meteo Single Runs API,ecmwf_ifs,2026-02-22T00:00:00Z,12,2026-02-22T12:00:00Z,2026-01-31T23:50:00Z,UTC,density_adjusted_power_curve_median_0.5ms,wind_speed_100m,1.95,3.2,False
2026-02-22T12:00:00Z,2026-02-22T23:00:00Z,turbine-1,0.01,Open-Meteo Single Runs API,ecmwf_ifs,2026-02-22T00:00:00Z,12,2026-02-22T12:00:00Z,2026-01-31T23:50:00Z,UTC,density_adjusted_power_curve_median_0.5ms,wind_speed_100m,1.41,3.1,False
2026-02-22T12:00:00Z,2026-02-23T00:00:00Z,turbine-1,0.01,Open-Meteo Single Runs API,ecmwf_ifs,2026-02-22T00:00:00Z,12,2026-02-22T12:00:00Z,2026-01-31T23:50:00Z,UTC,density_adjusted_power_curve_median_0.5ms,wind_speed_100m,1.0,3.0,False
2026-02-22T12:00:00Z,2026-02-23T01:00:00Z,turbine-1,0.01,Open-Meteo Single Runs API,ecmwf_ifs,2026-02-22T00:00:00Z,12,2026-02-22T12:00:00Z,2026-01-31T23:50:00Z,UTC,density_adjusted_power_curve_median_0.5ms,wind_speed_100m,2.23,2.3,False
2026-02-22T12:00:00Z,2026-02-23T02:00:00Z,turbine-1,0.06791280476258099,Open-Meteo Single Runs API,ecmwf_ifs,2026-02-22T00:00:00Z,12,2026-02-22T12:00:00Z,2026-01-31T23:50:00Z,UTC,density_adjusted_power_curve_median_0.5ms,wind_speed_100m,3.89,1.8,False
2026-02-22T12:00:00Z,2026-02-23T03:00:00Z,turbine-1,0.08501494992631016,Open-Meteo Single Runs API,ecmwf_ifs,2026-02-22T00:00:00Z,12,2026-02-22T12:00:00Z,2026-01-31T23:50:00Z,UTC,density_adjusted_power_curve_median_0.5ms,wind_speed_100m,4.28,3.7,False
2026-02-22T12:00:00Z,2026-02-23T04:00:00Z,turbine-1,0.07392347140839302,Open-Meteo Single Runs API,ecmwf_ifs,2026-02-22T00:00:00Z,12,2026-02-22T12:00:00Z,2026-01-31T23:50:00Z,UTC,density_adjusted_power_curve_median_0.5ms,wind_speed_100m,4.06,6.4,False
2026-02-22T12:00:00Z,2026-02-23T05:00:00Z,turbine-1,0.07237911162600653,Open-Meteo Single Runs API,ecmwf_ifs,2026-02-22T00:00:00Z,12,2026-02-22T12:00:00Z,2026-01-31T23:50:00Z,UTC,density_adjusted_power_curve_median_0.5ms,wind_speed_100m,4.03,8.1,False
2026-02-22T12:00:00Z,2026-02-23T06:00:00Z,turbine-1,0.1201183531583355,Open-Meteo Single Runs API,ecmwf_ifs,2026-02-22T00:00:00Z,12,2026-02-22T12:00:00Z,2026-01-31T23:50:00Z,UTC,density_adjusted_power_curve_median_0.5ms,wind_speed_100m,4.85,9.0,False
2026-02-22T12:00:00Z,2026-02-23T07:00:00Z,turbine-1,0.19125524601105046,Open-Meteo Single Runs API,ecmwf_ifs,2026-02-22T00:00:00Z,12,2026-02-22T12:00:00Z,2026-01-31T23:50:00Z,UTC,density_adjusted_power_curve_median_0.5ms,wind_speed_100m,5.63,9.4,False
2026-02-22T12:00:00Z,2026-02-23T08:00:00Z,turbine-1,0.31043475727750613,Open-Meteo Single Runs API,ecmwf_ifs,2026-02-22T00:00:00Z,12,2026-02-22T12:00:00Z,2026-01-31T23:50:00Z,UTC,density_adjusted_power_curve_median_0.5ms,wind_speed_100m,6.62,7.9,False
2026-02-22T12:00:00Z,2026-02-23T09:00:00Z,turbine-1,0.3248506842224755,Open-Meteo Single Runs API,ecmwf_ifs,2026-02-22T00:00:00Z,12,2026-02-22T12:00:00Z,2026-01-31T23:50:00Z,UTC,density_adjusted_power_curve_median_0.5ms,wind_speed_100m,6.72,8.2,False
2026-02-22T12:00:00Z,2026-02-23T10:00:00Z,turbine-1,0.46881147389571437,Open-Meteo Single Runs API,ecmwf_ifs,2026-02-22T00:00:00Z,12,2026-02-22T12:00:00Z,2026-01-31T23:50:00Z,UTC,density_adjusted_power_curve_median_0.5ms,wind_speed_100m,7.6,7.6,False
2026-02-22T12:00:00Z,2026-02-23T11:00:00Z,turbine-1,0.6308266802635494,Open-Meteo Single Runs API,ecmwf_ifs,2026-02-22T00:00:00Z,12,2026-02-22T12:00:00Z,2026-01-31T23:50:00Z,UTC,density_adjusted_power_curve_median_0.5ms,wind_speed_100m,8.6,6.4,False
2026-02-22T12:00:00Z,2026-02-23T12:00:00Z,turbine-1,0.767762078864019,Open-Meteo Single Runs API,ecmwf_ifs,2026-02-22T00:00:00Z,12,2026-02-22T12:00:00Z,2026-01-31T23:50:00Z,UTC,density_adjusted_power_curve_median_0.5ms,wind_speed_100m,9.5,5.2,False
2026-02-22T12:00:00Z,2026-02-23T13:00:00Z,turbine-1,0.9319040570450958,Open-Meteo Single Runs API,ecmwf_ifs,2026-02-22T00:00:00Z,12,2026-02-22T12:00:00Z,2026-01-31T23:50:00Z,UTC,density_adjusted_power_curve_median_0.5ms,wind_speed_100m,10.64,4.0,False
2026-02-22T12:00:00Z,2026-02-23T14:00:00Z,turbine-1,0.8989077625805361,Open-Meteo Single Runs API,ecmwf_ifs,2026-02-22T00:00:00Z,12,2026-02-22T12:00:00Z,2026-01-31T23:50:00Z,UTC,density_adjusted_power_curve_median_0.5ms,wind_speed_100m,10.38,2.7,False
2026-02-22T12:00:00Z,2026-02-23T15:00:00Z,turbine-1,0.8838908797692829,Open-Meteo Single Runs API,ecmwf_ifs,2026-02-22T00:00:00Z,12,2026-02-22T12:00:00Z,2026-01-31T23:50:00Z,UTC,density_adjusted_power_curve_median_0.5ms,wind_speed_100m,10.26,1.6,False
2026-02-22T12:00:00Z,2026-02-23T16:00:00Z,turbine-1,0.9328181904669136,Open-Meteo Single Runs API,ecmwf_ifs,2026-02-22T00:00:00Z,12,2026-02-22T12:00:00Z,2026-01-31T23:50:00Z,UTC,density_adjusted_power_curve_median_0.5ms,wind_speed_100m,10.61,0.8,False
2026-02-22T12:00:00Z,2026-02-23T17:00:00Z,turbine-1,0.9695329753780658,Open-Meteo Single Runs API,ecmwf_ifs,2026-02-22T00:00:00Z,12,2026-02-22T12:00:00Z,2026-01-31T23:50:00Z,UTC,density_adjusted_power_curve_median_0.5ms,wind_speed_100m,11.04,-0.4,False
2026-02-22T12:00:00Z,2026-02-23T18:00:00Z,turbine-1,0.8846023602911117,Open-Meteo Single Runs API,ecmwf_ifs,2026-02-22T00:00:00Z,12,2026-02-22T12:00:00Z,2026-01-31T23:50:00Z,UTC,density_adjusted_power_curve_median_0.5ms,wind_speed_100m,10.22,-2.0,False
2026-02-22T12:00:00Z,2026-02-23T19:00:00Z,turbine-1,0.8620374984984324,Open-Meteo Single Runs API,ecmwf_ifs,2026-02-22T00:00:00Z,12,2026-02-22T12:00:00Z,2026-01-31T23:50:00Z,UTC,density_adjusted_power_curve_median_0.5ms,wind_speed_100m,10.05,-2.9,False
2026-02-22T12:00:00Z,2026-02-23T20:00:00Z,turbine-1,0.7220731952480974,Open-Meteo Single Runs API,ecmwf_ifs,2026-02-22T00:00:00Z,12,2026-02-22T12:00:00Z,2026-01-31T23:50:00Z,UTC,density_adjusted_power_curve_median_0.5ms,wind_speed_100m,9.12,-3.2,False
2026-02-22T12:00:00Z,2026-02-23T21:00:00Z,turbine-1,0.61753725601027,Open-Meteo Single Runs API,ecmwf_ifs,2026-02-22T00:00:00Z,12,2026-02-22T12:00:00Z,2026-01-31T23:50:00Z,UTC,density_adjusted_power_curve_median_0.5ms,wind_speed_100m,8.42,-3.0,False
2026-02-22T12:00:00Z,2026-02-23T22:00:00Z,turbine-1,0.6259277138092708,Open-Meteo Single Runs API,ecmwf_ifs,2026-02-22T00:00:00Z,12,2026-02-22T12:00:00Z,2026-01-31T23:50:00Z,UTC,density_adjusted_power_curve_median_0.5ms,wind_speed_100m,8.47,-3.2,False
2026-02-22T12:00:00Z,2026-02-23T23:00:00Z,turbine-1,0.6445343619125682,Open-Meteo Single Runs API,ecmwf_ifs,2026-02-22T00:00:00Z,12,2026-02-22T12:00:00Z,2026-01-31T23:50:00Z,UTC,density_adjusted_power_curve_median_0.5ms,wind_speed_100m,8.59,-3.1,False
2026-02-22T12:00:00Z,2026-02-24T00:00:00Z,turbine-1,0.6772265819040127,Open-Meteo Single Runs API,ecmwf_ifs,2026-02-22T00:00:00Z,12,2026-02-22T12:00:00Z,2026-01-31T23:50:00Z,UTC,density_adjusted_power_curve_median_0.5ms,wind_speed_100m,8.82,-2.9,False
2026-02-22T12:00:00Z,2026-02-24T01:00:00Z,turbine-1,0.6597033423714308,Open-Meteo Single Runs API,ecmwf_ifs,2026-02-22T00:00:00Z,12,2026-02-22T12:00:00Z,2026-01-31T23:50:00Z,UTC,density_adjusted_power_curve_median_0.5ms,wind_speed_100m,8.7,-2.7,False
2026-02-22T12:00:00Z,2026-02-24T02:00:00Z,turbine-1,0.652226315345907,Open-Meteo Single Runs API,ecmwf_ifs,2026-02-22T00:00:00Z,12,2026-02-22T12:00:00Z,2026-01-31T23:50:00Z,UTC,density_adjusted_power_curve_median_0.5ms,wind_speed_100m,8.65,-2.5,False
2026-02-22T12:00:00Z,2026-02-24T03:00:00Z,turbine-1,0.4197995902791675,Open-Meteo Single Runs API,ecmwf_ifs,2026-02-22T00:00:00Z,12,2026-02-22T12:00:00Z,2026-01-31T23:50:00Z,UTC,density_adjusted_power_curve_median_0.5ms,wind_speed_100m,7.22,-1.8,False
2026-02-22T12:00:00Z,2026-02-24T04:00:00Z,turbine-1,0.36927474868145016,Open-Meteo Single Runs API,ecmwf_ifs,2026-02-22T00:00:00Z,12,2026-02-22T12:00:00Z,2026-01-31T23:50:00Z,UTC,density_adjusted_power_curve_median_0.5ms,wind_speed_100m,6.92,-0.9,False
2026-02-22T12:00:00Z,2026-02-24T05:00:00Z,turbine-1,0.32554986049508133,Open-Meteo Single Runs API,ecmwf_ifs,2026-02-22T00:00:00Z,12,2026-02-22T12:00:00Z,2026-01-31T23:50:00Z,UTC,density_adjusted_power_curve_median_0.5ms,wind_speed_100m,6.66,0.2,False
2026-02-22T12:00:00Z,2026-02-24T06:00:00Z,turbine-1,0.27678130337479556,Open-Meteo Single Runs API,ecmwf_ifs,2026-02-22T00:00:00Z,12,2026-02-22T12:00:00Z,2026-01-31T23:50:00Z,UTC,density_adjusted_power_curve_median_0.5ms,wind_speed_100m,6.33,1.0,False
2026-02-22T12:00:00Z,2026-02-24T07:00:00Z,turbine-1,0.25040471772365974,Open-Meteo Single Runs API,ecmwf_ifs,2026-02-22T00:00:00Z,12,2026-02-22T12:00:00Z,2026-01-31T23:50:00Z,UTC,density_adjusted_power_curve_median_0.5ms,wind_speed_100m,6.15,1.6,False
2026-02-22T12:00:00Z,2026-02-24T08:00:00Z,turbine-1,0.2180602106774561,Open-Meteo Single Runs API,ecmwf_ifs,2026-02-22T00:00:00Z,12,2026-02-22T12:00:00Z,2026-01-31T23:50:00Z,UTC,density_adjusted_power_curve_median_0.5ms,wind_speed_100m,5.84,1.8,False
2026-02-22T12:00:00Z,2026-02-24T09:00:00Z,turbine-1,0.1781269529578432,Open-Meteo Single Runs API,ecmwf_ifs,2026-02-22T00:00:00Z,12,2026-02-22T12:00:00Z,2026-01-31T23:50:00Z,UTC,density_adjusted_power_curve_median_0.5ms,wind_speed_100m,5.45,1.9,False
2026-02-22T12:00:00Z,2026-02-24T10:00:00Z,turbine-1,0.1334706680446784,Open-Meteo Single Runs API,ecmwf_ifs,2026-02-22T00:00:00Z,12,2026-02-22T12:00:00Z,2026-01-31T23:50:00Z,UTC,density_adjusted_power_curve_median_0.5ms,wind_speed_100m,4.97,1.7,False
2026-02-22T12:00:00Z,2026-02-24T11:00:00Z,turbine-1,0.09482423154923453,Open-Meteo Single Runs API,ecmwf_ifs,2026-02-22T00:00:00Z,12,2026-02-22T12:00:00Z,2026-01-31T23:50:00Z,UTC,density_adjusted_power_curve_median_0.5ms,wind_speed_100m,4.43,1.2,False
2026-02-22T12:00:00Z,2026-02-24T12:00:00Z,turbine-1,0.04485718498368907,Open-Meteo Single Runs API,ecmwf_ifs,2026-02-22T00:00:00Z,12,2026-02-22T12:00:00Z,2026-01-31T23:50:00Z,UTC,density_adjusted_power_curve_median_0.5ms,wind_speed_100m,3.44,0.4,False
2026-02-22T12:00:00Z,2026-02-22T13:00:00Z,turbine-2,0.22392165739737985,Open-Meteo Single Runs API,ecmwf_ifs,2026-02-22T00:00:00Z,12,2026-02-22T12:00:00Z,2026-01-31T23:50:00Z,UTC,density_adjusted_power_curve_median_0.5ms,wind_speed_100m,6.02,5.1,False
2026-02-22T12:00:00Z,2026-02-22T14:00:00Z,turbine-2,0.07015594763437646,Open-Meteo Single Runs API,ecmwf_ifs,2026-02-22T00:00:00Z,12,2026-02-22T12:00:00Z,2026-01-31T23:50:00Z,UTC,density_adjusted_power_curve_median_0.5ms,wind_speed_100m,4.03,2.9,False
2026-02-22T12:00:00Z,2026-02-22T15:00:00Z,turbine-2,0.010352383237798822,Open-Meteo Single Runs API,ecmwf_ifs,2026-02-22T00:00:00Z,12,2026-02-22T12:00:00Z,2026-01-31T23:50:00Z,UTC,density_adjusted_power_curve_median_0.5ms,wind_speed_100m,2.71,1.1,False
2026-02-22T12:00:00Z,2026-02-22T16:00:00Z,turbine-2,0.01,Open-Meteo Single Runs API,ecmwf_ifs,2026-02-22T00:00:00Z,12,2026-02-22T12:00:00Z,2026-01-31T23:50:00Z,UTC,density_adjusted_power_curve_median_0.5ms,wind_speed_100m,2.4,0.4,False
2026-02-22T12:00:00Z,2026-02-22T17:00:00Z,turbine-2,0.01,Open-Meteo Single Runs API,ecmwf_ifs,2026-02-22T00:00:00Z,12,2026-02-22T12:00:00Z,2026-01-31T23:50:00Z,UTC,density_adjusted_power_curve_median_0.5ms,wind_speed_100m,2.4,0.6,False
2026-02-22T12:00:00Z,2026-02-22T18:00:00Z,turbine-2,0.01,Open-Meteo Single Runs API,ecmwf_ifs,2026-02-22T00:00:00Z,12,2026-02-22T12:00:00Z,2026-01-31T23:50:00Z,UTC,density_adjusted_power_curve_median_0.5ms,wind_speed_100m,2.09,0.3,False
2026-02-22T12:00:00Z,2026-02-22T19:00:00Z,turbine-2,0.01,Open-Meteo Single Runs API,ecmwf_ifs,2026-02-22T00:00:00Z,12,2026-02-22T12:00:00Z,2026-01-31T23:50:00Z,UTC,density_adjusted_power_curve_median_0.5ms,wind_speed_100m,2.26,0.5,False
2026-02-22T12:00:00Z,2026-02-22T20:00:00Z,turbine-2,0.01,Open-Meteo Single Runs API,ecmwf_ifs,2026-02-22T00:00:00Z,12,2026-02-22T12:00:00Z,2026-01-31T23:50:00Z,UTC,density_adjusted_power_curve_median_0.5ms,wind_speed_100m,1.5,1.0,False
2026-02-22T12:00:00Z,2026-02-22T21:00:00Z,turbine-2,0.01,Open-Meteo Single Runs API,ecmwf_ifs,2026-02-22T00:00:00Z,12,2026-02-22T12:00:00Z,2026-01-31T23:50:00Z,UTC,density_adjusted_power_curve_median_0.5ms,wind_speed_100m,1.56,2.1,False
2026-02-22T12:00:00Z,2026-02-22T22:00:00Z,turbine-2,0.01,Open-Meteo Single Runs API,ecmwf_ifs,2026-02-22T00:00:00Z,12,2026-02-22T12:00:00Z,2026-01-31T23:50:00Z,UTC,density_adjusted_power_curve_median_0.5ms,wind_speed_100m,1.95,3.2,False
2026-02-22T12:00:00Z,2026-02-22T23:00:00Z,turbine-2,0.01,Open-Meteo Single Runs API,ecmwf_ifs,2026-02-22T00:00:00Z,12,2026-02-22T12:00:00Z,2026-01-31T23:50:00Z,UTC,density_adjusted_power_curve_median_0.5ms,wind_speed_100m,1.41,3.1,False
2026-02-22T12:00:00Z,2026-02-23T00:00:00Z,turbine-2,0.01,Open-Meteo Single Runs API,ecmwf_ifs,2026-02-22T00:00:00Z,12,2026-02-22T12:00:00Z,2026-01-31T23:50:00Z,UTC,density_adjusted_power_curve_median_0.5ms,wind_speed_100m,1.0,3.0,False
2026-02-22T12:00:00Z,2026-02-23T01:00:00Z,turbine-2,0.01,Open-Meteo Single Runs API,ecmwf_ifs,2026-02-22T00:00:00Z,12,2026-02-22T12:00:00Z,2026-01-31T23:50:00Z,UTC,density_adjusted_power_curve_median_0.5ms,wind_speed_100m,2.23,2.3,False
2026-02-22T12:00:00Z,2026-02-23T02:00:00Z,turbine-2,0.062113013582740434,Open-Meteo Single Runs API,ecmwf_ifs,2026-02-22T00:00:00Z,12,2026-02-22T12:00:00Z,2026-01-31T23:50:00Z,UTC,density_adjusted_power_curve_median_0.5ms,wind_speed_100m,3.89,1.8,False
2026-02-22T12:00:00Z,2026-02-23T03:00:00Z,turbine-2,0.08492041403991746,Open-Meteo Single Runs API,ecmwf_ifs,2026-02-22T00:00:00Z,12,2026-02-22T12:00:00Z,2026-01-31T23:50:00Z,UTC,density_adjusted_power_curve_median_0.5ms,wind_speed_100m,4.28,3.7,False
2026-02-22T12:00:00Z,2026-02-23T04:00:00Z,turbine-2,0.07093058926494808,Open-Meteo Single Runs API,ecmwf_ifs,2026-02-22T00:00:00Z,12,2026-02-22T12:00:00Z,2026-01-31T23:50:00Z,UTC,density_adjusted_power_curve_median_0.5ms,wind_speed_100m,4.06,6.4,False
2026-02-22T12:00:00Z,2026-02-23T05:00:00Z,turbine-2,0.06866503203740851,Open-Meteo Single Runs API,ecmwf_ifs,2026-02-22T00:00:00Z,12,2026-02-22T12:00:00Z,2026-01-31T23:50:00Z,UTC,density_adjusted_power_curve_median_0.5ms,wind_speed_100m,4.03,8.1,False
2026-02-22T12:00:00Z,2026-02-23T06:00:00Z,turbine-2,0.11778428925632387,Open-Meteo Single Runs API,ecmwf_ifs,2026-02-22T00:00:00Z,12,2026-02-22T12:00:00Z,2026-01-31T23:50:00Z,UTC,density_adjusted_power_curve_median_0.5ms,wind_speed_100m,4.85,9.0,False
2026-02-22T12:00:00Z,2026-02-23T07:00:00Z,turbine-2,0.18118101599766376,Open-Meteo Single Runs API,ecmwf_ifs,2026-02-22T00:00:00Z,12,2026-02-22T12:00:00Z,2026-01-31T23:50:00Z,UTC,density_adjusted_power_curve_median_0.5ms,wind_speed_100m,5.63,9.4,False
2026-02-22T12:00:00Z,2026-02-23T08:00:00Z,turbine-2,0.300093140357939,Open-Meteo Single Runs API,ecmwf_ifs,2026-02-22T00:00:00Z,12,2026-02-22T12:00:00Z,2026-01-31T23:50:00Z,UTC,density_adjusted_power_curve_median_0.5ms,wind_speed_100m,6.62,7.9,False
2026-02-22T12:00:00Z,2026-02-23T09:00:00Z,turbine-2,0.3145391040138399,Open-Meteo Single Runs API,ecmwf_ifs,2026-02-22T00:00:00Z,12,2026-02-22T12:00:00Z,2026-01-31T23:50:00Z,UTC,density_adjusted_power_curve_median_0.5ms,wind_speed_100m,6.72,8.2,False
2026-02-22T12:00:00Z,2026-02-23T10:00:00Z,turbine-2,0.4586685333470587,Open-Meteo Single Runs API,ecmwf_ifs,2026-02-22T00:00:00Z,12,2026-02-22T12:00:00Z,2026-01-31T23:50:00Z,UTC,density_adjusted_power_curve_median_0.5ms,wind_speed_100m,7.6,7.6,False
2026-02-22T12:00:00Z,2026-02-23T11:00:00Z,turbine-2,0.612731030917501,Open-Meteo Single Runs API,ecmwf_ifs,2026-02-22T00:00:00Z,12,2026-02-22T12:00:00Z,2026-01-31T23:50:00Z,UTC,density_adjusted_power_curve_median_0.5ms,wind_speed_100m,8.6,6.4,False
2026-02-22T12:00:00Z,2026-02-23T12:00:00Z,turbine-2,0.7499922212626741,Open-Meteo Single Runs API,ecmwf_ifs,2026-02-22T00:00:00Z,12,2026-02-22T12:00:00Z,2026-01-31T23:50:00Z,UTC,density_adjusted_power_curve_median_0.5ms,wind_speed_100m,9.5,5.2,False
2026-02-22T12:00:00Z,2026-02-23T13:00:00Z,turbine-2,0.9117204688909353,Open-Meteo Single Runs API,ecmwf_ifs,2026-02-22T00:00:00Z,12,2026-02-22T12:00:00Z,2026-01-31T23:50:00Z,UTC,density_adjusted_power_curve_median_0.5ms,wind_speed_100m,10.64,4.0,False
2026-02-22T12:00:00Z,2026-02-23T14:00:00Z,turbine-2,0.878527019989831,Open-Meteo Single Runs API,ecmwf_ifs,2026-02-22T00:00:00Z,12,2026-02-22T12:00:00Z,2026-01-31T23:50:00Z,UTC,density_adjusted_power_curve_median_0.5ms,wind_speed_100m,10.38,2.7,False
2026-02-22T12:00:00Z,2026-02-23T15:00:00Z,turbine-2,0.8637701705143083,Open-Meteo Single Runs API,ecmwf_ifs,2026-02-22T00:00:00Z,12,2026-02-22T12:00:00Z,2026-01-31T23:50:00Z,UTC,density_adjusted_power_curve_median_0.5ms,wind_speed_100m,10.26,1.6,False
2026-02-22T12:00:00Z,2026-02-23T16:00:00Z,turbine-2,0.9128766003233189,Open-Meteo Single Runs API,ecmwf_ifs,2026-02-22T00:00:00Z,12,2026-02-22T12:00:00Z,2026-01-31T23:50:00Z,UTC,density_adjusted_power_curve_median_0.5ms,wind_speed_100m,10.61,0.8,False
2026-02-22T12:00:00Z,2026-02-23T17:00:00Z,turbine-2,0.9593108689496409,Open-Meteo Single Runs API,ecmwf_ifs,2026-02-22T00:00:00Z,12,2026-02-22T12:00:00Z,2026-01-31T23:50:00Z,UTC,density_adjusted_power_curve_median_0.5ms,wind_speed_100m,11.04,-0.4,False
2026-02-22T12:00:00Z,2026-02-23T18:00:00Z,turbine-2,0.8644693309923753,Open-Meteo Single Runs API,ecmwf_ifs,2026-02-22T00:00:00Z,12,2026-02-22T12:00:00Z,2026-01-31T23:50:00Z,UTC,density_adjusted_power_curve_median_0.5ms,wind_speed_100m,10.22,-2.0,False
2026-02-22T12:00:00Z,2026-02-23T19:00:00Z,turbine-2,0.8422952038385685,Open-Meteo Single Runs API,ecmwf_ifs,2026-02-22T00:00:00Z,12,2026-02-22T12:00:00Z,2026-01-31T23:50:00Z,UTC,density_adjusted_power_curve_median_0.5ms,wind_speed_100m,10.05,-2.9,False
2026-02-22T12:00:00Z,2026-02-23T20:00:00Z,turbine-2,0.7101036435071693,Open-Meteo Single Runs API,ecmwf_ifs,2026-02-22T00:00:00Z,12,2026-02-22T12:00:00Z,2026-01-31T23:50:00Z,UTC,density_adjusted_power_curve_median_0.5ms,wind_speed_100m,9.12,-3.2,False
2026-02-22T12:00:00Z,2026-02-23T21:00:00Z,turbine-2,0.6009908946690296,Open-Meteo Single Runs API,ecmwf_ifs,2026-02-22T00:00:00Z,12,2026-02-22T12:00:00Z,2026-01-31T23:50:00Z,UTC,density_adjusted_power_curve_median_0.5ms,wind_speed_100m,8.42,-3.0,False
2026-02-22T12:00:00Z,2026-02-23T22:00:00Z,turbine-2,0.6084031885254029,Open-Meteo Single Runs API,ecmwf_ifs,2026-02-22T00:00:00Z,12,2026-02-22T12:00:00Z,2026-01-31T23:50:00Z,UTC,density_adjusted_power_curve_median_0.5ms,wind_speed_100m,8.47,-3.2,False
2026-02-22T12:00:00Z,2026-02-23T23:00:00Z,turbine-2,0.6260333135333306,Open-Meteo Single Runs API,ecmwf_ifs,2026-02-22T00:00:00Z,12,2026-02-22T12:00:00Z,2026-01-31T23:50:00Z,UTC,density_adjusted_power_curve_median_0.5ms,wind_speed_100m,8.59,-3.1,False
2026-02-22T12:00:00Z,2026-02-24T00:00:00Z,turbine-2,0.662721116859261,Open-Meteo Single Runs API,ecmwf_ifs,2026-02-22T00:00:00Z,12,2026-02-22T12:00:00Z,2026-01-31T23:50:00Z,UTC,density_adjusted_power_curve_median_0.5ms,wind_speed_100m,8.82,-2.9,False
2026-02-22T12:00:00Z,2026-02-24T01:00:00Z,turbine-2,0.6430562190403679,Open-Meteo Single Runs API,ecmwf_ifs,2026-02-22T00:00:00Z,12,2026-02-22T12:00:00Z,2026-01-31T23:50:00Z,UTC,density_adjusted_power_curve_median_0.5ms,wind_speed_100m,8.7,-2.7,False
2026-02-22T12:00:00Z,2026-02-24T02:00:00Z,turbine-2,0.6346653634469921,Open-Meteo Single Runs API,ecmwf_ifs,2026-02-22T00:00:00Z,12,2026-02-22T12:00:00Z,2026-01-31T23:50:00Z,UTC,density_adjusted_power_curve_median_0.5ms,wind_speed_100m,8.65,-2.5,False
2026-02-22T12:00:00Z,2026-02-24T03:00:00Z,turbine-2,0.4100695844500437,Open-Meteo Single Runs API,ecmwf_ifs,2026-02-22T00:00:00Z,12,2026-02-22T12:00:00Z,2026-01-31T23:50:00Z,UTC,density_adjusted_power_curve_median_0.5ms,wind_speed_100m,7.22,-1.8,False
2026-02-22T12:00:00Z,2026-02-24T04:00:00Z,turbine-2,0.3594043129309744,Open-Meteo Single Runs API,ecmwf_ifs,2026-02-22T00:00:00Z,12,2026-02-22T12:00:00Z,2026-01-31T23:50:00Z,UTC,density_adjusted_power_curve_median_0.5ms,wind_speed_100m,6.92,-0.9,False
2026-02-22T12:00:00Z,2026-02-24T05:00:00Z,turbine-2,0.3152452233192747,Open-Meteo Single Runs API,ecmwf_ifs,2026-02-22T00:00:00Z,12,2026-02-22T12:00:00Z,2026-01-31T23:50:00Z,UTC,density_adjusted_power_curve_median_0.5ms,wind_speed_100m,6.66,0.2,False
2026-02-22T12:00:00Z,2026-02-24T06:00:00Z,turbine-2,0.2663455857461574,Open-Meteo Single Runs API,ecmwf_ifs,2026-02-22T00:00:00Z,12,2026-02-22T12:00:00Z,2026-01-31T23:50:00Z,UTC,density_adjusted_power_curve_median_0.5ms,wind_speed_100m,6.33,1.0,False
2026-02-22T12:00:00Z,2026-02-24T07:00:00Z,turbine-2,0.23992468186066002,Open-Meteo Single Runs API,ecmwf_ifs,2026-02-22T00:00:00Z,12,2026-02-22T12:00:00Z,2026-01-31T23:50:00Z,UTC,density_adjusted_power_curve_median_0.5ms,wind_speed_100m,6.15,1.6,False
2026-02-22T12:00:00Z,2026-02-24T08:00:00Z,turbine-2,0.20784435746883728,Open-Meteo Single Runs API,ecmwf_ifs,2026-02-22T00:00:00Z,12,2026-02-22T12:00:00Z,2026-01-31T23:50:00Z,UTC,density_adjusted_power_curve_median_0.5ms,wind_speed_100m,5.84,1.8,False
2026-02-22T12:00:00Z,2026-02-24T09:00:00Z,turbine-2,0.1681323645886269,Open-Meteo Single Runs API,ecmwf_ifs,2026-02-22T00:00:00Z,12,2026-02-22T12:00:00Z,2026-01-31T23:50:00Z,UTC,density_adjusted_power_curve_median_0.5ms,wind_speed_100m,5.45,1.9,False
2026-02-22T12:00:00Z,2026-02-24T10:00:00Z,turbine-2,0.12775924584674628,Open-Meteo Single Runs API,ecmwf_ifs,2026-02-22T00:00:00Z,12,2026-02-22T12:00:00Z,2026-01-31T23:50:00Z,UTC,density_adjusted_power_curve_median_0.5ms,wind_speed_100m,4.97,1.7,False
2026-02-22T12:00:00Z,2026-02-24T11:00:00Z,turbine-2,0.09485445152435472,Open-Meteo Single Runs API,ecmwf_ifs,2026-02-22T00:00:00Z,12,2026-02-22T12:00:00Z,2026-01-31T23:50:00Z,UTC,density_adjusted_power_curve_median_0.5ms,wind_speed_100m,4.43,1.2,False
2026-02-22T12:00:00Z,2026-02-24T12:00:00Z,turbine-2,0.04011745699942598,Open-Meteo Single Runs API,ecmwf_ifs,2026-02-22T00:00:00Z,12,2026-02-22T12:00:00Z,2026-01-31T23:50:00Z,UTC,density_adjusted_power_curve_median_0.5ms,wind_speed_100m,3.44,0.4,False
2026-02-23T12:00:00Z,2026-02-23T13:00:00Z,turbine-1,0.672689988355004,Open-Meteo Single Runs API,ecmwf_ifs,2026-02-23T00:00:00Z,12,2026-02-23T12:00:00Z,2026-01-31T23:50:00Z,UTC,density_adjusted_power_curve_median_0.5ms,wind_speed_100m,8.87,4.7,False
2026-02-23T12:00:00Z,2026-02-23T14:00:00Z,turbine-1,0.9482272845616838,Open-Meteo Single Runs API,ecmwf_ifs,2026-02-23T00:00:00Z,12,2026-02-23T12:00:00Z,2026-01-31T23:50:00Z,UTC,density_adjusted_power_curve_median_0.5ms,wind_speed_100m,10.83,3.3,False
2026-02-23T12:00:00Z,2026-02-23T15:00:00Z,turbine-1,0.9794761711537017,Open-Meteo Single Runs API,ecmwf_ifs,2026-02-23T00:00:00Z,12,2026-02-23T12:00:00Z,2026-01-31T23:50:00Z,UTC,density_adjusted_power_curve_median_0.5ms,wind_speed_100m,11.3,1.6,False
2026-02-23T12:00:00Z,2026-02-23T16:00:00Z,turbine-1,0.8514734043449148,Open-Meteo Single Runs API,ecmwf_ifs,2026-02-23T00:00:00Z,12,2026-02-23T12:00:00Z,2026-01-31T23:50:00Z,UTC,density_adjusted_power_curve_median_0.5ms,wind_speed_100m,10.02,0.7,False
2026-02-23T12:00:00Z,2026-02-23T17:00:00Z,turbine-1,0.8358026033157373,Open-Meteo Single Runs API,ecmwf_ifs,2026-02-23T00:00:00Z,12,2026-02-23T12:00:00Z,2026-01-31T23:50:00Z,UTC,density_adjusted_power_curve_median_0.5ms,wind_speed_100m,9.9,-0.1,False
2026-02-23T12:00:00Z,2026-02-23T18:00:00Z,turbine-1,0.8642034805872251,Open-Meteo Single Runs API,ecmwf_ifs,2026-02-23T00:00:00Z,12,2026-02-23T12:00:00Z,2026-01-31T23:50:00Z,UTC,density_adjusted_power_curve_median_0.5ms,wind_speed_100m,10.09,-0.9,False
2026-02-23T12:00:00Z,2026-02-23T19:00:00Z,turbine-1,0.7740617276304558,Open-Meteo Single Runs API,ecmwf_ifs,2026-02-23T00:00:00Z,12,2026-02-23T12:00:00Z,2026-01-31T23:50:00Z,UTC,density_adjusted_power_curve_median_0.5ms,wind_speed_100m,9.46,-1.7,False
2026-02-23T12:00:00Z,2026-02-23T20:00:00Z,turbine-1,0.6906271911788581,Open-Meteo Single Runs API,ecmwf_ifs,2026-02-23T00:00:00Z,12,2026-02-23T12:00:00Z,2026-01-31T23:50:00Z,UTC,density_adjusted_power_curve_median_0.5ms,wind_speed_100m,8.92,-2.3,False
2026-02-23T12:00:00Z,2026-02-23T21:00:00Z,turbine-1,0.4588774244420605,Open-Meteo Single Runs API,ecmwf_ifs,2026-02-23T00:00:00Z,12,2026-02-23T12:00:00Z,2026-01-31T23:50:00Z,UTC,density_adjusted_power_curve_median_0.5ms,wind_speed_100m,7.45,-2.3,False
2026-02-23T12:00:00Z,2026-02-23T22:00:00Z,turbine-1,0.5183211876855642,Open-Meteo Single Runs API,ecmwf_ifs,2026-02-23T00:00:00Z,12,2026-02-23T12:00:00Z,2026-01-31T23:50:00Z,UTC,density_adjusted_power_curve_median_0.5ms,wind_speed_100m,7.81,-2.6,False
2026-02-23T12:00:00Z,2026-02-23T23:00:00Z,turbine-1,0.4649540325295054,Open-Meteo Single Runs API,ecmwf_ifs,2026-02-23T00:00:00Z,12,2026-02-23T12:00:00Z,2026-01-31T23:50:00Z,UTC,density_adjusted_power_curve_median_0.5ms,wind_speed_100m,7.48,-3.0,False
2026-02-23T12:00:00Z,2026-02-24T00:00:00Z,turbine-1,0.39174228675866374,Open-Meteo Single Runs API,ecmwf_ifs,2026-02-23T00:00:00Z,12,2026-02-23T12:00:00Z,2026-01-31T23:50:00Z,UTC,density_adjusted_power_curve_median_0.5ms,wind_speed_100m,7.04,-3.0,False
2026-02-23T12:00:00Z,2026-02-24T01:00:00Z,turbine-1,0.40641623708057995,Open-Meteo Single Runs API,ecmwf_ifs,2026-02-23T00:00:00Z,12,2026-02-23T12:00:00Z,2026-01-31T23:50:00Z,UTC,density_adjusted_power_curve_median_0.5ms,wind_speed_100m,7.13,-2.9,False
2026-02-23T12:00:00Z,2026-02-24T02:00:00Z,turbine-1,0.3833113020755044,Open-Meteo Single Runs API,ecmwf_ifs,2026-02-23T00:00:00Z,12,2026-02-23T12:00:00Z,2026-01-31T23:50:00Z,UTC,density_adjusted_power_curve_median_0.5ms,wind_speed_100m,6.99,-2.8,False
2026-02-23T12:00:00Z,2026-02-24T03:00:00Z,turbine-1,0.329000132745523,Open-Meteo Single Runs API,ecmwf_ifs,2026-02-23T00:00:00Z,12,2026-02-23T12:00:00Z,2026-01-31T23:50:00Z,UTC,density_adjusted_power_curve_median_0.5ms,wind_speed_100m,6.66,-2.4,False
2026-02-23T12:00:00Z,2026-02-24T04:00:00Z,turbine-1,0.3186200435100929,Open-Meteo Single Runs API,ecmwf_ifs,2026-02-23T00:00:00Z,12,2026-02-23T12:00:00Z,2026-01-31T23:50:00Z,UTC,density_adjusted_power_curve_median_0.5ms,wind_speed_100m,6.6,-1.8,False
2026-02-23T12:00:00Z,2026-02-24T05:00:00Z,turbine-1,0.3400105423623195,Open-Meteo Single Runs API,ecmwf_ifs,2026-02-23T00:00:00Z,12,2026-02-23T12:00:00Z,2026-01-31T23:50:00Z,UTC,density_adjusted_power_curve_median_0.5ms,wind_speed_100m,6.74,-0.9,False
2026-02-23T12:00:00Z,2026-02-24T06:00:00Z,turbine-1,0.3540993568040623,Open-Meteo Single Runs API,ecmwf_ifs,2026-02-23T00:00:00Z,12,2026-02-23T12:00:00Z,2026-01-31T23:50:00Z,UTC,density_adjusted_power_curve_median_0.5ms,wind_speed_100m,6.83,-0.5,False
2026-02-23T12:00:00Z,2026-02-24T07:00:00Z,turbine-1,0.3440805308704209,Open-Meteo Single Runs API,ecmwf_ifs,2026-02-23T00:00:00Z,12,2026-02-23T12:00:00Z,2026-01-31T23:50:00Z,UTC,density_adjusted_power_curve_median_0.5ms,wind_speed_100m,6.77,-0.3,False
2026-02-23T12:00:00Z,2026-02-24T08:00:00Z,turbine-1,0.3324425310149357,Open-Meteo Single Runs API,ecmwf_ifs,2026-02-23T00:00:00Z,12,2026-02-23T12:00:00Z,2026-01-31T23:50:00Z,UTC,density_adjusted_power_curve_median_0.5ms,wind_speed_100m,6.7,-0.1,False
2026-02-23T12:00:00Z,2026-02-24T09:00:00Z,turbine-1,0.25884181120158445,Open-Meteo Single Runs API,ecmwf_ifs,2026-02-23T00:00:00Z,12,2026-02-23T12:00:00Z,2026-01-31T23:50:00Z,UTC,density_adjusted_power_curve_median_0.5ms,wind_speed_100m,6.2,0.4,False
2026-02-23T12:00:00Z,2026-02-24T10:00:00Z,turbine-1,0.21368738593966172,Open-Meteo Single Runs API,ecmwf_ifs,2026-02-23T00:00:00Z,12,2026-02-23T12:00:00Z,2026-01-31T23:50:00Z,UTC,density_adjusted_power_curve_median_0.5ms,wind_speed_100m,5.79,0.7,False
2026-02-23T12:00:00Z,2026-02-24T11:00:00Z,turbine-1,0.16088562055142364,Open-Meteo Single Runs API,ecmwf_ifs,2026-02-23T00:00:00Z,12,2026-02-23T12:00:00Z,2026-01-31T23:50:00Z,UTC,density_adjusted_power_curve_median_0.5ms,wind_speed_100m,5.27,0.4,False
2026-02-23T12:00:00Z,2026-02-24T12:00:00Z,turbine-1,0.11131394458286961,Open-Meteo Single Runs API,ecmwf_ifs,2026-02-23T00:00:00Z,12,2026-02-23T12:00:00Z,2026-01-31T23:50:00Z,UTC,density_adjusted_power_curve_median_0.5ms,wind_speed_100m,4.69,-0.2,False
2026-02-23T12:00:00Z,2026-02-24T13:00:00Z,turbine-1,0.09364762061979455,Open-Meteo Single Runs API,ecmwf_ifs,2026-02-23T00:00:00Z,12,2026-02-23T12:00:00Z,2026-01-31T23:50:00Z,UTC,density_adjusted_power_curve_median_0.5ms,wind_speed_100m,4.39,-2.6,False
2026-02-23T12:00:00Z,2026-02-24T14:00:00Z,turbine-1,0.05423884138804284,Open-Meteo Single Runs API,ecmwf_ifs,2026-02-23T00:00:00Z,12,2026-02-23T12:00:00Z,2026-01-31T23:50:00Z,UTC,density_adjusted_power_curve_median_0.5ms,wind_speed_100m,3.58,-2.9,False
2026-02-23T12:00:00Z,2026-02-24T15:00:00Z,turbine-1,0.023034756415400925,Open-Meteo Single Runs API,ecmwf_ifs,2026-02-23T00:00:00Z,12,2026-02-23T12:00:00Z,2026-01-31T23:50:00Z,UTC,density_adjusted_power_curve_median_0.5ms,wind_speed_100m,3.01,-2.6,False
2026-02-23T12:00:00Z,2026-02-24T16:00:00Z,turbine-1,0.01,Open-Meteo Single Runs API,ecmwf_ifs,2026-02-23T00:00:00Z,12,2026-02-23T12:00:00Z,2026-01-31T23:50:00Z,UTC,density_adjusted_power_curve_median_0.5ms,wind_speed_100m,1.36,-2.2,False
2026-02-23T12:00:00Z,2026-02-24T17:00:00Z,turbine-1,0.01,Open-Meteo Single Runs API,ecmwf_ifs,2026-02-23T00:00:00Z,12,2026-02-23T12:00:00Z,2026-01-31T23:50:00Z,UTC,density_adjusted_power_curve_median_0.5ms,wind_speed_100m,2.01,-2.8,False
2026-02-23T12:00:00Z,2026-02-24T18:00:00Z,turbine-1,0.01,Open-Meteo Single Runs API,ecmwf_ifs,2026-02-23T00:00:00Z,12,2026-02-23T12:00:00Z,2026-01-31T23:50:00Z,UTC,density_adjusted_power_curve_median_0.5ms,wind_speed_100m,2.39,-3.7,False
2026-02-23T12:00:00Z,2026-02-24T19:00:00Z,turbine-1,0.01,Open-Meteo Single Runs API,ecmwf_ifs,2026-02-23T00:00:00Z,12,2026-02-23T12:00:00Z,2026-01-31T23:50:00Z,UTC,density_adjusted_power_curve_median_0.5ms,wind_speed_100m,2.66,-4.0,False
2026-02-23T12:00:00Z,2026-02-24T20:00:00Z,turbine-1,0.063653874637874,Open-Meteo Single Runs API,ecmwf_ifs,2026-02-23T00:00:00Z,12,2026-02-23T12:00:00Z,2026-01-31T23:50:00Z,UTC,density_adjusted_power_curve_median_0.5ms,wind_speed_100m,3.76,-3.7,False
2026-02-23T12:00:00Z,2026-02-24T21:00:00Z,turbine-1,0.08801568577133691,Open-Meteo Single Runs API,ecmwf_ifs,2026-02-23T00:00:00Z,12,2026-02-23T12:00:00Z,2026-01-31T23:50:00Z,UTC,density_adjusted_power_curve_median_0.5ms,wind_speed_100m,4.29,-3.9,False
2026-02-23T12:00:00Z,2026-02-24T22:00:00Z,turbine-1,0.11322303411898278,Open-Meteo Single Runs API,ecmwf_ifs,2026-02-23T00:00:00Z,12,2026-02-23T12:00:00Z,2026-01-31T23:50:00Z,UTC,density_adjusted_power_curve_median_0.5ms,wind_speed_100m,4.69,-4.2,False
2026-02-23T12:00:00Z,2026-02-24T23:00:00Z,turbine-1,0.14369597356843417,Open-Meteo Single Runs API,ecmwf_ifs,2026-02-23T00:00:00Z,12,2026-02-23T12:00:00Z,2026-01-31T23:50:00Z,UTC,density_adjusted_power_curve_median_0.5ms,wind_speed_100m,5.06,-3.8,False
2026-02-23T12:00:00Z,2026-02-25T00:00:00Z,turbine-1,0.21276824377781275,Open-Meteo Single Runs API,ecmwf_ifs,2026-02-23T00:00:00Z,12,2026-02-23T12:00:00Z,2026-01-31T23:50:00Z,UTC,density_adjusted_power_curve_median_0.5ms,wind_speed_100m,5.75,-3.7,False
2026-02-23T12:00:00Z,2026-02-25T01:00:00Z,turbine-1,0.2561284361995438,Open-Meteo Single Runs API,ecmwf_ifs,2026-02-23T00:00:00Z,12,2026-02-23T12:00:00Z,2026-01-31T23:50:00Z,UTC,density_adjusted_power_curve_median_0.5ms,wind_speed_100m,6.15,-3.7,False
2026-02-23T12:00:00Z,2026-02-25T02:00:00Z,turbine-1,0.2961650336785369,Open-Meteo Single Runs API,ecmwf_ifs,2026-02-23T00:00:00Z,12,2026-02-23T12:00:00Z,2026-01-31T23:50:00Z,UTC,density_adjusted_power_curve_median_0.5ms,wind_speed_100m,6.43,-3.5,False
2026-02-23T12:00:00Z,2026-02-25T03:00:00Z,turbine-1,0.29147410575611904,Open-Meteo Single Runs API,ecmwf_ifs,2026-02-23T00:00:00Z,12,2026-02-23T12:00:00Z,2026-01-31T23:50:00Z,UTC,density_adjusted_power_curve_median_0.5ms,wind_speed_100m,6.41,-1.9,False
2026-02-23T12:00:00Z,2026-02-25T04:00:00Z,turbine-1,0.29517539319908875,Open-Meteo Single Runs API,ecmwf_ifs,2026-02-23T00:00:00Z,12,2026-02-23T12:00:00Z,2026-01-31T23:50:00Z,UTC,density_adjusted_power_curve_median_0.5ms,wind_speed_100m,6.45,-0.1,False
2026-02-23T12:00:00Z,2026-02-25T05:00:00Z,turbine-1,0.3667923083929233,Open-Meteo Single Runs API,ecmwf_ifs,2026-02-23T00:00:00Z,12,2026-02-23T12:00:00Z,2026-01-31T23:50:00Z,UTC,density_adjusted_power_curve_median_0.5ms,wind_speed_100m,6.93,2.1,False
2026-02-23T12:00:00Z,2026-02-25T06:00:00Z,turbine-1,0.26275052165397966,Open-Meteo Single Runs API,ecmwf_ifs,2026-02-23T00:00:00Z,12,2026-02-23T12:00:00Z,2026-01-31T23:50:00Z,UTC,density_adjusted_power_curve_median_0.5ms,wind_speed_100m,6.25,3.4,False
2026-02-23T12:00:00Z,2026-02-25T07:00:00Z,turbine-1,0.18749621485899987,Open-Meteo Single Runs API,ecmwf_ifs,2026-02-23T00:00:00Z,12,2026-02-23T12:00:00Z,2026-01-31T23:50:00Z,UTC,density_adjusted_power_curve_median_0.5ms,wind_speed_100m,5.56,4.5,False
2026-02-23T12:00:00Z,2026-02-25T08:00:00Z,turbine-1,0.16706209330056546,Open-Meteo Single Runs API,ecmwf_ifs,2026-02-23T00:00:00Z,12,2026-02-23T12:00:00Z,2026-01-31T23:50:00Z,UTC,density_adjusted_power_curve_median_0.5ms,wind_speed_100m,5.36,4.9,False
2026-02-23T12:00:00Z,2026-02-25T09:00:00Z,turbine-1,0.12769801754458093,Open-Meteo Single Runs API,ecmwf_ifs,2026-02-23T00:00:00Z,12,2026-02-23T12:00:00Z,2026-01-31T23:50:00Z,UTC,density_adjusted_power_curve_median_0.5ms,wind_speed_100m,4.92,5.1,False
2026-02-23T12:00:00Z,2026-02-25T10:00:00Z,turbine-1,0.11621989210956019,Open-Meteo Single Runs API,ecmwf_ifs,2026-02-23T00:00:00Z,12,2026-02-23T12:00:00Z,2026-01-31T23:50:00Z,UTC,density_adjusted_power_curve_median_0.5ms,wind_speed_100m,4.78,5.1,False
2026-02-23T12:00:00Z,2026-02-25T11:00:00Z,turbine-1,0.13291110903814157,Open-Meteo Single Runs API,ecmwf_ifs,2026-02-23T00:00:00Z,12,2026-02-23T12:00:00Z,2026-01-31T23:50:00Z,UTC,density_adjusted_power_curve_median_0.5ms,wind_speed_100m,4.98,4.5,False
2026-02-23T12:00:00Z,2026-02-25T12:00:00Z,turbine-1,0.13955355773476827,Open-Meteo Single Runs API,ecmwf_ifs,2026-02-23T00:00:00Z,12,2026-02-23T12:00:00Z,2026-01-31T23:50:00Z,UTC,density_adjusted_power_curve_median_0.5ms,wind_speed_100m,5.05,2.7,False
2026-02-23T12:00:00Z,2026-02-23T13:00:00Z,turbine-2,0.6576300691439554,Open-Meteo Single Runs API,ecmwf_ifs,2026-02-23T00:00:00Z,12,2026-02-23T12:00:00Z,2026-01-31T23:50:00Z,UTC,density_adjusted_power_curve_median_0.5ms,wind_speed_100m,8.87,4.7,False
2026-02-23T12:00:00Z,2026-02-23T14:00:00Z,turbine-2,0.9323649349606135,Open-Meteo Single Runs API,ecmwf_ifs,2026-02-23T00:00:00Z,12,2026-02-23T12:00:00Z,2026-01-31T23:50:00Z,UTC,density_adjusted_power_curve_median_0.5ms,wind_speed_100m,10.83,3.3,False
2026-02-23T12:00:00Z,2026-02-23T15:00:00Z,turbine-2,0.964769772096899,Open-Meteo Single Runs API,ecmwf_ifs,2026-02-23T00:00:00Z,12,2026-02-23T12:00:00Z,2026-01-31T23:50:00Z,UTC,density_adjusted_power_curve_median_0.5ms,wind_speed_100m,11.3,1.6,False
2026-02-23T12:00:00Z,2026-02-23T16:00:00Z,turbine-2,0.8316652751945248,Open-Meteo Single Runs API,ecmwf_ifs,2026-02-23T00:00:00Z,12,2026-02-23T12:00:00Z,2026-01-31T23:50:00Z,UTC,density_adjusted_power_curve_median_0.5ms,wind_speed_100m,10.02,0.7,False
2026-02-23T12:00:00Z,2026-02-23T17:00:00Z,turbine-2,0.8157902655029531,Open-Meteo Single Runs API,ecmwf_ifs,2026-02-23T00:00:00Z,12,2026-02-23T12:00:00Z,2026-01-31T23:50:00Z,UTC,density_adjusted_power_curve_median_0.5ms,wind_speed_100m,9.9,-0.1,False
2026-02-23T12:00:00Z,2026-02-23T18:00:00Z,turbine-2,0.844423679638289,Open-Meteo Single Runs API,ecmwf_ifs,2026-02-23T00:00:00Z,12,2026-02-23T12:00:00Z,2026-01-31T23:50:00Z,UTC,density_adjusted_power_curve_median_0.5ms,wind_speed_100m,10.09,-0.9,False
2026-02-23T12:00:00Z,2026-02-23T19:00:00Z,turbine-2,0.7554921155425338,Open-Meteo Single Runs API,ecmwf_ifs,2026-02-23T00:00:00Z,12,2026-02-23T12:00:00Z,2026-01-31T23:50:00Z,UTC,density_adjusted_power_curve_median_0.5ms,wind_speed_100m,9.46,-1.7,False
2026-02-23T12:00:00Z,2026-02-23T20:00:00Z,turbine-2,0.6777595240904564,Open-Meteo Single Runs API,ecmwf_ifs,2026-02-23T00:00:00Z,12,2026-02-23T12:00:00Z,2026-01-31T23:50:00Z,UTC,density_adjusted_power_curve_median_0.5ms,wind_speed_100m,8.92,-2.3,False
2026-02-23T12:00:00Z,2026-02-23T21:00:00Z,turbine-2,0.44881818020585534,Open-Meteo Single Runs API,ecmwf_ifs,2026-02-23T00:00:00Z,12,2026-02-23T12:00:00Z,2026-01-31T23:50:00Z,UTC,density_adjusted_power_curve_median_0.5ms,wind_speed_100m,7.45,-2.3,False
2026-02-23T12:00:00Z,2026-02-23T22:00:00Z,turbine-2,0.5082879093398859,Open-Meteo Single Runs API,ecmwf_ifs,2026-02-23T00:00:00Z,12,2026-02-23T12:00:00Z,2026-01-31T23:50:00Z,UTC,density_adjusted_power_curve_median_0.5ms,wind_speed_100m,7.81,-2.6,False
2026-02-23T12:00:00Z,2026-02-23T23:00:00Z,turbine-2,0.4548435916799253,Open-Meteo Single Runs API,ecmwf_ifs,2026-02-23T00:00:00Z,12,2026-02-23T12:00:00Z,2026-01-31T23:50:00Z,UTC,density_adjusted_power_curve_median_0.5ms,wind_speed_100m,7.48,-3.0,False
2026-02-23T12:00:00Z,2026-02-24T00:00:00Z,turbine-2,0.3820949604879703,Open-Meteo Single Runs API,ecmwf_ifs,2026-02-23T00:00:00Z,12,2026-02-23T12:00:00Z,2026-01-31T23:50:00Z,UTC,density_adjusted_power_curve_median_0.5ms,wind_speed_100m,7.04,-3.0,False
2026-02-23T12:00:00Z,2026-02-24T01:00:00Z,turbine-2,0.3967989886235803,Open-Meteo Single Runs API,ecmwf_ifs,2026-02-23T00:00:00Z,12,2026-02-23T12:00:00Z,2026-01-31T23:50:00Z,UTC,density_adjusted_power_curve_median_0.5ms,wind_speed_100m,7.13,-2.9,False
2026-02-23T12:00:00Z,2026-02-24T02:00:00Z,turbine-2,0.37358025356518476,Open-Meteo Single Runs API,ecmwf_ifs,2026-02-23T00:00:00Z,12,2026-02-23T12:00:00Z,2026-01-31T23:50:00Z,UTC,density_adjusted_power_curve_median_0.5ms,wind_speed_100m,6.99,-2.8,False
2026-02-23T12:00:00Z,2026-02-24T03:00:00Z,turbine-2,0.3187297578215153,Open-Meteo Single Runs API,ecmwf_ifs,2026-02-23T00:00:00Z,12,2026-02-23T12:00:00Z,2026-01-31T23:50:00Z,UTC,density_adjusted_power_curve_median_0.5ms,wind_speed_100m,6.66,-2.4,False
2026-02-23T12:00:00Z,2026-02-24T04:00:00Z,turbine-2,0.3083013140255172,Open-Meteo Single Runs API,ecmwf_ifs,2026-02-23T00:00:00Z,12,2026-02-23T12:00:00Z,2026-01-31T23:50:00Z,UTC,density_adjusted_power_curve_median_0.5ms,wind_speed_100m,6.6,-1.8,False
2026-02-23T12:00:00Z,2026-02-24T05:00:00Z,turbine-2,0.3298495041512775,Open-Meteo Single Runs API,ecmwf_ifs,2026-02-23T00:00:00Z,12,2026-02-23T12:00:00Z,2026-01-31T23:50:00Z,UTC,density_adjusted_power_curve_median_0.5ms,wind_speed_100m,6.74,-0.9,False
2026-02-23T12:00:00Z,2026-02-24T06:00:00Z,turbine-2,0.34407822480125927,Open-Meteo Single Runs API,ecmwf_ifs,2026-02-23T00:00:00Z,12,2026-02-23T12:00:00Z,2026-01-31T23:50:00Z,UTC,density_adjusted_power_curve_median_0.5ms,wind_speed_100m,6.83,-0.5,False
2026-02-23T12:00:00Z,2026-02-24T07:00:00Z,turbine-2,0.3339599088819148,Open-Meteo Single Runs API,ecmwf_ifs,2026-02-23T00:00:00Z,12,2026-02-23T12:00:00Z,2026-01-31T23:50:00Z,UTC,density_adjusted_power_curve_median_0.5ms,wind_speed_100m,6.77,-0.3,False
2026-02-23T12:00:00Z,2026-02-24T08:00:00Z,turbine-2,0.32220634015170285,Open-Meteo Single Runs API,ecmwf_ifs,2026-02-23T00:00:00Z,12,2026-02-23T12:00:00Z,2026-01-31T23:50:00Z,UTC,density_adjusted_power_curve_median_0.5ms,wind_speed_100m,6.7,-0.1,False
2026-02-23T12:00:00Z,2026-02-24T09:00:00Z,turbine-2,0.24835593173996606,Open-Meteo Single Runs API,ecmwf_ifs,2026-02-23T00:00:00Z,12,2026-02-23T12:00:00Z,2026-01-31T23:50:00Z,UTC,density_adjusted_power_curve_median_0.5ms,wind_speed_100m,6.2,0.4,False
2026-02-23T12:00:00Z,2026-02-24T10:00:00Z,turbine-2,0.20349224323462098,Open-Meteo Single Runs API,ecmwf_ifs,2026-02-23T00:00:00Z,12,2026-02-23T12:00:00Z,2026-01-31T23:50:00Z,UTC,density_adjusted_power_curve_median_0.5ms,wind_speed_100m,5.79,0.7,False
2026-02-23T12:00:00Z,2026-02-24T11:00:00Z,turbine-2,0.1509956252206907,Open-Meteo Single Runs API,ecmwf_ifs,2026-02-23T00:00:00Z,12,2026-02-23T12:00:00Z,2026-01-31T23:50:00Z,UTC,density_adjusted_power_curve_median_0.5ms,wind_speed_100m,5.27,0.4,False
2026-02-23T12:00:00Z,2026-02-24T12:00:00Z,turbine-2,0.11120688345873864,Open-Meteo Single Runs API,ecmwf_ifs,2026-02-23T00:00:00Z,12,2026-02-23T12:00:00Z,2026-01-31T23:50:00Z,UTC,density_adjusted_power_curve_median_0.5ms,wind_speed_100m,4.69,-0.2,False
2026-02-23T12:00:00Z,2026-02-24T13:00:00Z,turbine-2,0.0936628762870469,Open-Meteo Single Runs API,ecmwf_ifs,2026-02-23T00:00:00Z,12,2026-02-23T12:00:00Z,2026-01-31T23:50:00Z,UTC,density_adjusted_power_curve_median_0.5ms,wind_speed_100m,4.39,-2.6,False
2026-02-23T12:00:00Z,2026-02-24T14:00:00Z,turbine-2,0.04645459179046597,Open-Meteo Single Runs API,ecmwf_ifs,2026-02-23T00:00:00Z,12,2026-02-23T12:00:00Z,2026-01-31T23:50:00Z,UTC,density_adjusted_power_curve_median_0.5ms,wind_speed_100m,3.58,-2.9,False
2026-02-23T12:00:00Z,2026-02-24T15:00:00Z,turbine-2,0.02303179951141287,Open-Meteo Single Runs API,ecmwf_ifs,2026-02-23T00:00:00Z,12,2026-02-23T12:00:00Z,2026-01-31T23:50:00Z,UTC,density_adjusted_power_curve_median_0.5ms,wind_speed_100m,3.01,-2.6,False
2026-02-23T12:00:00Z,2026-02-24T16:00:00Z,turbine-2,0.01,Open-Meteo Single Runs API,ecmwf_ifs,2026-02-23T00:00:00Z,12,2026-02-23T12:00:00Z,2026-01-31T23:50:00Z,UTC,density_adjusted_power_curve_median_0.5ms,wind_speed_100m,1.36,-2.2,False
2026-02-23T12:00:00Z,2026-02-24T17:00:00Z,turbine-2,0.01,Open-Meteo Single Runs API,ecmwf_ifs,2026-02-23T00:00:00Z,12,2026-02-23T12:00:00Z,2026-01-31T23:50:00Z,UTC,density_adjusted_power_curve_median_0.5ms,wind_speed_100m,2.01,-2.8,False
2026-02-23T12:00:00Z,2026-02-24T18:00:00Z,turbine-2,0.01,Open-Meteo Single Runs API,ecmwf_ifs,2026-02-23T00:00:00Z,12,2026-02-23T12:00:00Z,2026-01-31T23:50:00Z,UTC,density_adjusted_power_curve_median_0.5ms,wind_speed_100m,2.39,-3.7,False
2026-02-23T12:00:00Z,2026-02-24T19:00:00Z,turbine-2,0.01,Open-Meteo Single Runs API,ecmwf_ifs,2026-02-23T00:00:00Z,12,2026-02-23T12:00:00Z,2026-01-31T23:50:00Z,UTC,density_adjusted_power_curve_median_0.5ms,wind_speed_100m,2.66,-4.0,False
2026-02-23T12:00:00Z,2026-02-24T20:00:00Z,turbine-2,0.05586521430975901,Open-Meteo Single Runs API,ecmwf_ifs,2026-02-23T00:00:00Z,12,2026-02-23T12:00:00Z,2026-01-31T23:50:00Z,UTC,density_adjusted_power_curve_median_0.5ms,wind_speed_100m,3.76,-3.7,False
2026-02-23T12:00:00Z,2026-02-24T21:00:00Z,turbine-2,0.08795931367714731,Open-Meteo Single Runs API,ecmwf_ifs,2026-02-23T00:00:00Z,12,2026-02-23T12:00:00Z,2026-01-31T23:50:00Z,UTC,density_adjusted_power_curve_median_0.5ms,wind_speed_100m,4.29,-3.9,False
2026-02-23T12:00:00Z,2026-02-24T22:00:00Z,turbine-2,0.11263308448920088,Open-Meteo Single Runs API,ecmwf_ifs,2026-02-23T00:00:00Z,12,2026-02-23T12:00:00Z,2026-01-31T23:50:00Z,UTC,density_adjusted_power_curve_median_0.5ms,wind_speed_100m,4.69,-4.2,False
2026-02-23T12:00:00Z,2026-02-24T23:00:00Z,turbine-2,0.13539814438917028,Open-Meteo Single Runs API,ecmwf_ifs,2026-02-23T00:00:00Z,12,2026-02-23T12:00:00Z,2026-01-31T23:50:00Z,UTC,density_adjusted_power_curve_median_0.5ms,wind_speed_100m,5.06,-3.8,False
2026-02-23T12:00:00Z,2026-02-25T00:00:00Z,turbine-2,0.2025774542993871,Open-Meteo Single Runs API,ecmwf_ifs,2026-02-23T00:00:00Z,12,2026-02-23T12:00:00Z,2026-01-31T23:50:00Z,UTC,density_adjusted_power_curve_median_0.5ms,wind_speed_100m,5.75,-3.7,False
2026-02-23T12:00:00Z,2026-02-25T01:00:00Z,turbine-2,0.24563496968571952,Open-Meteo Single Runs API,ecmwf_ifs,2026-02-23T00:00:00Z,12,2026-02-23T12:00:00Z,2026-01-31T23:50:00Z,UTC,density_adjusted_power_curve_median_0.5ms,wind_speed_100m,6.15,-3.7,False
2026-02-23T12:00:00Z,2026-02-25T02:00:00Z,turbine-2,0.28578351621524567,Open-Meteo Single Runs API,ecmwf_ifs,2026-02-23T00:00:00Z,12,2026-02-23T12:00:00Z,2026-01-31T23:50:00Z,UTC,density_adjusted_power_curve_median_0.5ms,wind_speed_100m,6.43,-3.5,False
2026-02-23T12:00:00Z,2026-02-25T03:00:00Z,turbine-2,0.2810794716705347,Open-Meteo Single Runs API,ecmwf_ifs,2026-02-23T00:00:00Z,12,2026-02-23T12:00:00Z,2026-01-31T23:50:00Z,UTC,density_adjusted_power_curve_median_0.5ms,wind_speed_100m,6.41,-1.9,False
2026-02-23T12:00:00Z,2026-02-25T04:00:00Z,turbine-2,0.28479110853481093,Open-Meteo Single Runs API,ecmwf_ifs,2026-02-23T00:00:00Z,12,2026-02-23T12:00:00Z,2026-01-31T23:50:00Z,UTC,density_adjusted_power_curve_median_0.5ms,wind_speed_100m,6.45,-0.1,False
2026-02-23T12:00:00Z,2026-02-25T05:00:00Z,turbine-2,0.3568972212561025,Open-Meteo Single Runs API,ecmwf_ifs,2026-02-23T00:00:00Z,12,2026-02-23T12:00:00Z,2026-01-31T23:50:00Z,UTC,density_adjusted_power_curve_median_0.5ms,wind_speed_100m,6.93,2.1,False
2026-02-23T12:00:00Z,2026-02-25T06:00:00Z,turbine-2,0.25227557160323805,Open-Meteo Single Runs API,ecmwf_ifs,2026-02-23T00:00:00Z,12,2026-02-23T12:00:00Z,2026-01-31T23:50:00Z,UTC,density_adjusted_power_curve_median_0.5ms,wind_speed_100m,6.25,3.4,False
2026-02-23T12:00:00Z,2026-02-25T07:00:00Z,turbine-2,0.17744478868006625,Open-Meteo Single Runs API,ecmwf_ifs,2026-02-23T00:00:00Z,12,2026-02-23T12:00:00Z,2026-01-31T23:50:00Z,UTC,density_adjusted_power_curve_median_0.5ms,wind_speed_100m,5.56,4.5,False
2026-02-23T12:00:00Z,2026-02-25T08:00:00Z,turbine-2,0.1571346289368881,Open-Meteo Single Runs API,ecmwf_ifs,2026-02-23T00:00:00Z,12,2026-02-23T12:00:00Z,2026-01-31T23:50:00Z,UTC,density_adjusted_power_curve_median_0.5ms,wind_speed_100m,5.36,4.9,False
2026-02-23T12:00:00Z,2026-02-25T09:00:00Z,turbine-2,0.12344673984008758,Open-Meteo Single Runs API,ecmwf_ifs,2026-02-23T00:00:00Z,12,2026-02-23T12:00:00Z,2026-01-31T23:50:00Z,UTC,density_adjusted_power_curve_median_0.5ms,wind_speed_100m,4.92,5.1,False
2026-02-23T12:00:00Z,2026-02-25T10:00:00Z,turbine-2,0.11487191188490933,Open-Meteo Single Runs API,ecmwf_ifs,2026-02-23T00:00:00Z,12,2026-02-23T12:00:00Z,2026-01-31T23:50:00Z,UTC,density_adjusted_power_curve_median_0.5ms,wind_speed_100m,4.78,5.1,False
2026-02-23T12:00:00Z,2026-02-25T11:00:00Z,turbine-2,0.12734122269139864,Open-Meteo Single Runs API,ecmwf_ifs,2026-02-23T00:00:00Z,12,2026-02-23T12:00:00Z,2026-01-31T23:50:00Z,UTC,density_adjusted_power_curve_median_0.5ms,wind_speed_100m,4.98,4.5,False
2026-02-23T12:00:00Z,2026-02-25T12:00:00Z,turbine-2,0.13230351859042136,Open-Meteo Single Runs API,ecmwf_ifs,2026-02-23T00:00:00Z,12,2026-02-23T12:00:00Z,2026-01-31T23:50:00Z,UTC,density_adjusted_power_curve_median_0.5ms,wind_speed_100m,5.05,2.7,False
2026-02-24T12:00:00Z,2026-02-24T13:00:00Z,turbine-1,0.017092579510977493,Open-Meteo Single Runs API,ecmwf_ifs,2026-02-24T00:00:00Z,12,2026-02-24T12:00:00Z,2026-01-31T23:50:00Z,UTC,density_adjusted_power_curve_median_0.5ms,wind_speed_100m,2.87,-0.3,False
2026-02-24T12:00:00Z,2026-02-24T14:00:00Z,turbine-1,0.01,Open-Meteo Single Runs API,ecmwf_ifs,2026-02-24T00:00:00Z,12,2026-02-24T12:00:00Z,2026-01-31T23:50:00Z,UTC,density_adjusted_power_curve_median_0.5ms,wind_speed_100m,1.96,-0.3,False
2026-02-24T12:00:00Z,2026-02-24T15:00:00Z,turbine-1,0.01,Open-Meteo Single Runs API,ecmwf_ifs,2026-02-24T00:00:00Z,12,2026-02-24T12:00:00Z,2026-01-31T23:50:00Z,UTC,density_adjusted_power_curve_median_0.5ms,wind_speed_100m,1.23,-0.4,False
2026-02-24T12:00:00Z,2026-02-24T16:00:00Z,turbine-1,0.01,Open-Meteo Single Runs API,ecmwf_ifs,2026-02-24T00:00:00Z,12,2026-02-24T12:00:00Z,2026-01-31T23:50:00Z,UTC,density_adjusted_power_curve_median_0.5ms,wind_speed_100m,1.05,-0.6,False
2026-02-24T12:00:00Z,2026-02-24T17:00:00Z,turbine-1,0.01,Open-Meteo Single Runs API,ecmwf_ifs,2026-02-24T00:00:00Z,12,2026-02-24T12:00:00Z,2026-01-31T23:50:00Z,UTC,density_adjusted_power_curve_median_0.5ms,wind_speed_100m,1.74,-0.9,False
2026-02-24T12:00:00Z,2026-02-24T18:00:00Z,turbine-1,0.01,Open-Meteo Single Runs API,ecmwf_ifs,2026-02-24T00:00:00Z,12,2026-02-24T12:00:00Z,2026-01-31T23:50:00Z,UTC,density_adjusted_power_curve_median_0.5ms,wind_speed_100m,2.41,-0.8,False
2026-02-24T12:00:00Z,2026-02-24T19:00:00Z,turbine-1,0.038549164340003834,Open-Meteo Single Runs API,ecmwf_ifs,2026-02-24T00:00:00Z,12,2026-02-24T12:00:00Z,2026-01-31T23:50:00Z,UTC,density_adjusted_power_curve_median_0.5ms,wind_speed_100m,3.33,-1.1,False
2026-02-24T12:00:00Z,2026-02-24T20:00:00Z,turbine-1,0.02724876375809055,Open-Meteo Single Runs API,ecmwf_ifs,2026-02-24T00:00:00Z,12,2026-02-24T12:00:00Z,2026-01-31T23:50:00Z,UTC,density_adjusted_power_curve_median_0.5ms,wind_speed_100m,3.12,-1.3,False
2026-02-24T12:00:00Z,2026-02-24T21:00:00Z,turbine-1,0.034388414818714505,Open-Meteo Single Runs API,ecmwf_ifs,2026-02-24T00:00:00Z,12,2026-02-24T12:00:00Z,2026-01-31T23:50:00Z,UTC,density_adjusted_power_curve_median_0.5ms,wind_speed_100m,3.26,-1.5,False
2026-02-24T12:00:00Z,2026-02-24T22:00:00Z,turbine-1,0.071203392195965,Open-Meteo Single Runs API,ecmwf_ifs,2026-02-24T00:00:00Z,12,2026-02-24T12:00:00Z,2026-01-31T23:50:00Z,UTC,density_adjusted_power_curve_median_0.5ms,wind_speed_100m,3.95,-2.5,False
2026-02-24T12:00:00Z,2026-02-24T23:00:00Z,turbine-1,0.06204752609073476,Open-Meteo Single Runs API,ecmwf_ifs,2026-02-24T00:00:00Z,12,2026-02-24T12:00:00Z,2026-01-31T23:50:00Z,UTC,density_adjusted_power_curve_median_0.5ms,wind_speed_100m,3.73,-1.7,False
2026-02-24T12:00:00Z,2026-02-25T00:00:00Z,turbine-1,0.0620287994606128,Open-Meteo Single Runs API,ecmwf_ifs,2026-02-24T00:00:00Z,12,2026-02-24T12:00:00Z,2026-01-31T23:50:00Z,UTC,density_adjusted_power_curve_median_0.5ms,wind_speed_100m,3.73,-1.6,False
2026-02-24T12:00:00Z,2026-02-25T01:00:00Z,turbine-1,0.056405859937654707,Open-Meteo Single Runs API,ecmwf_ifs,2026-02-24T00:00:00Z,12,2026-02-24T12:00:00Z,2026-01-31T23:50:00Z,UTC,density_adjusted_power_curve_median_0.5ms,wind_speed_100m,3.62,-1.9,False
2026-02-24T12:00:00Z,2026-02-25T02:00:00Z,turbine-1,0.06894093784742394,Open-Meteo Single Runs API,ecmwf_ifs,2026-02-24T00:00:00Z,12,2026-02-24T12:00:00Z,2026-01-31T23:50:00Z,UTC,density_adjusted_power_curve_median_0.5ms,wind_speed_100m,3.9,-1.4,False
2026-02-24T12:00:00Z,2026-02-25T03:00:00Z,turbine-1,0.06625776547513784,Open-Meteo Single Runs API,ecmwf_ifs,2026-02-24T00:00:00Z,12,2026-02-24T12:00:00Z,2026-01-31T23:50:00Z,UTC,density_adjusted_power_curve_median_0.5ms,wind_speed_100m,3.84,-0.2,False
2026-02-24T12:00:00Z,2026-02-25T04:00:00Z,turbine-1,0.03441435864692321,Open-Meteo Single Runs API,ecmwf_ifs,2026-02-24T00:00:00Z,12,2026-02-24T12:00:00Z,2026-01-31T23:50:00Z,UTC,density_adjusted_power_curve_median_0.5ms,wind_speed_100m,3.27,0.9,False
2026-02-24T12:00:00Z,2026-02-25T05:00:00Z,turbine-1,0.02237245096207021,Open-Meteo Single Runs API,ecmwf_ifs,2026-02-24T00:00:00Z,12,2026-02-24T12:00:00Z,2026-01-31T23:50:00Z,UTC,density_adjusted_power_curve_median_0.5ms,wind_speed_100m,3.01,1.9,False
2026-02-24T12:00:00Z,2026-02-25T06:00:00Z,turbine-1,0.01,Open-Meteo Single Runs API,ecmwf_ifs,2026-02-24T00:00:00Z,12,2026-02-24T12:00:00Z,2026-01-31T23:50:00Z,UTC,density_adjusted_power_curve_median_0.5ms,wind_speed_100m,2.13,2.5,False
2026-02-24T12:00:00Z,2026-02-25T07:00:00Z,turbine-1,0.01,Open-Meteo Single Runs API,ecmwf_ifs,2026-02-24T00:00:00Z,12,2026-02-24T12:00:00Z,2026-01-31T23:50:00Z,UTC,density_adjusted_power_curve_median_0.5ms,wind_speed_100m,2.6,2.8,False
2026-02-24T12:00:00Z,2026-02-25T08:00:00Z,turbine-1,0.023320725559298545,Open-Meteo Single Runs API,ecmwf_ifs,2026-02-24T00:00:00Z,12,2026-02-24T12:00:00Z,2026-01-31T23:50:00Z,UTC,density_adjusted_power_curve_median_0.5ms,wind_speed_100m,3.04,3.6,False
2026-02-24T12:00:00Z,2026-02-25T09:00:00Z,turbine-1,0.01,Open-Meteo Single Runs API,ecmwf_ifs,2026-02-24T00:00:00Z,12,2026-02-24T12:00:00Z,2026-01-31T23:50:00Z,UTC,density_adjusted_power_curve_median_0.5ms,wind_speed_100m,2.57,3.8,False
2026-02-24T12:00:00Z,2026-02-25T10:00:00Z,turbine-1,0.01,Open-Meteo Single Runs API,ecmwf_ifs,2026-02-24T00:00:00Z,12,2026-02-24T12:00:00Z,2026-01-31T23:50:00Z,UTC,density_adjusted_power_curve_median_0.5ms,wind_speed_100m,2.1,3.7,False
2026-02-24T12:00:00Z,2026-02-25T11:00:00Z,turbine-1,0.01,Open-Meteo Single Runs API,ecmwf_ifs,2026-02-24T00:00:00Z,12,2026-02-24T12:00:00Z,2026-01-31T23:50:00Z,UTC,density_adjusted_power_curve_median_0.5ms,wind_speed_100m,1.67,3.6,False
2026-02-24T12:00:00Z,2026-02-25T12:00:00Z,turbine-1,0.01,Open-Meteo Single Runs API,ecmwf_ifs,2026-02-24T00:00:00Z,12,2026-02-24T12:00:00Z,2026-01-31T23:50:00Z,UTC,density_adjusted_power_curve_median_0.5ms,wind_speed_100m,1.8,2.5,False
2026-02-24T12:00:00Z,2026-02-25T13:00:00Z,turbine-1,0.01,Open-Meteo Single Runs API,ecmwf_ifs,2026-02-24T00:00:00Z,12,2026-02-24T12:00:00Z,2026-01-31T23:50:00Z,UTC,density_adjusted_power_curve_median_0.5ms,wind_speed_100m,2.65,1.8,False
2026-02-24T12:00:00Z,2026-02-25T14:00:00Z,turbine-1,0.022459920648569498,Open-Meteo Single Runs API,ecmwf_ifs,2026-02-24T00:00:00Z,12,2026-02-24T12:00:00Z,2026-01-31T23:50:00Z,UTC,density_adjusted_power_curve_median_0.5ms,wind_speed_100m,3.01,1.3,False
2026-02-24T12:00:00Z,2026-02-25T15:00:00Z,turbine-1,0.018593702091472937,Open-Meteo Single Runs API,ecmwf_ifs,2026-02-24T00:00:00Z,12,2026-02-24T12:00:00Z,2026-01-31T23:50:00Z,UTC,density_adjusted_power_curve_median_0.5ms,wind_speed_100m,2.91,0.4,False
2026-02-24T12:00:00Z,2026-02-25T16:00:00Z,turbine-1,0.062157146814614386,Open-Meteo Single Runs API,ecmwf_ifs,2026-02-24T00:00:00Z,12,2026-02-24T12:00:00Z,2026-01-31T23:50:00Z,UTC,density_adjusted_power_curve_median_0.5ms,wind_speed_100m,3.74,-0.1,False
2026-02-24T12:00:00Z,2026-02-25T17:00:00Z,turbine-1,0.1807552499813454,Open-Meteo Single Runs API,ecmwf_ifs,2026-02-24T00:00:00Z,12,2026-02-24T12:00:00Z,2026-01-31T23:50:00Z,UTC,density_adjusted_power_curve_median_0.5ms,wind_speed_100m,5.46,-0.5,False
2026-02-24T12:00:00Z,2026-02-25T18:00:00Z,turbine-1,0.32823199913963746,Open-Meteo Single Runs API,ecmwf_ifs,2026-02-24T00:00:00Z,12,2026-02-24T12:00:00Z,2026-01-31T23:50:00Z,UTC,density_adjusted_power_curve_median_0.5ms,wind_speed_100m,6.67,-0.6,False
2026-02-24T12:00:00Z,2026-02-25T19:00:00Z,turbine-1,0.4339221941153487,Open-Meteo Single Runs API,ecmwf_ifs,2026-02-24T00:00:00Z,12,2026-02-24T12:00:00Z,2026-01-31T23:50:00Z,UTC,density_adjusted_power_curve_median_0.5ms,wind_speed_100m,7.32,-0.1,False
2026-02-24T12:00:00Z,2026-02-25T20:00:00Z,turbine-1,0.4682216958830317,Open-Meteo Single Runs API,ecmwf_ifs,2026-02-24T00:00:00Z,12,2026-02-24T12:00:00Z,2026-01-31T23:50:00Z,UTC,density_adjusted_power_curve_median_0.5ms,wind_speed_100m,7.53,0.3,False
2026-02-24T12:00:00Z,2026-02-25T21:00:00Z,turbine-1,0.3266457471504537,Open-Meteo Single Runs API,ecmwf_ifs,2026-02-24T00:00:00Z,12,2026-02-24T12:00:00Z,2026-01-31T23:50:00Z,UTC,density_adjusted_power_curve_median_0.5ms,wind_speed_100m,6.67,0.6,False
2026-02-24T12:00:00Z,2026-02-25T22:00:00Z,turbine-1,0.4060190912580818,Open-Meteo Single Runs API,ecmwf_ifs,2026-02-24T00:00:00Z,12,2026-02-24T12:00:00Z,2026-01-31T23:50:00Z,UTC,density_adjusted_power_curve_median_0.5ms,wind_speed_100m,7.16,0.8,False
2026-02-24T12:00:00Z,2026-02-25T23:00:00Z,turbine-1,0.4339526529285394,Open-Meteo Single Runs API,ecmwf_ifs,2026-02-24T00:00:00Z,12,2026-02-24T12:00:00Z,2026-01-31T23:50:00Z,UTC,density_adjusted_power_curve_median_0.5ms,wind_speed_100m,7.33,1.0,False
2026-02-24T12:00:00Z,2026-02-26T00:00:00Z,turbine-1,0.21650258534525987,Open-Meteo Single Runs API,ecmwf_ifs,2026-02-24T00:00:00Z,12,2026-02-24T12:00:00Z,2026-01-31T23:50:00Z,UTC,density_adjusted_power_curve_median_0.5ms,wind_speed_100m,5.82,1.1,False
2026-02-24T12:00:00Z,2026-02-26T01:00:00Z,turbine-1,0.38140617840339663,Open-Meteo Single Runs API,ecmwf_ifs,2026-02-24T00:00:00Z,12,2026-02-24T12:00:00Z,2026-01-31T23:50:00Z,UTC,density_adjusted_power_curve_median_0.5ms,wind_speed_100m,7.01,0.9,False
2026-02-24T12:00:00Z,2026-02-26T02:00:00Z,turbine-1,0.3912790454404528,Open-Meteo Single Runs API,ecmwf_ifs,2026-02-24T00:00:00Z,12,2026-02-24T12:00:00Z,2026-01-31T23:50:00Z,UTC,density_adjusted_power_curve_median_0.5ms,wind_speed_100m,7.07,0.8,False
2026-02-24T12:00:00Z,2026-02-26T03:00:00Z,turbine-1,0.32966696875100454,Open-Meteo Single Runs API,ecmwf_ifs,2026-02-24T00:00:00Z,12,2026-02-24T12:00:00Z,2026-01-31T23:50:00Z,UTC,density_adjusted_power_curve_median_0.5ms,wind_speed_100m,6.7,2.0,False
2026-02-24T12:00:00Z,2026-02-26T04:00:00Z,turbine-1,0.013762885101332355,Open-Meteo Single Runs API,ecmwf_ifs,2026-02-24T00:00:00Z,12,2026-02-24T12:00:00Z,2026-01-31T23:50:00Z,UTC,density_adjusted_power_curve_median_0.5ms,wind_speed_100m,2.8,3.6,False
2026-02-24T12:00:00Z,2026-02-26T05:00:00Z,turbine-1,0.4892735146463998,Open-Meteo Single Runs API,ecmwf_ifs,2026-02-24T00:00:00Z,12,2026-02-24T12:00:00Z,2026-01-31T23:50:00Z,UTC,density_adjusted_power_curve_median_0.5ms,wind_speed_100m,7.7,4.8,False
2026-02-24T12:00:00Z,2026-02-26T06:00:00Z,turbine-1,0.1870937039283552,Open-Meteo Single Runs API,ecmwf_ifs,2026-02-24T00:00:00Z,12,2026-02-24T12:00:00Z,2026-01-31T23:50:00Z,UTC,density_adjusted_power_curve_median_0.5ms,wind_speed_100m,5.55,3.6,False
2026-02-24T12:00:00Z,2026-02-26T07:00:00Z,turbine-1,0.09352335178554046,Open-Meteo Single Runs API,ecmwf_ifs,2026-02-24T00:00:00Z,12,2026-02-24T12:00:00Z,2026-01-31T23:50:00Z,UTC,density_adjusted_power_curve_median_0.5ms,wind_speed_100m,4.41,1.5,False
2026-02-24T12:00:00Z,2026-02-26T08:00:00Z,turbine-1,0.07752332163180113,Open-Meteo Single Runs API,ecmwf_ifs,2026-02-24T00:00:00Z,12,2026-02-24T12:00:00Z,2026-01-31T23:50:00Z,UTC,density_adjusted_power_curve_median_0.5ms,wind_speed_100m,4.12,0.6,False
2026-02-24T12:00:00Z,2026-02-26T09:00:00Z,turbine-1,0.10982299294090164,Open-Meteo Single Runs API,ecmwf_ifs,2026-02-24T00:00:00Z,12,2026-02-24T12:00:00Z,2026-01-31T23:50:00Z,UTC,density_adjusted_power_curve_median_0.5ms,wind_speed_100m,4.67,-0.4,False
2026-02-24T12:00:00Z,2026-02-26T10:00:00Z,turbine-1,0.2779950270477228,Open-Meteo Single Runs API,ecmwf_ifs,2026-02-24T00:00:00Z,12,2026-02-24T12:00:00Z,2026-01-31T23:50:00Z,UTC,density_adjusted_power_curve_median_0.5ms,wind_speed_100m,6.33,-0.1,False
2026-02-24T12:00:00Z,2026-02-26T11:00:00Z,turbine-1,0.27050749964761256,Open-Meteo Single Runs API,ecmwf_ifs,2026-02-24T00:00:00Z,12,2026-02-24T12:00:00Z,2026-01-31T23:50:00Z,UTC,density_adjusted_power_curve_median_0.5ms,wind_speed_100m,6.28,0.2,False
2026-02-24T12:00:00Z,2026-02-26T12:00:00Z,turbine-1,0.2651097524341985,Open-Meteo Single Runs API,ecmwf_ifs,2026-02-24T00:00:00Z,12,2026-02-24T12:00:00Z,2026-01-31T23:50:00Z,UTC,density_adjusted_power_curve_median_0.5ms,wind_speed_100m,6.24,-0.1,False
2026-02-24T12:00:00Z,2026-02-24T13:00:00Z,turbine-2,0.017018339920609138,Open-Meteo Single Runs API,ecmwf_ifs,2026-02-24T00:00:00Z,12,2026-02-24T12:00:00Z,2026-01-31T23:50:00Z,UTC,density_adjusted_power_curve_median_0.5ms,wind_speed_100m,2.87,-0.3,False
2026-02-24T12:00:00Z,2026-02-24T14:00:00Z,turbine-2,0.01,Open-Meteo Single Runs API,ecmwf_ifs,2026-02-24T00:00:00Z,12,2026-02-24T12:00:00Z,2026-01-31T23:50:00Z,UTC,density_adjusted_power_curve_median_0.5ms,wind_speed_100m,1.96,-0.3,False
2026-02-24T12:00:00Z,2026-02-24T15:00:00Z,turbine-2,0.01,Open-Meteo Single Runs API,ecmwf_ifs,2026-02-24T00:00:00Z,12,2026-02-24T12:00:00Z,2026-01-31T23:50:00Z,UTC,density_adjusted_power_curve_median_0.5ms,wind_speed_100m,1.23,-0.4,False
2026-02-24T12:00:00Z,2026-02-24T16:00:00Z,turbine-2,0.01,Open-Meteo Single Runs API,ecmwf_ifs,2026-02-24T00:00:00Z,12,2026-02-24T12:00:00Z,2026-01-31T23:50:00Z,UTC,density_adjusted_power_curve_median_0.5ms,wind_speed_100m,1.05,-0.6,False
2026-02-24T12:00:00Z,2026-02-24T17:00:00Z,turbine-2,0.01,Open-Meteo Single Runs API,ecmwf_ifs,2026-02-24T00:00:00Z,12,2026-02-24T12:00:00Z,2026-01-31T23:50:00Z,UTC,density_adjusted_power_curve_median_0.5ms,wind_speed_100m,1.74,-0.9,False
2026-02-24T12:00:00Z,2026-02-24T18:00:00Z,turbine-2,0.01,Open-Meteo Single Runs API,ecmwf_ifs,2026-02-24T00:00:00Z,12,2026-02-24T12:00:00Z,2026-01-31T23:50:00Z,UTC,density_adjusted_power_curve_median_0.5ms,wind_speed_100m,2.41,-0.8,False
2026-02-24T12:00:00Z,2026-02-24T19:00:00Z,turbine-2,0.03585650612244172,Open-Meteo Single Runs API,ecmwf_ifs,2026-02-24T00:00:00Z,12,2026-02-24T12:00:00Z,2026-01-31T23:50:00Z,UTC,density_adjusted_power_curve_median_0.5ms,wind_speed_100m,3.33,-1.1,False
2026-02-24T12:00:00Z,2026-02-24T20:00:00Z,turbine-2,0.02729635832179604,Open-Meteo Single Runs API,ecmwf_ifs,2026-02-24T00:00:00Z,12,2026-02-24T12:00:00Z,2026-01-31T23:50:00Z,UTC,density_adjusted_power_curve_median_0.5ms,wind_speed_100m,3.12,-1.3,False
2026-02-24T12:00:00Z,2026-02-24T21:00:00Z,turbine-2,0.03304599703836044,Open-Meteo Single Runs API,ecmwf_ifs,2026-02-24T00:00:00Z,12,2026-02-24T12:00:00Z,2026-01-31T23:50:00Z,UTC,density_adjusted_power_curve_median_0.5ms,wind_speed_100m,3.26,-1.5,False
2026-02-24T12:00:00Z,2026-02-24T22:00:00Z,turbine-2,0.0669402657733109,Open-Meteo Single Runs API,ecmwf_ifs,2026-02-24T00:00:00Z,12,2026-02-24T12:00:00Z,2026-01-31T23:50:00Z,UTC,density_adjusted_power_curve_median_0.5ms,wind_speed_100m,3.95,-2.5,False
2026-02-24T12:00:00Z,2026-02-24T23:00:00Z,turbine-2,0.05350872030983415,Open-Meteo Single Runs API,ecmwf_ifs,2026-02-24T00:00:00Z,12,2026-02-24T12:00:00Z,2026-01-31T23:50:00Z,UTC,density_adjusted_power_curve_median_0.5ms,wind_speed_100m,3.73,-1.7,False
2026-02-24T12:00:00Z,2026-02-25T00:00:00Z,turbine-2,0.053481248568660794,Open-Meteo Single Runs API,ecmwf_ifs,2026-02-24T00:00:00Z,12,2026-02-24T12:00:00Z,2026-01-31T23:50:00Z,UTC,density_adjusted_power_curve_median_0.5ms,wind_speed_100m,3.73,-1.6,False
2026-02-24T12:00:00Z,2026-02-25T01:00:00Z,turbine-2,0.047918372603969375,Open-Meteo Single Runs API,ecmwf_ifs,2026-02-24T00:00:00Z,12,2026-02-24T12:00:00Z,2026-01-31T23:50:00Z,UTC,density_adjusted_power_curve_median_0.5ms,wind_speed_100m,3.62,-1.9,False
2026-02-24T12:00:00Z,2026-02-25T02:00:00Z,turbine-2,0.06362127245337684,Open-Meteo Single Runs API,ecmwf_ifs,2026-02-24T00:00:00Z,12,2026-02-24T12:00:00Z,2026-01-31T23:50:00Z,UTC,density_adjusted_power_curve_median_0.5ms,wind_speed_100m,3.9,-1.4,False
2026-02-24T12:00:00Z,2026-02-25T03:00:00Z,turbine-2,0.05968509085236824,Open-Meteo Single Runs API,ecmwf_ifs,2026-02-24T00:00:00Z,12,2026-02-24T12:00:00Z,2026-01-31T23:50:00Z,UTC,density_adjusted_power_curve_median_0.5ms,wind_speed_100m,3.84,-0.2,False
2026-02-24T12:00:00Z,2026-02-25T04:00:00Z,turbine-2,0.033063521612835135,Open-Meteo Single Runs API,ecmwf_ifs,2026-02-24T00:00:00Z,12,2026-02-24T12:00:00Z,2026-01-31T23:50:00Z,UTC,density_adjusted_power_curve_median_0.5ms,wind_speed_100m,3.27,0.9,False
2026-02-24T12:00:00Z,2026-02-25T05:00:00Z,turbine-2,0.022361549004833642,Open-Meteo Single Runs API,ecmwf_ifs,2026-02-24T00:00:00Z,12,2026-02-24T12:00:00Z,2026-01-31T23:50:00Z,UTC,density_adjusted_power_curve_median_0.5ms,wind_speed_100m,3.01,1.9,False
2026-02-24T12:00:00Z,2026-02-25T06:00:00Z,turbine-2,0.01,Open-Meteo Single Runs API,ecmwf_ifs,2026-02-24T00:00:00Z,12,2026-02-24T12:00:00Z,2026-01-31T23:50:00Z,UTC,density_adjusted_power_curve_median_0.5ms,wind_speed_100m,2.13,2.5,False
2026-02-24T12:00:00Z,2026-02-25T07:00:00Z,turbine-2,0.01,Open-Meteo Single Runs API,ecmwf_ifs,2026-02-24T00:00:00Z,12,2026-02-24T12:00:00Z,2026-01-31T23:50:00Z,UTC,density_adjusted_power_curve_median_0.5ms,wind_speed_100m,2.6,2.8,False
2026-02-24T12:00:00Z,2026-02-25T08:00:00Z,turbine-2,0.023321199157149593,Open-Meteo Single Runs API,ecmwf_ifs,2026-02-24T00:00:00Z,12,2026-02-24T12:00:00Z,2026-01-31T23:50:00Z,UTC,density_adjusted_power_curve_median_0.5ms,wind_speed_100m,3.04,3.6,False
2026-02-24T12:00:00Z,2026-02-25T09:00:00Z,turbine-2,0.01,Open-Meteo Single Runs API,ecmwf_ifs,2026-02-24T00:00:00Z,12,2026-02-24T12:00:00Z,2026-01-31T23:50:00Z,UTC,density_adjusted_power_curve_median_0.5ms,wind_speed_100m,2.57,3.8,False
2026-02-24T12:00:00Z,2026-02-25T10:00:00Z,turbine-2,0.01,Open-Meteo Single Runs API,ecmwf_ifs,2026-02-24T00:00:00Z,12,2026-02-24T12:00:00Z,2026-01-31T23:50:00Z,UTC,density_adjusted_power_curve_median_0.5ms,wind_speed_100m,2.1,3.7,False
2026-02-24T12:00:00Z,2026-02-25T11:00:00Z,turbine-2,0.01,Open-Meteo Single Runs API,ecmwf_ifs,2026-02-24T00:00:00Z,12,2026-02-24T12:00:00Z,2026-01-31T23:50:00Z,UTC,density_adjusted_power_curve_median_0.5ms,wind_speed_100m,1.67,3.6,False
2026-02-24T12:00:00Z,2026-02-25T12:00:00Z,turbine-2,0.01,Open-Meteo Single Runs API,ecmwf_ifs,2026-02-24T00:00:00Z,12,2026-02-24T12:00:00Z,2026-01-31T23:50:00Z,UTC,density_adjusted_power_curve_median_0.5ms,wind_speed_100m,1.8,2.5,False
2026-02-24T12:00:00Z,2026-02-25T13:00:00Z,turbine-2,0.01,Open-Meteo Single Runs API,ecmwf_ifs,2026-02-24T00:00:00Z,12,2026-02-24T12:00:00Z,2026-01-31T23:50:00Z,UTC,density_adjusted_power_curve_median_0.5ms,wind_speed_100m,2.65,1.8,False
2026-02-24T12:00:00Z,2026-02-25T14:00:00Z,turbine-2,0.02245006798258272,Open-Meteo Single Runs API,ecmwf_ifs,2026-02-24T00:00:00Z,12,2026-02-24T12:00:00Z,2026-01-31T23:50:00Z,UTC,density_adjusted_power_curve_median_0.5ms,wind_speed_100m,3.01,1.3,False
2026-02-24T12:00:00Z,2026-02-25T15:00:00Z,turbine-2,0.01853747005150992,Open-Meteo Single Runs API,ecmwf_ifs,2026-02-24T00:00:00Z,12,2026-02-24T12:00:00Z,2026-01-31T23:50:00Z,UTC,density_adjusted_power_curve_median_0.5ms,wind_speed_100m,2.91,0.4,False
2026-02-24T12:00:00Z,2026-02-25T16:00:00Z,turbine-2,0.053669532593413456,Open-Meteo Single Runs API,ecmwf_ifs,2026-02-24T00:00:00Z,12,2026-02-24T12:00:00Z,2026-01-31T23:50:00Z,UTC,density_adjusted_power_curve_median_0.5ms,wind_speed_100m,3.74,-0.1,False
2026-02-24T12:00:00Z,2026-02-25T17:00:00Z,turbine-2,0.17074471727759363,Open-Meteo Single Runs API,ecmwf_ifs,2026-02-24T00:00:00Z,12,2026-02-24T12:00:00Z,2026-01-31T23:50:00Z,UTC,density_adjusted_power_curve_median_0.5ms,wind_speed_100m,5.46,-0.5,False
2026-02-24T12:00:00Z,2026-02-25T18:00:00Z,turbine-2,0.31795399641552885,Open-Meteo Single Runs API,ecmwf_ifs,2026-02-24T00:00:00Z,12,2026-02-24T12:00:00Z,2026-01-31T23:50:00Z,UTC,density_adjusted_power_curve_median_0.5ms,wind_speed_100m,6.67,-0.6,False
2026-02-24T12:00:00Z,2026-02-25T19:00:00Z,turbine-2,0.42407320258268044,Open-Meteo Single Runs API,ecmwf_ifs,2026-02-24T00:00:00Z,12,2026-02-24T12:00:00Z,2026-01-31T23:50:00Z,UTC,density_adjusted_power_curve_median_0.5ms,wind_speed_100m,7.32,-0.1,False
2026-02-24T12:00:00Z,2026-02-25T20:00:00Z,turbine-2,0.45808372432965394,Open-Meteo Single Runs API,ecmwf_ifs,2026-02-24T00:00:00Z,12,2026-02-24T12:00:00Z,2026-01-31T23:50:00Z,UTC,density_adjusted_power_curve_median_0.5ms,wind_speed_100m,7.53,0.3,False
2026-02-24T12:00:00Z,2026-02-25T21:00:00Z,turbine-2,0.31635199246211587,Open-Meteo Single Runs API,ecmwf_ifs,2026-02-24T00:00:00Z,12,2026-02-24T12:00:00Z,2026-01-31T23:50:00Z,UTC,density_adjusted_power_curve_median_0.5ms,wind_speed_100m,6.67,0.6,False
2026-02-24T12:00:00Z,2026-02-25T22:00:00Z,turbine-2,0.3964051888324265,Open-Meteo Single Runs API,ecmwf_ifs,2026-02-24T00:00:00Z,12,2026-02-24T12:00:00Z,2026-01-31T23:50:00Z,UTC,density_adjusted_power_curve_median_0.5ms,wind_speed_100m,7.16,0.8,False
2026-02-24T12:00:00Z,2026-02-25T23:00:00Z,turbine-2,0.424103404774404,Open-Meteo Single Runs API,ecmwf_ifs,2026-02-24T00:00:00Z,12,2026-02-24T12:00:00Z,2026-01-31T23:50:00Z,UTC,density_adjusted_power_curve_median_0.5ms,wind_speed_100m,7.33,1.0,False
2026-02-24T12:00:00Z,2026-02-26T00:00:00Z,turbine-2,0.2062941093371808,Open-Meteo Single Runs API,ecmwf_ifs,2026-02-24T00:00:00Z,12,2026-02-24T12:00:00Z,2026-01-31T23:50:00Z,UTC,density_adjusted_power_curve_median_0.5ms,wind_speed_100m,5.82,1.1,False
2026-02-24T12:00:00Z,2026-02-26T01:00:00Z,turbine-2,0.37165621143614835,Open-Meteo Single Runs API,ecmwf_ifs,2026-02-24T00:00:00Z,12,2026-02-24T12:00:00Z,2026-01-31T23:50:00Z,UTC,density_adjusted_power_curve_median_0.5ms,wind_speed_100m,7.01,0.9,False
2026-02-24T12:00:00Z,2026-02-26T02:00:00Z,turbine-2,0.38162711904271546,Open-Meteo Single Runs API,ecmwf_ifs,2026-02-24T00:00:00Z,12,2026-02-24T12:00:00Z,2026-01-31T23:50:00Z,UTC,density_adjusted_power_curve_median_0.5ms,wind_speed_100m,7.07,0.8,False
2026-02-24T12:00:00Z,2026-02-26T03:00:00Z,turbine-2,0.3194032157111468,Open-Meteo Single Runs API,ecmwf_ifs,2026-02-24T00:00:00Z,12,2026-02-24T12:00:00Z,2026-01-31T23:50:00Z,UTC,density_adjusted_power_curve_median_0.5ms,wind_speed_100m,6.7,2.0,False
2026-02-24T12:00:00Z,2026-02-26T04:00:00Z,turbine-2,0.013648702310658348,Open-Meteo Single Runs API,ecmwf_ifs,2026-02-24T00:00:00Z,12,2026-02-24T12:00:00Z,2026-01-31T23:50:00Z,UTC,density_adjusted_power_curve_median_0.5ms,wind_speed_100m,2.8,3.6,False
2026-02-24T12:00:00Z,2026-02-26T05:00:00Z,turbine-2,0.4790880179802198,Open-Meteo Single Runs API,ecmwf_ifs,2026-02-24T00:00:00Z,12,2026-02-24T12:00:00Z,2026-01-31T23:50:00Z,UTC,density_adjusted_power_curve_median_0.5ms,wind_speed_100m,7.7,4.8,False
2026-02-24T12:00:00Z,2026-02-26T06:00:00Z,turbine-2,0.17704471954685733,Open-Meteo Single Runs API,ecmwf_ifs,2026-02-24T00:00:00Z,12,2026-02-24T12:00:00Z,2026-01-31T23:50:00Z,UTC,density_adjusted_power_curve_median_0.5ms,wind_speed_100m,5.55,3.6,False
2026-02-24T12:00:00Z,2026-02-26T07:00:00Z,turbine-2,0.09353702698379696,Open-Meteo Single Runs API,ecmwf_ifs,2026-02-24T00:00:00Z,12,2026-02-24T12:00:00Z,2026-01-31T23:50:00Z,UTC,density_adjusted_power_curve_median_0.5ms,wind_speed_100m,4.41,1.5,False
2026-02-24T12:00:00Z,2026-02-26T08:00:00Z,turbine-2,0.0762115262491393,Open-Meteo Single Runs API,ecmwf_ifs,2026-02-24T00:00:00Z,12,2026-02-24T12:00:00Z,2026-01-31T23:50:00Z,UTC,density_adjusted_power_curve_median_0.5ms,wind_speed_100m,4.12,0.6,False
2026-02-24T12:00:00Z,2026-02-26T09:00:00Z,turbine-2,0.11004437563608802,Open-Meteo Single Runs API,ecmwf_ifs,2026-02-24T00:00:00Z,12,2026-02-24T12:00:00Z,2026-01-31T23:50:00Z,UTC,density_adjusted_power_curve_median_0.5ms,wind_speed_100m,4.67,-0.4,False
2026-02-24T12:00:00Z,2026-02-26T10:00:00Z,turbine-2,0.267562703194314,Open-Meteo Single Runs API,ecmwf_ifs,2026-02-24T00:00:00Z,12,2026-02-24T12:00:00Z,2026-01-31T23:50:00Z,UTC,density_adjusted_power_curve_median_0.5ms,wind_speed_100m,6.33,-0.1,False
2026-02-24T12:00:00Z,2026-02-26T11:00:00Z,turbine-2,0.26005423941009365,Open-Meteo Single Runs API,ecmwf_ifs,2026-02-24T00:00:00Z,12,2026-02-24T12:00:00Z,2026-01-31T23:50:00Z,UTC,density_adjusted_power_curve_median_0.5ms,wind_speed_100m,6.28,0.2,False
2026-02-24T12:00:00Z,2026-02-26T12:00:00Z,turbine-2,0.2546413991889414,Open-Meteo Single Runs API,ecmwf_ifs,2026-02-24T00:00:00Z,12,2026-02-24T12:00:00Z,2026-01-31T23:50:00Z,UTC,density_adjusted_power_curve_median_0.5ms,wind_speed_100m,6.24,-0.1,False
2026-02-25T12:00:00Z,2026-02-25T13:00:00Z,turbine-1,0.01,Open-Meteo Single Runs API,ecmwf_ifs,2026-02-25T00:00:00Z,12,2026-02-25T12:00:00Z,2026-01-31T23:50:00Z,UTC,density_adjusted_power_curve_median_0.5ms,wind_speed_100m,0.89,1.0,False
2026-02-25T12:00:00Z,2026-02-25T14:00:00Z,turbine-1,0.01,Open-Meteo Single Runs API,ecmwf_ifs,2026-02-25T00:00:00Z,12,2026-02-25T12:00:00Z,2026-01-31T23:50:00Z,UTC,density_adjusted_power_curve_median_0.5ms,wind_speed_100m,0.74,0.7,False
2026-02-25T12:00:00Z,2026-02-25T15:00:00Z,turbine-1,0.023969213562491536,Open-Meteo Single Runs API,ecmwf_ifs,2026-02-25T00:00:00Z,12,2026-02-25T12:00:00Z,2026-01-31T23:50:00Z,UTC,density_adjusted_power_curve_median_0.5ms,wind_speed_100m,3.04,-0.8,False
2026-02-25T12:00:00Z,2026-02-25T16:00:00Z,turbine-1,0.04440249714174202,Open-Meteo Single Runs API,ecmwf_ifs,2026-02-25T00:00:00Z,12,2026-02-25T12:00:00Z,2026-01-31T23:50:00Z,UTC,density_adjusted_power_curve_median_0.5ms,wind_speed_100m,3.43,-0.2,False
2026-02-25T12:00:00Z,2026-02-25T17:00:00Z,turbine-1,0.19549181946244315,Open-Meteo Single Runs API,ecmwf_ifs,2026-02-25T00:00:00Z,12,2026-02-25T12:00:00Z,2026-01-31T23:50:00Z,UTC,density_adjusted_power_curve_median_0.5ms,wind_speed_100m,5.61,0.2,False
2026-02-25T12:00:00Z,2026-02-25T18:00:00Z,turbine-1,0.46187894534307233,Open-Meteo Single Runs API,ecmwf_ifs,2026-02-25T00:00:00Z,12,2026-02-25T12:00:00Z,2026-01-31T23:50:00Z,UTC,density_adjusted_power_curve_median_0.5ms,wind_speed_100m,7.49,0.1,False
2026-02-25T12:00:00Z,2026-02-25T19:00:00Z,turbine-1,0.555056157198079,Open-Meteo Single Runs API,ecmwf_ifs,2026-02-25T00:00:00Z,12,2026-02-25T12:00:00Z,2026-01-31T23:50:00Z,UTC,density_adjusted_power_curve_median_0.5ms,wind_speed_100m,8.06,-0.2,False
2026-02-25T12:00:00Z,2026-02-25T20:00:00Z,turbine-1,0.6006667204270371,Open-Meteo Single Runs API,ecmwf_ifs,2026-02-25T00:00:00Z,12,2026-02-25T12:00:00Z,2026-01-31T23:50:00Z,UTC,density_adjusted_power_curve_median_0.5ms,wind_speed_100m,8.35,0.4,False
2026-02-25T12:00:00Z,2026-02-25T21:00:00Z,turbine-1,0.578049973088151,Open-Meteo Single Runs API,ecmwf_ifs,2026-02-25T00:00:00Z,12,2026-02-25T12:00:00Z,2026-01-31T23:50:00Z,UTC,density_adjusted_power_curve_median_0.5ms,wind_speed_100m,8.21,0.5,False
2026-02-25T12:00:00Z,2026-02-25T22:00:00Z,turbine-1,0.47923760308175845,Open-Meteo Single Runs API,ecmwf_ifs,2026-02-25T00:00:00Z,12,2026-02-25T12:00:00Z,2026-01-31T23:50:00Z,UTC,density_adjusted_power_curve_median_0.5ms,wind_speed_100m,7.6,0.7,False
2026-02-25T12:00:00Z,2026-02-25T23:00:00Z,turbine-1,0.37087344402939365,Open-Meteo Single Runs API,ecmwf_ifs,2026-02-25T00:00:00Z,12,2026-02-25T12:00:00Z,2026-01-31T23:50:00Z,UTC,density_adjusted_power_curve_median_0.5ms,wind_speed_100m,6.94,0.3,False
2026-02-25T12:00:00Z,2026-02-26T00:00:00Z,turbine-1,0.2750213744443216,Open-Meteo Single Runs API,ecmwf_ifs,2026-02-25T00:00:00Z,12,2026-02-25T12:00:00Z,2026-01-31T23:50:00Z,UTC,density_adjusted_power_curve_median_0.5ms,wind_speed_100m,6.31,0.0,False
2026-02-25T12:00:00Z,2026-02-26T01:00:00Z,turbine-1,0.23420663263967959,Open-Meteo Single Runs API,ecmwf_ifs,2026-02-25T00:00:00Z,12,2026-02-25T12:00:00Z,2026-01-31T23:50:00Z,UTC,density_adjusted_power_curve_median_0.5ms,wind_speed_100m,5.98,-0.4,False
2026-02-25T12:00:00Z,2026-02-26T02:00:00Z,turbine-1,0.18643410866150978,Open-Meteo Single Runs API,ecmwf_ifs,2026-02-25T00:00:00Z,12,2026-02-25T12:00:00Z,2026-01-31T23:50:00Z,UTC,density_adjusted_power_curve_median_0.5ms,wind_speed_100m,5.52,0.1,False
2026-02-25T12:00:00Z,2026-02-26T03:00:00Z,turbine-1,0.14452973245512274,Open-Meteo Single Runs API,ecmwf_ifs,2026-02-25T00:00:00Z,12,2026-02-25T12:00:00Z,2026-01-31T23:50:00Z,UTC,density_adjusted_power_curve_median_0.5ms,wind_speed_100m,5.1,1.0,False
2026-02-25T12:00:00Z,2026-02-26T04:00:00Z,turbine-1,0.06938671757889339,Open-Meteo Single Runs API,ecmwf_ifs,2026-02-25T00:00:00Z,12,2026-02-25T12:00:00Z,2026-01-31T23:50:00Z,UTC,density_adjusted_power_curve_median_0.5ms,wind_speed_100m,3.93,2.6,False
2026-02-25T12:00:00Z,2026-02-26T05:00:00Z,turbine-1,0.01,Open-Meteo Single Runs API,ecmwf_ifs,2026-02-25T00:00:00Z,12,2026-02-25T12:00:00Z,2026-01-31T23:50:00Z,UTC,density_adjusted_power_curve_median_0.5ms,wind_speed_100m,2.2,4.2,False
2026-02-25T12:00:00Z,2026-02-26T06:00:00Z,turbine-1,0.7443542714260989,Open-Meteo Single Runs API,ecmwf_ifs,2026-02-25T00:00:00Z,12,2026-02-25T12:00:00Z,2026-01-31T23:50:00Z,UTC,density_adjusted_power_curve_median_0.5ms,wind_speed_100m,9.36,5.8,False
2026-02-25T12:00:00Z,2026-02-26T07:00:00Z,turbine-1,0.3825775000576923,Open-Meteo Single Runs API,ecmwf_ifs,2026-02-25T00:00:00Z,12,2026-02-25T12:00:00Z,2026-01-31T23:50:00Z,UTC,density_adjusted_power_curve_median_0.5ms,wind_speed_100m,7.03,2.4,False
2026-02-25T12:00:00Z,2026-02-26T08:00:00Z,turbine-1,0.09435160712100704,Open-Meteo Single Runs API,ecmwf_ifs,2026-02-25T00:00:00Z,12,2026-02-25T12:00:00Z,2026-01-31T23:50:00Z,UTC,density_adjusted_power_curve_median_0.5ms,wind_speed_100m,4.42,0.8,False
2026-02-25T12:00:00Z,2026-02-26T09:00:00Z,turbine-1,0.08188709611877298,Open-Meteo Single Runs API,ecmwf_ifs,2026-02-25T00:00:00Z,12,2026-02-25T12:00:00Z,2026-01-31T23:50:00Z,UTC,density_adjusted_power_curve_median_0.5ms,wind_speed_100m,4.21,0.2,False
2026-02-25T12:00:00Z,2026-02-26T10:00:00Z,turbine-1,0.1068066952601167,Open-Meteo Single Runs API,ecmwf_ifs,2026-02-25T00:00:00Z,12,2026-02-25T12:00:00Z,2026-01-31T23:50:00Z,UTC,density_adjusted_power_curve_median_0.5ms,wind_speed_100m,4.62,-0.4,False
2026-02-25T12:00:00Z,2026-02-26T11:00:00Z,turbine-1,0.1260193268980209,Open-Meteo Single Runs API,ecmwf_ifs,2026-02-25T00:00:00Z,12,2026-02-25T12:00:00Z,2026-01-31T23:50:00Z,UTC,density_adjusted_power_curve_median_0.5ms,wind_speed_100m,4.87,0.1,False
2026-02-25T12:00:00Z,2026-02-26T12:00:00Z,turbine-1,0.2422768207110212,Open-Meteo Single Runs API,ecmwf_ifs,2026-02-25T00:00:00Z,12,2026-02-25T12:00:00Z,2026-01-31T23:50:00Z,UTC,density_adjusted_power_curve_median_0.5ms,wind_speed_100m,6.06,-0.1,False
2026-02-25T12:00:00Z,2026-02-26T13:00:00Z,turbine-1,0.521378873410217,Open-Meteo Single Runs API,ecmwf_ifs,2026-02-25T00:00:00Z,12,2026-02-25T12:00:00Z,2026-01-31T23:50:00Z,UTC,density_adjusted_power_curve_median_0.5ms,wind_speed_100m,7.85,-0.4,False
2026-02-25T12:00:00Z,2026-02-26T14:00:00Z,turbine-1,0.5804577189111707,Open-Meteo Single Runs API,ecmwf_ifs,2026-02-25T00:00:00Z,12,2026-02-25T12:00:00Z,2026-01-31T23:50:00Z,UTC,density_adjusted_power_curve_median_0.5ms,wind_speed_100m,8.22,0.0,False
2026-02-25T12:00:00Z,2026-02-26T15:00:00Z,turbine-1,0.37235935012871957,Open-Meteo Single Runs API,ecmwf_ifs,2026-02-25T00:00:00Z,12,2026-02-25T12:00:00Z,2026-01-31T23:50:00Z,UTC,density_adjusted_power_curve_median_0.5ms,wind_speed_100m,6.95,0.4,False
2026-02-25T12:00:00Z,2026-02-26T16:00:00Z,turbine-1,0.27590153945695184,Open-Meteo Single Runs API,ecmwf_ifs,2026-02-25T00:00:00Z,12,2026-02-25T12:00:00Z,2026-01-31T23:50:00Z,UTC,density_adjusted_power_curve_median_0.5ms,wind_speed_100m,6.32,0.5,False
2026-02-25T12:00:00Z,2026-02-26T17:00:00Z,turbine-1,0.48455867646021383,Open-Meteo Single Runs API,ecmwf_ifs,2026-02-25T00:00:00Z,12,2026-02-25T12:00:00Z,2026-01-31T23:50:00Z,UTC,density_adjusted_power_curve_median_0.5ms,wind_speed_100m,7.63,0.4,False
2026-02-25T12:00:00Z,2026-02-26T18:00:00Z,turbine-1,0.7353954068965572,Open-Meteo Single Runs API,ecmwf_ifs,2026-02-25T00:00:00Z,12,2026-02-25T12:00:00Z,2026-01-31T23:50:00Z,UTC,density_adjusted_power_curve_median_0.5ms,wind_speed_100m,9.24,0.1,False
2026-02-25T12:00:00Z,2026-02-26T19:00:00Z,turbine-1,0.7671913431721854,Open-Meteo Single Runs API,ecmwf_ifs,2026-02-25T00:00:00Z,12,2026-02-25T12:00:00Z,2026-01-31T23:50:00Z,UTC,density_adjusted_power_curve_median_0.5ms,wind_speed_100m,9.43,-0.6,False
2026-02-25T12:00:00Z,2026-02-26T20:00:00Z,turbine-1,0.7017854160733814,Open-Meteo Single Runs API,ecmwf_ifs,2026-02-25T00:00:00Z,12,2026-02-25T12:00:00Z,2026-01-31T23:50:00Z,UTC,density_adjusted_power_curve_median_0.5ms,wind_speed_100m,9.01,-1.2,False
2026-02-25T12:00:00Z,2026-02-26T21:00:00Z,turbine-1,0.7277673302784808,Open-Meteo Single Runs API,ecmwf_ifs,2026-02-25T00:00:00Z,12,2026-02-25T12:00:00Z,2026-01-31T23:50:00Z,UTC,density_adjusted_power_curve_median_0.5ms,wind_speed_100m,9.17,-1.9,False
2026-02-25T12:00:00Z,2026-02-26T22:00:00Z,turbine-1,0.7342043470118799,Open-Meteo Single Runs API,ecmwf_ifs,2026-02-25T00:00:00Z,12,2026-02-25T12:00:00Z,2026-01-31T23:50:00Z,UTC,density_adjusted_power_curve_median_0.5ms,wind_speed_100m,9.21,-1.9,False
2026-02-25T12:00:00Z,2026-02-26T23:00:00Z,turbine-1,0.5622998594203628,Open-Meteo Single Runs API,ecmwf_ifs,2026-02-25T00:00:00Z,12,2026-02-25T12:00:00Z,2026-01-31T23:50:00Z,UTC,density_adjusted_power_curve_median_0.5ms,wind_speed_100m,8.09,-1.7,False
2026-02-25T12:00:00Z,2026-02-27T00:00:00Z,turbine-1,0.49923606584115787,Open-Meteo Single Runs API,ecmwf_ifs,2026-02-25T00:00:00Z,12,2026-02-25T12:00:00Z,2026-01-31T23:50:00Z,UTC,density_adjusted_power_curve_median_0.5ms,wind_speed_100m,7.7,-1.8,False
2026-02-25T12:00:00Z,2026-02-27T01:00:00Z,turbine-1,0.36753808706652474,Open-Meteo Single Runs API,ecmwf_ifs,2026-02-25T00:00:00Z,12,2026-02-25T12:00:00Z,2026-01-31T23:50:00Z,UTC,density_adjusted_power_curve_median_0.5ms,wind_speed_100m,6.9,-2.0,False
2026-02-25T12:00:00Z,2026-02-27T02:00:00Z,turbine-1,0.37907350772251125,Open-Meteo Single Runs API,ecmwf_ifs,2026-02-25T00:00:00Z,12,2026-02-25T12:00:00Z,2026-01-31T23:50:00Z,UTC,density_adjusted_power_curve_median_0.5ms,wind_speed_100m,6.97,-2.1,False
2026-02-25T12:00:00Z,2026-02-27T03:00:00Z,turbine-1,0.32969426560661624,Open-Meteo Single Runs API,ecmwf_ifs,2026-02-25T00:00:00Z,12,2026-02-25T12:00:00Z,2026-01-31T23:50:00Z,UTC,density_adjusted_power_curve_median_0.5ms,wind_speed_100m,6.67,-1.7,False
2026-02-25T12:00:00Z,2026-02-27T04:00:00Z,turbine-1,0.19930300750440308,Open-Meteo Single Runs API,ecmwf_ifs,2026-02-25T00:00:00Z,12,2026-02-25T12:00:00Z,2026-01-31T23:50:00Z,UTC,density_adjusted_power_curve_median_0.5ms,wind_speed_100m,5.64,-0.9,False
2026-02-25T12:00:00Z,2026-02-27T05:00:00Z,turbine-1,0.1378194018043601,Open-Meteo Single Runs API,ecmwf_ifs,2026-02-25T00:00:00Z,12,2026-02-25T12:00:00Z,2026-01-31T23:50:00Z,UTC,density_adjusted_power_curve_median_0.5ms,wind_speed_100m,5.01,-0.4,False
2026-02-25T12:00:00Z,2026-02-27T06:00:00Z,turbine-1,0.17926785026606654,Open-Meteo Single Runs API,ecmwf_ifs,2026-02-25T00:00:00Z,12,2026-02-25T12:00:00Z,2026-01-31T23:50:00Z,UTC,density_adjusted_power_curve_median_0.5ms,wind_speed_100m,5.45,0.2,False
2026-02-25T12:00:00Z,2026-02-27T07:00:00Z,turbine-1,0.173931034505304,Open-Meteo Single Runs API,ecmwf_ifs,2026-02-25T00:00:00Z,12,2026-02-25T12:00:00Z,2026-01-31T23:50:00Z,UTC,density_adjusted_power_curve_median_0.5ms,wind_speed_100m,5.4,0.6,False
2026-02-25T12:00:00Z,2026-02-27T08:00:00Z,turbine-1,0.20961521584942738,Open-Meteo Single Runs API,ecmwf_ifs,2026-02-25T00:00:00Z,12,2026-02-25T12:00:00Z,2026-01-31T23:50:00Z,UTC,density_adjusted_power_curve_median_0.5ms,wind_speed_100m,5.75,0.6,False
2026-02-25T12:00:00Z,2026-02-27T09:00:00Z,turbine-1,0.3578861835176413,Open-Meteo Single Runs API,ecmwf_ifs,2026-02-25T00:00:00Z,12,2026-02-25T12:00:00Z,2026-01-31T23:50:00Z,UTC,density_adjusted_power_curve_median_0.5ms,wind_speed_100m,6.86,0.3,False
2026-02-25T12:00:00Z,2026-02-27T10:00:00Z,turbine-1,0.3765724639940708,Open-Meteo Single Runs API,ecmwf_ifs,2026-02-25T00:00:00Z,12,2026-02-25T12:00:00Z,2026-01-31T23:50:00Z,UTC,density_adjusted_power_curve_median_0.5ms,wind_speed_100m,6.97,-0.3,False
2026-02-25T12:00:00Z,2026-02-27T11:00:00Z,turbine-1,0.42013680270508247,Open-Meteo Single Runs API,ecmwf_ifs,2026-02-25T00:00:00Z,12,2026-02-25T12:00:00Z,2026-01-31T23:50:00Z,UTC,density_adjusted_power_curve_median_0.5ms,wind_speed_100m,7.23,-0.9,False
2026-02-25T12:00:00Z,2026-02-27T12:00:00Z,turbine-1,0.5302044190089319,Open-Meteo Single Runs API,ecmwf_ifs,2026-02-25T00:00:00Z,12,2026-02-25T12:00:00Z,2026-01-31T23:50:00Z,UTC,density_adjusted_power_curve_median_0.5ms,wind_speed_100m,7.89,-1.9,False
2026-02-25T12:00:00Z,2026-02-25T13:00:00Z,turbine-2,0.01,Open-Meteo Single Runs API,ecmwf_ifs,2026-02-25T00:00:00Z,12,2026-02-25T12:00:00Z,2026-01-31T23:50:00Z,UTC,density_adjusted_power_curve_median_0.5ms,wind_speed_100m,0.89,1.0,False
2026-02-25T12:00:00Z,2026-02-25T14:00:00Z,turbine-2,0.01,Open-Meteo Single Runs API,ecmwf_ifs,2026-02-25T00:00:00Z,12,2026-02-25T12:00:00Z,2026-01-31T23:50:00Z,UTC,density_adjusted_power_curve_median_0.5ms,wind_speed_100m,0.74,0.7,False
2026-02-25T12:00:00Z,2026-02-25T15:00:00Z,turbine-2,0.023977466458686696,Open-Meteo Single Runs API,ecmwf_ifs,2026-02-25T00:00:00Z,12,2026-02-25T12:00:00Z,2026-01-31T23:50:00Z,UTC,density_adjusted_power_curve_median_0.5ms,wind_speed_100m,3.04,-0.8,False
2026-02-25T12:00:00Z,2026-02-25T16:00:00Z,turbine-2,0.039810323800545624,Open-Meteo Single Runs API,ecmwf_ifs,2026-02-25T00:00:00Z,12,2026-02-25T12:00:00Z,2026-01-31T23:50:00Z,UTC,density_adjusted_power_curve_median_0.5ms,wind_speed_100m,3.43,-0.2,False
2026-02-25T12:00:00Z,2026-02-25T17:00:00Z,turbine-2,0.185391888645917,Open-Meteo Single Runs API,ecmwf_ifs,2026-02-25T00:00:00Z,12,2026-02-25T12:00:00Z,2026-01-31T23:50:00Z,UTC,density_adjusted_power_curve_median_0.5ms,wind_speed_100m,5.61,0.2,False
2026-02-25T12:00:00Z,2026-02-25T18:00:00Z,turbine-2,0.4517944127053618,Open-Meteo Single Runs API,ecmwf_ifs,2026-02-25T00:00:00Z,12,2026-02-25T12:00:00Z,2026-01-31T23:50:00Z,UTC,density_adjusted_power_curve_median_0.5ms,wind_speed_100m,7.49,0.1,False
2026-02-25T12:00:00Z,2026-02-25T19:00:00Z,turbine-2,0.5452153808595437,Open-Meteo Single Runs API,ecmwf_ifs,2026-02-25T00:00:00Z,12,2026-02-25T12:00:00Z,2026-01-31T23:50:00Z,UTC,density_adjusted_power_curve_median_0.5ms,wind_speed_100m,8.06,-0.2,False
2026-02-25T12:00:00Z,2026-02-25T20:00:00Z,turbine-2,0.5860871349156327,Open-Meteo Single Runs API,ecmwf_ifs,2026-02-25T00:00:00Z,12,2026-02-25T12:00:00Z,2026-01-31T23:50:00Z,UTC,density_adjusted_power_curve_median_0.5ms,wind_speed_100m,8.35,0.4,False
2026-02-25T12:00:00Z,2026-02-25T21:00:00Z,turbine-2,0.5661070597675121,Open-Meteo Single Runs API,ecmwf_ifs,2026-02-25T00:00:00Z,12,2026-02-25T12:00:00Z,2026-01-31T23:50:00Z,UTC,density_adjusted_power_curve_median_0.5ms,wind_speed_100m,8.21,0.5,False
2026-02-25T12:00:00Z,2026-02-25T22:00:00Z,turbine-2,0.4690068203525221,Open-Meteo Single Runs API,ecmwf_ifs,2026-02-25T00:00:00Z,12,2026-02-25T12:00:00Z,2026-01-31T23:50:00Z,UTC,density_adjusted_power_curve_median_0.5ms,wind_speed_100m,7.6,0.7,False
2026-02-25T12:00:00Z,2026-02-25T23:00:00Z,turbine-2,0.36101888380948044,Open-Meteo Single Runs API,ecmwf_ifs,2026-02-25T00:00:00Z,12,2026-02-25T12:00:00Z,2026-01-31T23:50:00Z,UTC,density_adjusted_power_curve_median_0.5ms,wind_speed_100m,6.94,0.3,False
2026-02-25T12:00:00Z,2026-02-26T00:00:00Z,turbine-2,0.264580735758821,Open-Meteo Single Runs API,ecmwf_ifs,2026-02-25T00:00:00Z,12,2026-02-25T12:00:00Z,2026-01-31T23:50:00Z,UTC,density_adjusted_power_curve_median_0.5ms,wind_speed_100m,6.31,0.0,False
2026-02-25T12:00:00Z,2026-02-26T01:00:00Z,turbine-2,0.22391430700193923,Open-Meteo Single Runs API,ecmwf_ifs,2026-02-25T00:00:00Z,12,2026-02-25T12:00:00Z,2026-01-31T23:50:00Z,UTC,density_adjusted_power_curve_median_0.5ms,wind_speed_100m,5.98,-0.4,False
2026-02-25T12:00:00Z,2026-02-26T02:00:00Z,turbine-2,0.17638912565713885,Open-Meteo Single Runs API,ecmwf_ifs,2026-02-25T00:00:00Z,12,2026-02-25T12:00:00Z,2026-01-31T23:50:00Z,UTC,density_adjusted_power_curve_median_0.5ms,wind_speed_100m,5.52,0.1,False
2026-02-25T12:00:00Z,2026-02-26T03:00:00Z,turbine-2,0.13602101081887857,Open-Meteo Single Runs API,ecmwf_ifs,2026-02-25T00:00:00Z,12,2026-02-25T12:00:00Z,2026-01-31T23:50:00Z,UTC,density_adjusted_power_curve_median_0.5ms,wind_speed_100m,5.1,1.0,False
2026-02-25T12:00:00Z,2026-02-26T04:00:00Z,turbine-2,0.0642752259582788,Open-Meteo Single Runs API,ecmwf_ifs,2026-02-25T00:00:00Z,12,2026-02-25T12:00:00Z,2026-01-31T23:50:00Z,UTC,density_adjusted_power_curve_median_0.5ms,wind_speed_100m,3.93,2.6,False
2026-02-25T12:00:00Z,2026-02-26T05:00:00Z,turbine-2,0.01,Open-Meteo Single Runs API,ecmwf_ifs,2026-02-25T00:00:00Z,12,2026-02-25T12:00:00Z,2026-01-31T23:50:00Z,UTC,density_adjusted_power_curve_median_0.5ms,wind_speed_100m,2.2,4.2,False
2026-02-25T12:00:00Z,2026-02-26T06:00:00Z,turbine-2,0.7295560872804469,Open-Meteo Single Runs API,ecmwf_ifs,2026-02-25T00:00:00Z,12,2026-02-25T12:00:00Z,2026-01-31T23:50:00Z,UTC,density_adjusted_power_curve_median_0.5ms,wind_speed_100m,9.36,5.8,False
2026-02-25T12:00:00Z,2026-02-26T07:00:00Z,turbine-2,0.3728391646703728,Open-Meteo Single Runs API,ecmwf_ifs,2026-02-25T00:00:00Z,12,2026-02-25T12:00:00Z,2026-01-31T23:50:00Z,UTC,density_adjusted_power_curve_median_0.5ms,wind_speed_100m,7.03,2.4,False
2026-02-25T12:00:00Z,2026-02-26T08:00:00Z,turbine-2,0.09437581619033597,Open-Meteo Single Runs API,ecmwf_ifs,2026-02-25T00:00:00Z,12,2026-02-25T12:00:00Z,2026-01-31T23:50:00Z,UTC,density_adjusted_power_curve_median_0.5ms,wind_speed_100m,4.42,0.8,False
2026-02-25T12:00:00Z,2026-02-26T09:00:00Z,turbine-2,0.08175277973555635,Open-Meteo Single Runs API,ecmwf_ifs,2026-02-25T00:00:00Z,12,2026-02-25T12:00:00Z,2026-01-31T23:50:00Z,UTC,density_adjusted_power_curve_median_0.5ms,wind_speed_100m,4.21,0.2,False
2026-02-25T12:00:00Z,2026-02-26T10:00:00Z,turbine-2,0.10698930994065596,Open-Meteo Single Runs API,ecmwf_ifs,2026-02-25T00:00:00Z,12,2026-02-25T12:00:00Z,2026-01-31T23:50:00Z,UTC,density_adjusted_power_curve_median_0.5ms,wind_speed_100m,4.62,-0.4,False
2026-02-25T12:00:00Z,2026-02-26T11:00:00Z,turbine-2,0.12219266019391986,Open-Meteo Single Runs API,ecmwf_ifs,2026-02-25T00:00:00Z,12,2026-02-25T12:00:00Z,2026-01-31T23:50:00Z,UTC,density_adjusted_power_curve_median_0.5ms,wind_speed_100m,4.87,0.1,False
2026-02-25T12:00:00Z,2026-02-26T12:00:00Z,turbine-2,0.23194627317577768,Open-Meteo Single Runs API,ecmwf_ifs,2026-02-25T00:00:00Z,12,2026-02-25T12:00:00Z,2026-01-31T23:50:00Z,UTC,density_adjusted_power_curve_median_0.5ms,wind_speed_100m,6.06,-0.1,False
2026-02-25T12:00:00Z,2026-02-26T13:00:00Z,turbine-2,0.5113616182339334,Open-Meteo Single Runs API,ecmwf_ifs,2026-02-25T00:00:00Z,12,2026-02-25T12:00:00Z,2026-01-31T23:50:00Z,UTC,density_adjusted_power_curve_median_0.5ms,wind_speed_100m,7.85,-0.4,False
2026-02-25T12:00:00Z,2026-02-26T14:00:00Z,turbine-2,0.5682341093277641,Open-Meteo Single Runs API,ecmwf_ifs,2026-02-25T00:00:00Z,12,2026-02-25T12:00:00Z,2026-01-31T23:50:00Z,UTC,density_adjusted_power_curve_median_0.5ms,wind_speed_100m,8.22,0.0,False
2026-02-25T12:00:00Z,2026-02-26T15:00:00Z,turbine-2,0.3625195454078596,Open-Meteo Single Runs API,ecmwf_ifs,2026-02-25T00:00:00Z,12,2026-02-25T12:00:00Z,2026-01-31T23:50:00Z,UTC,density_adjusted_power_curve_median_0.5ms,wind_speed_100m,6.95,0.4,False
2026-02-25T12:00:00Z,2026-02-26T16:00:00Z,turbine-2,0.2654633618606466,Open-Meteo Single Runs API,ecmwf_ifs,2026-02-25T00:00:00Z,12,2026-02-25T12:00:00Z,2026-01-31T23:50:00Z,UTC,density_adjusted_power_curve_median_0.5ms,wind_speed_100m,6.32,0.5,False
2026-02-25T12:00:00Z,2026-02-26T17:00:00Z,turbine-2,0.4743484726600349,Open-Meteo Single Runs API,ecmwf_ifs,2026-02-25T00:00:00Z,12,2026-02-25T12:00:00Z,2026-01-31T23:50:00Z,UTC,density_adjusted_power_curve_median_0.5ms,wind_speed_100m,7.63,0.4,False
2026-02-25T12:00:00Z,2026-02-26T18:00:00Z,turbine-2,0.7217345706202516,Open-Meteo Single Runs API,ecmwf_ifs,2026-02-25T00:00:00Z,12,2026-02-25T12:00:00Z,2026-01-31T23:50:00Z,UTC,density_adjusted_power_curve_median_0.5ms,wind_speed_100m,9.24,0.1,False
2026-02-25T12:00:00Z,2026-02-26T19:00:00Z,turbine-2,0.7494939417421472,Open-Meteo Single Runs API,ecmwf_ifs,2026-02-25T00:00:00Z,12,2026-02-25T12:00:00Z,2026-01-31T23:50:00Z,UTC,density_adjusted_power_curve_median_0.5ms,wind_speed_100m,9.43,-0.6,False
2026-02-25T12:00:00Z,2026-02-26T20:00:00Z,turbine-2,0.6902814868236052,Open-Meteo Single Runs API,ecmwf_ifs,2026-02-25T00:00:00Z,12,2026-02-25T12:00:00Z,2026-01-31T23:50:00Z,UTC,density_adjusted_power_curve_median_0.5ms,wind_speed_100m,9.01,-1.2,False
2026-02-25T12:00:00Z,2026-02-26T21:00:00Z,turbine-2,0.7150748953727027,Open-Meteo Single Runs API,ecmwf_ifs,2026-02-25T00:00:00Z,12,2026-02-25T12:00:00Z,2026-01-31T23:50:00Z,UTC,density_adjusted_power_curve_median_0.5ms,wind_speed_100m,9.17,-1.9,False
2026-02-25T12:00:00Z,2026-02-26T22:00:00Z,turbine-2,0.7206947184491895,Open-Meteo Single Runs API,ecmwf_ifs,2026-02-25T00:00:00Z,12,2026-02-25T12:00:00Z,2026-01-31T23:50:00Z,UTC,density_adjusted_power_curve_median_0.5ms,wind_speed_100m,9.21,-1.9,False
2026-02-25T12:00:00Z,2026-02-26T23:00:00Z,turbine-2,0.5521931025587851,Open-Meteo Single Runs API,ecmwf_ifs,2026-02-25T00:00:00Z,12,2026-02-25T12:00:00Z,2026-01-31T23:50:00Z,UTC,density_adjusted_power_curve_median_0.5ms,wind_speed_100m,8.09,-1.7,False
2026-02-25T12:00:00Z,2026-02-27T00:00:00Z,turbine-2,0.4891027758632291,Open-Meteo Single Runs API,ecmwf_ifs,2026-02-25T00:00:00Z,12,2026-02-25T12:00:00Z,2026-01-31T23:50:00Z,UTC,density_adjusted_power_curve_median_0.5ms,wind_speed_100m,7.7,-1.8,False
2026-02-25T12:00:00Z,2026-02-27T01:00:00Z,turbine-2,0.3576504057385348,Open-Meteo Single Runs API,ecmwf_ifs,2026-02-25T00:00:00Z,12,2026-02-25T12:00:00Z,2026-01-31T23:50:00Z,UTC,density_adjusted_power_curve_median_0.5ms,wind_speed_100m,6.9,-2.0,False
2026-02-25T12:00:00Z,2026-02-27T02:00:00Z,turbine-2,0.36930037662662873,Open-Meteo Single Runs API,ecmwf_ifs,2026-02-25T00:00:00Z,12,2026-02-25T12:00:00Z,2026-01-31T23:50:00Z,UTC,density_adjusted_power_curve_median_0.5ms,wind_speed_100m,6.97,-2.1,False
2026-02-25T12:00:00Z,2026-02-27T03:00:00Z,turbine-2,0.3194307836328288,Open-Meteo Single Runs API,ecmwf_ifs,2026-02-25T00:00:00Z,12,2026-02-25T12:00:00Z,2026-01-31T23:50:00Z,UTC,density_adjusted_power_curve_median_0.5ms,wind_speed_100m,6.67,-1.7,False
2026-02-25T12:00:00Z,2026-02-27T04:00:00Z,turbine-2,0.18917995644820262,Open-Meteo Single Runs API,ecmwf_ifs,2026-02-25T00:00:00Z,12,2026-02-25T12:00:00Z,2026-01-31T23:50:00Z,UTC,density_adjusted_power_curve_median_0.5ms,wind_speed_100m,5.64,-0.9,False
2026-02-25T12:00:00Z,2026-02-27T05:00:00Z,turbine-2,0.1310080031480363,Open-Meteo Single Runs API,ecmwf_ifs,2026-02-25T00:00:00Z,12,2026-02-25T12:00:00Z,2026-01-31T23:50:00Z,UTC,density_adjusted_power_curve_median_0.5ms,wind_speed_100m,5.01,-0.4,False
2026-02-25T12:00:00Z,2026-02-27T06:00:00Z,turbine-2,0.16926634074289,Open-Meteo Single Runs API,ecmwf_ifs,2026-02-25T00:00:00Z,12,2026-02-25T12:00:00Z,2026-01-31T23:50:00Z,UTC,density_adjusted_power_curve_median_0.5ms,wind_speed_100m,5.45,0.2,False
2026-02-25T12:00:00Z,2026-02-27T07:00:00Z,turbine-2,0.16396190030922436,Open-Meteo Single Runs API,ecmwf_ifs,2026-02-25T00:00:00Z,12,2026-02-25T12:00:00Z,2026-01-31T23:50:00Z,UTC,density_adjusted_power_curve_median_0.5ms,wind_speed_100m,5.4,0.6,False
2026-02-25T12:00:00Z,2026-02-27T08:00:00Z,turbine-2,0.19943935969216328,Open-Meteo Single Runs API,ecmwf_ifs,2026-02-25T00:00:00Z,12,2026-02-25T12:00:00Z,2026-01-31T23:50:00Z,UTC,density_adjusted_power_curve_median_0.5ms,wind_speed_100m,5.75,0.6,False
2026-02-25T12:00:00Z,2026-02-27T09:00:00Z,turbine-2,0.3479026558547169,Open-Meteo Single Runs API,ecmwf_ifs,2026-02-25T00:00:00Z,12,2026-02-25T12:00:00Z,2026-01-31T23:50:00Z,UTC,density_adjusted_power_curve_median_0.5ms,wind_speed_100m,6.86,0.3,False
2026-02-25T12:00:00Z,2026-02-27T10:00:00Z,turbine-2,0.3667744967740323,Open-Meteo Single Runs API,ecmwf_ifs,2026-02-25T00:00:00Z,12,2026-02-25T12:00:00Z,2026-01-31T23:50:00Z,UTC,density_adjusted_power_curve_median_0.5ms,wind_speed_100m,6.97,-0.3,False
2026-02-25T12:00:00Z,2026-02-27T11:00:00Z,turbine-2,0.4104039557952198,Open-Meteo Single Runs API,ecmwf_ifs,2026-02-25T00:00:00Z,12,2026-02-25T12:00:00Z,2026-01-31T23:50:00Z,UTC,density_adjusted_power_curve_median_0.5ms,wind_speed_100m,7.23,-0.9,False
2026-02-25T12:00:00Z,2026-02-27T12:00:00Z,turbine-2,0.5202334122783236,Open-Meteo Single Runs API,ecmwf_ifs,2026-02-25T00:00:00Z,12,2026-02-25T12:00:00Z,2026-01-31T23:50:00Z,UTC,density_adjusted_power_curve_median_0.5ms,wind_speed_100m,7.89,-1.9,False
2026-02-26T12:00:00Z,2026-02-26T13:00:00Z,turbine-1,0.5724336931695205,Open-Meteo Single Runs API,ecmwf_ifs,2026-02-26T00:00:00Z,12,2026-02-26T12:00:00Z,2026-01-31T23:50:00Z,UTC,density_adjusted_power_curve_median_0.5ms,wind_speed_100m,8.17,0.0,False
2026-02-26T12:00:00Z,2026-02-26T14:00:00Z,turbine-1,0.5301544377416876,Open-Meteo Single Runs API,ecmwf_ifs,2026-02-26T00:00:00Z,12,2026-02-26T12:00:00Z,2026-01-31T23:50:00Z,UTC,density_adjusted_power_curve_median_0.5ms,wind_speed_100m,7.91,0.2,False
2026-02-26T12:00:00Z,2026-02-26T15:00:00Z,turbine-1,0.5283809618022663,Open-Meteo Single Runs API,ecmwf_ifs,2026-02-26T00:00:00Z,12,2026-02-26T12:00:00Z,2026-01-31T23:50:00Z,UTC,density_adjusted_power_curve_median_0.5ms,wind_speed_100m,7.9,0.3,False
2026-02-26T12:00:00Z,2026-02-26T16:00:00Z,turbine-1,0.42579882795276053,Open-Meteo Single Runs API,ecmwf_ifs,2026-02-26T00:00:00Z,12,2026-02-26T12:00:00Z,2026-01-31T23:50:00Z,UTC,density_adjusted_power_curve_median_0.5ms,wind_speed_100m,7.28,0.9,False
2026-02-26T12:00:00Z,2026-02-26T17:00:00Z,turbine-1,0.5785315985122491,Open-Meteo Single Runs API,ecmwf_ifs,2026-02-26T00:00:00Z,12,2026-02-26T12:00:00Z,2026-01-31T23:50:00Z,UTC,density_adjusted_power_curve_median_0.5ms,wind_speed_100m,8.22,1.2,False
2026-02-26T12:00:00Z,2026-02-26T18:00:00Z,turbine-1,0.5426233330287081,Open-Meteo Single Runs API,ecmwf_ifs,2026-02-26T00:00:00Z,12,2026-02-26T12:00:00Z,2026-01-31T23:50:00Z,UTC,density_adjusted_power_curve_median_0.5ms,wind_speed_100m,7.99,0.5,False
2026-02-26T12:00:00Z,2026-02-26T19:00:00Z,turbine-1,0.25827606794271446,Open-Meteo Single Runs API,ecmwf_ifs,2026-02-26T00:00:00Z,12,2026-02-26T12:00:00Z,2026-01-31T23:50:00Z,UTC,density_adjusted_power_curve_median_0.5ms,wind_speed_100m,6.19,-0.4,False
2026-02-26T12:00:00Z,2026-02-26T20:00:00Z,turbine-1,0.19909281695221673,Open-Meteo Single Runs API,ecmwf_ifs,2026-02-26T00:00:00Z,12,2026-02-26T12:00:00Z,2026-01-31T23:50:00Z,UTC,density_adjusted_power_curve_median_0.5ms,wind_speed_100m,5.64,-0.6,False
2026-02-26T12:00:00Z,2026-02-26T21:00:00Z,turbine-1,0.24139291457236314,Open-Meteo Single Runs API,ecmwf_ifs,2026-02-26T00:00:00Z,12,2026-02-26T12:00:00Z,2026-01-31T23:50:00Z,UTC,density_adjusted_power_curve_median_0.5ms,wind_speed_100m,6.05,-0.3,False
2026-02-26T12:00:00Z,2026-02-26T22:00:00Z,turbine-1,0.30267494680663337,Open-Meteo Single Runs API,ecmwf_ifs,2026-02-26T00:00:00Z,12,2026-02-26T12:00:00Z,2026-01-31T23:50:00Z,UTC,density_adjusted_power_curve_median_0.5ms,wind_speed_100m,6.5,-0.4,False
2026-02-26T12:00:00Z,2026-02-26T23:00:00Z,turbine-1,0.25122245606538435,Open-Meteo Single Runs API,ecmwf_ifs,2026-02-26T00:00:00Z,12,2026-02-26T12:00:00Z,2026-01-31T23:50:00Z,UTC,density_adjusted_power_curve_median_0.5ms,wind_speed_100m,6.14,-0.5,False
2026-02-26T12:00:00Z,2026-02-27T00:00:00Z,turbine-1,0.18677596841618713,Open-Meteo Single Runs API,ecmwf_ifs,2026-02-26T00:00:00Z,12,2026-02-26T12:00:00Z,2026-01-31T23:50:00Z,UTC,density_adjusted_power_curve_median_0.5ms,wind_speed_100m,5.52,-0.4,False
2026-02-26T12:00:00Z,2026-02-27T01:00:00Z,turbine-1,0.18061982714941918,Open-Meteo Single Runs API,ecmwf_ifs,2026-02-26T00:00:00Z,12,2026-02-26T12:00:00Z,2026-01-31T23:50:00Z,UTC,density_adjusted_power_curve_median_0.5ms,wind_speed_100m,5.46,-0.3,False
2026-02-26T12:00:00Z,2026-02-27T02:00:00Z,turbine-1,0.18163444423299963,Open-Meteo Single Runs API,ecmwf_ifs,2026-02-26T00:00:00Z,12,2026-02-26T12:00:00Z,2026-01-31T23:50:00Z,UTC,density_adjusted_power_curve_median_0.5ms,wind_speed_100m,5.47,-0.3,False
2026-02-26T12:00:00Z,2026-02-27T03:00:00Z,turbine-1,0.1537893642947661,Open-Meteo Single Runs API,ecmwf_ifs,2026-02-26T00:00:00Z,12,2026-02-26T12:00:00Z,2026-01-31T23:50:00Z,UTC,density_adjusted_power_curve_median_0.5ms,wind_speed_100m,5.2,0.4,False
2026-02-26T12:00:00Z,2026-02-27T04:00:00Z,turbine-1,0.10261798070316716,Open-Meteo Single Runs API,ecmwf_ifs,2026-02-26T00:00:00Z,12,2026-02-26T12:00:00Z,2026-01-31T23:50:00Z,UTC,density_adjusted_power_curve_median_0.5ms,wind_speed_100m,4.56,1.3,False
2026-02-26T12:00:00Z,2026-02-27T05:00:00Z,turbine-1,0.10556065619506212,Open-Meteo Single Runs API,ecmwf_ifs,2026-02-26T00:00:00Z,12,2026-02-26T12:00:00Z,2026-01-31T23:50:00Z,UTC,density_adjusted_power_curve_median_0.5ms,wind_speed_100m,4.61,1.5,False
2026-02-26T12:00:00Z,2026-02-27T06:00:00Z,turbine-1,0.08364563192925346,Open-Meteo Single Runs API,ecmwf_ifs,2026-02-26T00:00:00Z,12,2026-02-26T12:00:00Z,2026-01-31T23:50:00Z,UTC,density_adjusted_power_curve_median_0.5ms,wind_speed_100m,4.25,2.3,False
2026-02-26T12:00:00Z,2026-02-27T07:00:00Z,turbine-1,0.14391841195222832,Open-Meteo Single Runs API,ecmwf_ifs,2026-02-26T00:00:00Z,12,2026-02-26T12:00:00Z,2026-01-31T23:50:00Z,UTC,density_adjusted_power_curve_median_0.5ms,wind_speed_100m,5.1,2.2,False
2026-02-26T12:00:00Z,2026-02-27T08:00:00Z,turbine-1,0.1662458036713002,Open-Meteo Single Runs API,ecmwf_ifs,2026-02-26T00:00:00Z,12,2026-02-26T12:00:00Z,2026-01-31T23:50:00Z,UTC,density_adjusted_power_curve_median_0.5ms,wind_speed_100m,5.33,1.5,False
2026-02-26T12:00:00Z,2026-02-27T09:00:00Z,turbine-1,0.19951583902834555,Open-Meteo Single Runs API,ecmwf_ifs,2026-02-26T00:00:00Z,12,2026-02-26T12:00:00Z,2026-01-31T23:50:00Z,UTC,density_adjusted_power_curve_median_0.5ms,wind_speed_100m,5.66,1.7,False
2026-02-26T12:00:00Z,2026-02-27T10:00:00Z,turbine-1,0.2465371125868319,Open-Meteo Single Runs API,ecmwf_ifs,2026-02-26T00:00:00Z,12,2026-02-26T12:00:00Z,2026-01-31T23:50:00Z,UTC,density_adjusted_power_curve_median_0.5ms,wind_speed_100m,6.11,1.1,False
2026-02-26T12:00:00Z,2026-02-27T11:00:00Z,turbine-1,0.4201826198520691,Open-Meteo Single Runs API,ecmwf_ifs,2026-02-26T00:00:00Z,12,2026-02-26T12:00:00Z,2026-01-31T23:50:00Z,UTC,density_adjusted_power_curve_median_0.5ms,wind_speed_100m,7.24,0.2,False
2026-02-26T12:00:00Z,2026-02-27T12:00:00Z,turbine-1,0.4755117247184495,Open-Meteo Single Runs API,ecmwf_ifs,2026-02-26T00:00:00Z,12,2026-02-26T12:00:00Z,2026-01-31T23:50:00Z,UTC,density_adjusted_power_curve_median_0.5ms,wind_speed_100m,7.56,-1.2,False
2026-02-26T12:00:00Z,2026-02-27T13:00:00Z,turbine-1,0.4905734231543285,Open-Meteo Single Runs API,ecmwf_ifs,2026-02-26T00:00:00Z,12,2026-02-26T12:00:00Z,2026-01-31T23:50:00Z,UTC,density_adjusted_power_curve_median_0.5ms,wind_speed_100m,7.64,-2.5,False
2026-02-26T12:00:00Z,2026-02-27T14:00:00Z,turbine-1,0.38812401610075925,Open-Meteo Single Runs API,ecmwf_ifs,2026-02-26T00:00:00Z,12,2026-02-26T12:00:00Z,2026-01-31T23:50:00Z,UTC,density_adjusted_power_curve_median_0.5ms,wind_speed_100m,7.01,-3.9,False
2026-02-26T12:00:00Z,2026-02-27T15:00:00Z,turbine-1,0.40710131381644443,Open-Meteo Single Runs API,ecmwf_ifs,2026-02-26T00:00:00Z,12,2026-02-26T12:00:00Z,2026-01-31T23:50:00Z,UTC,density_adjusted_power_curve_median_0.5ms,wind_speed_100m,7.12,-4.5,False
2026-02-26T12:00:00Z,2026-02-27T16:00:00Z,turbine-1,0.34297784473418474,Open-Meteo Single Runs API,ecmwf_ifs,2026-02-26T00:00:00Z,12,2026-02-26T12:00:00Z,2026-01-31T23:50:00Z,UTC,density_adjusted_power_curve_median_0.5ms,wind_speed_100m,6.73,-4.3,False
2026-02-26T12:00:00Z,2026-02-27T17:00:00Z,turbine-1,0.2700721521666244,Open-Meteo Single Runs API,ecmwf_ifs,2026-02-26T00:00:00Z,12,2026-02-26T12:00:00Z,2026-01-31T23:50:00Z,UTC,density_adjusted_power_curve_median_0.5ms,wind_speed_100m,6.24,-4.6,False
2026-02-26T12:00:00Z,2026-02-27T18:00:00Z,turbine-1,0.4607409339690054,Open-Meteo Single Runs API,ecmwf_ifs,2026-02-26T00:00:00Z,12,2026-02-26T12:00:00Z,2026-01-31T23:50:00Z,UTC,density_adjusted_power_curve_median_0.5ms,wind_speed_100m,7.44,-4.6,False
2026-02-26T12:00:00Z,2026-02-27T19:00:00Z,turbine-1,0.30669139693413194,Open-Meteo Single Runs API,ecmwf_ifs,2026-02-26T00:00:00Z,12,2026-02-26T12:00:00Z,2026-01-31T23:50:00Z,UTC,density_adjusted_power_curve_median_0.5ms,wind_speed_100m,6.5,-3.9,False
2026-02-26T12:00:00Z,2026-02-27T20:00:00Z,turbine-1,0.23414169394824302,Open-Meteo Single Runs API,ecmwf_ifs,2026-02-26T00:00:00Z,12,2026-02-26T12:00:00Z,2026-01-31T23:50:00Z,UTC,density_adjusted_power_curve_median_0.5ms,wind_speed_100m,5.95,-4.4,False
2026-02-26T12:00:00Z,2026-02-27T21:00:00Z,turbine-1,0.35251673180905935,Open-Meteo Single Runs API,ecmwf_ifs,2026-02-26T00:00:00Z,12,2026-02-26T12:00:00Z,2026-01-31T23:50:00Z,UTC,density_adjusted_power_curve_median_0.5ms,wind_speed_100m,6.78,-5.3,False
2026-02-26T12:00:00Z,2026-02-27T22:00:00Z,turbine-1,0.3352149327316354,Open-Meteo Single Runs API,ecmwf_ifs,2026-02-26T00:00:00Z,12,2026-02-26T12:00:00Z,2026-01-31T23:50:00Z,UTC,density_adjusted_power_curve_median_0.5ms,wind_speed_100m,6.67,-5.8,False
2026-02-26T12:00:00Z,2026-02-27T23:00:00Z,turbine-1,0.41952174163739575,Open-Meteo Single Runs API,ecmwf_ifs,2026-02-26T00:00:00Z,12,2026-02-26T12:00:00Z,2026-01-31T23:50:00Z,UTC,density_adjusted_power_curve_median_0.5ms,wind_speed_100m,7.18,-6.1,False
2026-02-26T12:00:00Z,2026-02-28T00:00:00Z,turbine-1,0.428652109256147,Open-Meteo Single Runs API,ecmwf_ifs,2026-02-26T00:00:00Z,12,2026-02-26T12:00:00Z,2026-01-31T23:50:00Z,UTC,density_adjusted_power_curve_median_0.5ms,wind_speed_100m,7.23,-6.6,False
2026-02-26T12:00:00Z,2026-02-28T01:00:00Z,turbine-1,0.41189417773574044,Open-Meteo Single Runs API,ecmwf_ifs,2026-02-26T00:00:00Z,12,2026-02-26T12:00:00Z,2026-01-31T23:50:00Z,UTC,density_adjusted_power_curve_median_0.5ms,wind_speed_100m,7.13,-6.6,False
2026-02-26T12:00:00Z,2026-02-28T02:00:00Z,turbine-1,0.45776152900644335,Open-Meteo Single Runs API,ecmwf_ifs,2026-02-26T00:00:00Z,12,2026-02-26T12:00:00Z,2026-01-31T23:50:00Z,UTC,density_adjusted_power_curve_median_0.5ms,wind_speed_100m,7.4,-7.0,False
2026-02-26T12:00:00Z,2026-02-28T03:00:00Z,turbine-1,0.4210264270353324,Open-Meteo Single Runs API,ecmwf_ifs,2026-02-26T00:00:00Z,12,2026-02-26T12:00:00Z,2026-01-31T23:50:00Z,UTC,density_adjusted_power_curve_median_0.5ms,wind_speed_100m,7.18,-7.1,False
2026-02-26T12:00:00Z,2026-02-28T04:00:00Z,turbine-1,0.42179829649184597,Open-Meteo Single Runs API,ecmwf_ifs,2026-02-26T00:00:00Z,12,2026-02-26T12:00:00Z,2026-01-31T23:50:00Z,UTC,density_adjusted_power_curve_median_0.5ms,wind_speed_100m,7.19,-6.5,False
2026-02-26T12:00:00Z,2026-02-28T05:00:00Z,turbine-1,0.41267353578123184,Open-Meteo Single Runs API,ecmwf_ifs,2026-02-26T00:00:00Z,12,2026-02-26T12:00:00Z,2026-01-31T23:50:00Z,UTC,density_adjusted_power_curve_median_0.5ms,wind_speed_100m,7.14,-6.0,False
2026-02-26T12:00:00Z,2026-02-28T06:00:00Z,turbine-1,0.41237532042298664,Open-Meteo Single Runs API,ecmwf_ifs,2026-02-26T00:00:00Z,12,2026-02-26T12:00:00Z,2026-01-31T23:50:00Z,UTC,density_adjusted_power_curve_median_0.5ms,wind_speed_100m,7.14,-5.8,False
2026-02-26T12:00:00Z,2026-02-28T07:00:00Z,turbine-1,0.43444252511016185,Open-Meteo Single Runs API,ecmwf_ifs,2026-02-26T00:00:00Z,12,2026-02-26T12:00:00Z,2026-01-31T23:50:00Z,UTC,density_adjusted_power_curve_median_0.5ms,wind_speed_100m,7.27,-6.0,False
2026-02-26T12:00:00Z,2026-02-28T08:00:00Z,turbine-1,0.42789547479412726,Open-Meteo Single Runs API,ecmwf_ifs,2026-02-26T00:00:00Z,12,2026-02-26T12:00:00Z,2026-01-31T23:50:00Z,UTC,density_adjusted_power_curve_median_0.5ms,wind_speed_100m,7.23,-6.1,False
2026-02-26T12:00:00Z,2026-02-28T09:00:00Z,turbine-1,0.4280466505013557,Open-Meteo Single Runs API,ecmwf_ifs,2026-02-26T00:00:00Z,12,2026-02-26T12:00:00Z,2026-01-31T23:50:00Z,UTC,density_adjusted_power_curve_median_0.5ms,wind_speed_100m,7.23,-6.2,False
2026-02-26T12:00:00Z,2026-02-28T10:00:00Z,turbine-1,0.3836444311236022,Open-Meteo Single Runs API,ecmwf_ifs,2026-02-26T00:00:00Z,12,2026-02-26T12:00:00Z,2026-01-31T23:50:00Z,UTC,density_adjusted_power_curve_median_0.5ms,wind_speed_100m,6.96,-6.5,False
2026-02-26T12:00:00Z,2026-02-28T11:00:00Z,turbine-1,0.3776631005526937,Open-Meteo Single Runs API,ecmwf_ifs,2026-02-26T00:00:00Z,12,2026-02-26T12:00:00Z,2026-01-31T23:50:00Z,UTC,density_adjusted_power_curve_median_0.5ms,wind_speed_100m,6.92,-6.9,False
2026-02-26T12:00:00Z,2026-02-28T12:00:00Z,turbine-1,0.3727493671455354,Open-Meteo Single Runs API,ecmwf_ifs,2026-02-26T00:00:00Z,12,2026-02-26T12:00:00Z,2026-01-31T23:50:00Z,UTC,density_adjusted_power_curve_median_0.5ms,wind_speed_100m,6.89,-6.9,False
2026-02-26T12:00:00Z,2026-02-26T13:00:00Z,turbine-2,0.5611455286885411,Open-Meteo Single Runs API,ecmwf_ifs,2026-02-26T00:00:00Z,12,2026-02-26T12:00:00Z,2026-01-31T23:50:00Z,UTC,density_adjusted_power_curve_median_0.5ms,wind_speed_100m,8.17,0.0,False
2026-02-26T12:00:00Z,2026-02-26T14:00:00Z,turbine-2,0.5201831690945896,Open-Meteo Single Runs API,ecmwf_ifs,2026-02-26T00:00:00Z,12,2026-02-26T12:00:00Z,2026-01-31T23:50:00Z,UTC,density_adjusted_power_curve_median_0.5ms,wind_speed_100m,7.91,0.2,False
2026-02-26T12:00:00Z,2026-02-26T15:00:00Z,turbine-2,0.5184003996214459,Open-Meteo Single Runs API,ecmwf_ifs,2026-02-26T00:00:00Z,12,2026-02-26T12:00:00Z,2026-01-31T23:50:00Z,UTC,density_adjusted_power_curve_median_0.5ms,wind_speed_100m,7.9,0.3,False
2026-02-26T12:00:00Z,2026-02-26T16:00:00Z,turbine-2,0.4160182773711532,Open-Meteo Single Runs API,ecmwf_ifs,2026-02-26T00:00:00Z,12,2026-02-26T12:00:00Z,2026-01-31T23:50:00Z,UTC,density_adjusted_power_curve_median_0.5ms,wind_speed_100m,7.28,0.9,False
2026-02-26T12:00:00Z,2026-02-26T17:00:00Z,turbine-2,0.5665325370486851,Open-Meteo Single Runs API,ecmwf_ifs,2026-02-26T00:00:00Z,12,2026-02-26T12:00:00Z,2026-01-31T23:50:00Z,UTC,density_adjusted_power_curve_median_0.5ms,wind_speed_100m,8.22,1.2,False
2026-02-26T12:00:00Z,2026-02-26T18:00:00Z,turbine-2,0.5327174050475059,Open-Meteo Single Runs API,ecmwf_ifs,2026-02-26T00:00:00Z,12,2026-02-26T12:00:00Z,2026-01-31T23:50:00Z,UTC,density_adjusted_power_curve_median_0.5ms,wind_speed_100m,7.99,0.5,False
2026-02-26T12:00:00Z,2026-02-26T19:00:00Z,turbine-2,0.24778860656793003,Open-Meteo Single Runs API,ecmwf_ifs,2026-02-26T00:00:00Z,12,2026-02-26T12:00:00Z,2026-01-31T23:50:00Z,UTC,density_adjusted_power_curve_median_0.5ms,wind_speed_100m,6.19,-0.4,False
2026-02-26T12:00:00Z,2026-02-26T20:00:00Z,turbine-2,0.1889710409986589,Open-Meteo Single Runs API,ecmwf_ifs,2026-02-26T00:00:00Z,12,2026-02-26T12:00:00Z,2026-01-31T23:50:00Z,UTC,density_adjusted_power_curve_median_0.5ms,wind_speed_100m,5.64,-0.6,False
2026-02-26T12:00:00Z,2026-02-26T21:00:00Z,turbine-2,0.23106655337943724,Open-Meteo Single Runs API,ecmwf_ifs,2026-02-26T00:00:00Z,12,2026-02-26T12:00:00Z,2026-01-31T23:50:00Z,UTC,density_adjusted_power_curve_median_0.5ms,wind_speed_100m,6.05,-0.3,False
2026-02-26T12:00:00Z,2026-02-26T22:00:00Z,turbine-2,0.29231163215376144,Open-Meteo Single Runs API,ecmwf_ifs,2026-02-26T00:00:00Z,12,2026-02-26T12:00:00Z,2026-01-31T23:50:00Z,UTC,density_adjusted_power_curve_median_0.5ms,wind_speed_100m,6.5,-0.4,False
2026-02-26T12:00:00Z,2026-02-26T23:00:00Z,turbine-2,0.24071527160716585,Open-Meteo Single Runs API,ecmwf_ifs,2026-02-26T00:00:00Z,12,2026-02-26T12:00:00Z,2026-01-31T23:50:00Z,UTC,density_adjusted_power_curve_median_0.5ms,wind_speed_100m,6.14,-0.5,False
2026-02-26T12:00:00Z,2026-02-27T00:00:00Z,turbine-2,0.17672891154944673,Open-Meteo Single Runs API,ecmwf_ifs,2026-02-26T00:00:00Z,12,2026-02-26T12:00:00Z,2026-01-31T23:50:00Z,UTC,density_adjusted_power_curve_median_0.5ms,wind_speed_100m,5.52,-0.4,False
2026-02-26T12:00:00Z,2026-02-27T01:00:00Z,turbine-2,0.17061011597645964,Open-Meteo Single Runs API,ecmwf_ifs,2026-02-26T00:00:00Z,12,2026-02-26T12:00:00Z,2026-01-31T23:50:00Z,UTC,density_adjusted_power_curve_median_0.5ms,wind_speed_100m,5.46,-0.3,False
2026-02-26T12:00:00Z,2026-02-27T02:00:00Z,turbine-2,0.17161857797404284,Open-Meteo Single Runs API,ecmwf_ifs,2026-02-26T00:00:00Z,12,2026-02-26T12:00:00Z,2026-01-31T23:50:00Z,UTC,density_adjusted_power_curve_median_0.5ms,wind_speed_100m,5.47,-0.3,False
2026-02-26T12:00:00Z,2026-02-27T03:00:00Z,turbine-2,0.14394241778336136,Open-Meteo Single Runs API,ecmwf_ifs,2026-02-26T00:00:00Z,12,2026-02-26T12:00:00Z,2026-01-31T23:50:00Z,UTC,density_adjusted_power_curve_median_0.5ms,wind_speed_100m,5.2,0.4,False
2026-02-26T12:00:00Z,2026-02-27T04:00:00Z,turbine-2,0.10274732270653478,Open-Meteo Single Runs API,ecmwf_ifs,2026-02-26T00:00:00Z,12,2026-02-26T12:00:00Z,2026-01-31T23:50:00Z,UTC,density_adjusted_power_curve_median_0.5ms,wind_speed_100m,4.56,1.3,False
2026-02-26T12:00:00Z,2026-02-27T05:00:00Z,turbine-2,0.10572742357066967,Open-Meteo Single Runs API,ecmwf_ifs,2026-02-26T00:00:00Z,12,2026-02-26T12:00:00Z,2026-01-31T23:50:00Z,UTC,density_adjusted_power_curve_median_0.5ms,wind_speed_100m,4.61,1.5,False
2026-02-26T12:00:00Z,2026-02-27T06:00:00Z,turbine-2,0.0835336808586531,Open-Meteo Single Runs API,ecmwf_ifs,2026-02-26T00:00:00Z,12,2026-02-26T12:00:00Z,2026-01-31T23:50:00Z,UTC,density_adjusted_power_curve_median_0.5ms,wind_speed_100m,4.25,2.3,False
2026-02-26T12:00:00Z,2026-02-27T07:00:00Z,turbine-2,0.13556431881220307,Open-Meteo Single Runs API,ecmwf_ifs,2026-02-26T00:00:00Z,12,2026-02-26T12:00:00Z,2026-01-31T23:50:00Z,UTC,density_adjusted_power_curve_median_0.5ms,wind_speed_100m,5.1,2.2,False
2026-02-26T12:00:00Z,2026-02-27T08:00:00Z,turbine-2,0.1563232912574255,Open-Meteo Single Runs API,ecmwf_ifs,2026-02-26T00:00:00Z,12,2026-02-26T12:00:00Z,2026-01-31T23:50:00Z,UTC,density_adjusted_power_curve_median_0.5ms,wind_speed_100m,5.33,1.5,False
2026-02-26T12:00:00Z,2026-02-27T09:00:00Z,turbine-2,0.1893914968482778,Open-Meteo Single Runs API,ecmwf_ifs,2026-02-26T00:00:00Z,12,2026-02-26T12:00:00Z,2026-01-31T23:50:00Z,UTC,density_adjusted_power_curve_median_0.5ms,wind_speed_100m,5.66,1.7,False
2026-02-26T12:00:00Z,2026-02-27T10:00:00Z,turbine-2,0.23618638752437693,Open-Meteo Single Runs API,ecmwf_ifs,2026-02-26T00:00:00Z,12,2026-02-26T12:00:00Z,2026-01-31T23:50:00Z,UTC,density_adjusted_power_curve_median_0.5ms,wind_speed_100m,6.11,1.1,False
2026-02-26T12:00:00Z,2026-02-27T11:00:00Z,turbine-2,0.41044938692376887,Open-Meteo Single Runs API,ecmwf_ifs,2026-02-26T00:00:00Z,12,2026-02-26T12:00:00Z,2026-01-31T23:50:00Z,UTC,density_adjusted_power_curve_median_0.5ms,wind_speed_100m,7.24,0.2,False
2026-02-26T12:00:00Z,2026-02-27T12:00:00Z,turbine-2,0.4653123332442197,Open-Meteo Single Runs API,ecmwf_ifs,2026-02-26T00:00:00Z,12,2026-02-26T12:00:00Z,2026-01-31T23:50:00Z,UTC,density_adjusted_power_curve_median_0.5ms,wind_speed_100m,7.56,-1.2,False
2026-02-26T12:00:00Z,2026-02-27T13:00:00Z,turbine-2,0.48039473838972896,Open-Meteo Single Runs API,ecmwf_ifs,2026-02-26T00:00:00Z,12,2026-02-26T12:00:00Z,2026-01-31T23:50:00Z,UTC,density_adjusted_power_curve_median_0.5ms,wind_speed_100m,7.64,-2.5,False
2026-02-26T12:00:00Z,2026-02-27T14:00:00Z,turbine-2,0.37844075930303517,Open-Meteo Single Runs API,ecmwf_ifs,2026-02-26T00:00:00Z,12,2026-02-26T12:00:00Z,2026-01-31T23:50:00Z,UTC,density_adjusted_power_curve_median_0.5ms,wind_speed_100m,7.01,-3.9,False
2026-02-26T12:00:00Z,2026-02-27T15:00:00Z,turbine-2,0.3974782934537577,Open-Meteo Single Runs API,ecmwf_ifs,2026-02-26T00:00:00Z,12,2026-02-26T12:00:00Z,2026-01-31T23:50:00Z,UTC,density_adjusted_power_curve_median_0.5ms,wind_speed_100m,7.12,-4.5,False
2026-02-26T12:00:00Z,2026-02-27T16:00:00Z,turbine-2,0.33284627273729883,Open-Meteo Single Runs API,ecmwf_ifs,2026-02-26T00:00:00Z,12,2026-02-26T12:00:00Z,2026-01-31T23:50:00Z,UTC,density_adjusted_power_curve_median_0.5ms,wind_speed_100m,6.73,-4.3,False
2026-02-26T12:00:00Z,2026-02-27T17:00:00Z,turbine-2,0.2596176746244338,Open-Meteo Single Runs API,ecmwf_ifs,2026-02-26T00:00:00Z,12,2026-02-26T12:00:00Z,2026-01-31T23:50:00Z,UTC,density_adjusted_power_curve_median_0.5ms,wind_speed_100m,6.24,-4.6,False
2026-02-26T12:00:00Z,2026-02-27T18:00:00Z,turbine-2,0.4506659893000261,Open-Meteo Single Runs API,ecmwf_ifs,2026-02-26T00:00:00Z,12,2026-02-26T12:00:00Z,2026-01-31T23:50:00Z,UTC,density_adjusted_power_curve_median_0.5ms,wind_speed_100m,7.44,-4.6,False
2026-02-26T12:00:00Z,2026-02-27T19:00:00Z,turbine-2,0.2963393129503628,Open-Meteo Single Runs API,ecmwf_ifs,2026-02-26T00:00:00Z,12,2026-02-26T12:00:00Z,2026-01-31T23:50:00Z,UTC,density_adjusted_power_curve_median_0.5ms,wind_speed_100m,6.5,-3.9,False
2026-02-26T12:00:00Z,2026-02-27T20:00:00Z,turbine-2,0.2238496758721092,Open-Meteo Single Runs API,ecmwf_ifs,2026-02-26T00:00:00Z,12,2026-02-26T12:00:00Z,2026-01-31T23:50:00Z,UTC,density_adjusted_power_curve_median_0.5ms,wind_speed_100m,5.95,-4.4,False
2026-02-26T12:00:00Z,2026-02-27T21:00:00Z,turbine-2,0.3424798838591814,Open-Meteo Single Runs API,ecmwf_ifs,2026-02-26T00:00:00Z,12,2026-02-26T12:00:00Z,2026-01-31T23:50:00Z,UTC,density_adjusted_power_curve_median_0.5ms,wind_speed_100m,6.78,-5.3,False
2026-02-26T12:00:00Z,2026-02-27T22:00:00Z,turbine-2,0.325006272659833,Open-Meteo Single Runs API,ecmwf_ifs,2026-02-26T00:00:00Z,12,2026-02-26T12:00:00Z,2026-01-31T23:50:00Z,UTC,density_adjusted_power_curve_median_0.5ms,wind_speed_100m,6.67,-5.8,False
2026-02-26T12:00:00Z,2026-02-27T23:00:00Z,turbine-2,0.4097940767375017,Open-Meteo Single Runs API,ecmwf_ifs,2026-02-26T00:00:00Z,12,2026-02-26T12:00:00Z,2026-01-31T23:50:00Z,UTC,density_adjusted_power_curve_median_0.5ms,wind_speed_100m,7.18,-6.1,False
2026-02-26T12:00:00Z,2026-02-28T00:00:00Z,turbine-2,0.4188475192206803,Open-Meteo Single Runs API,ecmwf_ifs,2026-02-26T00:00:00Z,12,2026-02-26T12:00:00Z,2026-01-31T23:50:00Z,UTC,density_adjusted_power_curve_median_0.5ms,wind_speed_100m,7.23,-6.6,False
2026-02-26T12:00:00Z,2026-02-28T01:00:00Z,turbine-2,0.40223077655574513,Open-Meteo Single Runs API,ecmwf_ifs,2026-02-26T00:00:00Z,12,2026-02-26T12:00:00Z,2026-01-31T23:50:00Z,UTC,density_adjusted_power_curve_median_0.5ms,wind_speed_100m,7.13,-6.6,False
2026-02-26T12:00:00Z,2026-02-28T02:00:00Z,turbine-2,0.4477116864078561,Open-Meteo Single Runs API,ecmwf_ifs,2026-02-26T00:00:00Z,12,2026-02-26T12:00:00Z,2026-01-31T23:50:00Z,UTC,density_adjusted_power_curve_median_0.5ms,wind_speed_100m,7.4,-7.0,False
2026-02-26T12:00:00Z,2026-02-28T03:00:00Z,turbine-2,0.4112860848662348,Open-Meteo Single Runs API,ecmwf_ifs,2026-02-26T00:00:00Z,12,2026-02-26T12:00:00Z,2026-01-31T23:50:00Z,UTC,density_adjusted_power_curve_median_0.5ms,wind_speed_100m,7.18,-7.1,False
2026-02-26T12:00:00Z,2026-02-28T04:00:00Z,turbine-2,0.4120514511713895,Open-Meteo Single Runs API,ecmwf_ifs,2026-02-26T00:00:00Z,12,2026-02-26T12:00:00Z,2026-01-31T23:50:00Z,UTC,density_adjusted_power_curve_median_0.5ms,wind_speed_100m,7.19,-6.5,False
2026-02-26T12:00:00Z,2026-02-28T05:00:00Z,turbine-2,0.4030035683570487,Open-Meteo Single Runs API,ecmwf_ifs,2026-02-26T00:00:00Z,12,2026-02-26T12:00:00Z,2026-01-31T23:50:00Z,UTC,density_adjusted_power_curve_median_0.5ms,wind_speed_100m,7.14,-6.0,False
2026-02-26T12:00:00Z,2026-02-28T06:00:00Z,turbine-2,0.4027078655216088,Open-Meteo Single Runs API,ecmwf_ifs,2026-02-26T00:00:00Z,12,2026-02-26T12:00:00Z,2026-01-31T23:50:00Z,UTC,density_adjusted_power_curve_median_0.5ms,wind_speed_100m,7.14,-5.8,False
2026-02-26T12:00:00Z,2026-02-28T07:00:00Z,turbine-2,0.42458914968694395,Open-Meteo Single Runs API,ecmwf_ifs,2026-02-26T00:00:00Z,12,2026-02-26T12:00:00Z,2026-01-31T23:50:00Z,UTC,density_adjusted_power_curve_median_0.5ms,wind_speed_100m,7.27,-6.0,False
2026-02-26T12:00:00Z,2026-02-28T08:00:00Z,turbine-2,0.4180972595522067,Open-Meteo Single Runs API,ecmwf_ifs,2026-02-26T00:00:00Z,12,2026-02-26T12:00:00Z,2026-01-31T23:50:00Z,UTC,density_adjusted_power_curve_median_0.5ms,wind_speed_100m,7.23,-6.1,False
2026-02-26T12:00:00Z,2026-02-28T09:00:00Z,turbine-2,0.4182471615744907,Open-Meteo Single Runs API,ecmwf_ifs,2026-02-26T00:00:00Z,12,2026-02-26T12:00:00Z,2026-01-31T23:50:00Z,UTC,density_adjusted_power_curve_median_0.5ms,wind_speed_100m,7.23,-6.2,False
2026-02-26T12:00:00Z,2026-02-28T10:00:00Z,turbine-2,0.3739166906859501,Open-Meteo Single Runs API,ecmwf_ifs,2026-02-26T00:00:00Z,12,2026-02-26T12:00:00Z,2026-01-31T23:50:00Z,UTC,density_adjusted_power_curve_median_0.5ms,wind_speed_100m,6.96,-6.5,False
2026-02-26T12:00:00Z,2026-02-28T11:00:00Z,turbine-2,0.3678759636850681,Open-Meteo Single Runs API,ecmwf_ifs,2026-02-26T00:00:00Z,12,2026-02-26T12:00:00Z,2026-01-31T23:50:00Z,UTC,density_adjusted_power_curve_median_0.5ms,wind_speed_100m,6.92,-6.9,False
2026-02-26T12:00:00Z,2026-02-28T12:00:00Z,turbine-2,0.3629134354121576,Open-Meteo Single Runs API,ecmwf_ifs,2026-02-26T00:00:00Z,12,2026-02-26T12:00:00Z,2026-01-31T23:50:00Z,UTC,density_adjusted_power_curve_median_0.5ms,wind_speed_100m,6.89,-6.9,False
2026-02-27T12:00:00Z,2026-02-27T13:00:00Z,turbine-1,0.42146544336773883,Open-Meteo Single Runs API,ecmwf_ifs,2026-02-27T00:00:00Z,12,2026-02-27T12:00:00Z,2026-01-31T23:50:00Z,UTC,density_adjusted_power_curve_median_0.5ms,wind_speed_100m,7.23,-1.8,False
2026-02-27T12:00:00Z,2026-02-27T14:00:00Z,turbine-1,0.3653858231315173,Open-Meteo Single Runs API,ecmwf_ifs,2026-02-27T00:00:00Z,12,2026-02-27T12:00:00Z,2026-01-31T23:50:00Z,UTC,density_adjusted_power_curve_median_0.5ms,wind_speed_100m,6.88,-2.8,False
2026-02-27T12:00:00Z,2026-02-27T15:00:00Z,turbine-1,0.45480494835258567,Open-Meteo Single Runs API,ecmwf_ifs,2026-02-27T00:00:00Z,12,2026-02-27T12:00:00Z,2026-01-31T23:50:00Z,UTC,density_adjusted_power_curve_median_0.5ms,wind_speed_100m,7.41,-4.0,False
2026-02-27T12:00:00Z,2026-02-27T16:00:00Z,turbine-1,0.49216995032928634,Open-Meteo Single Runs API,ecmwf_ifs,2026-02-27T00:00:00Z,12,2026-02-27T12:00:00Z,2026-01-31T23:50:00Z,UTC,density_adjusted_power_curve_median_0.5ms,wind_speed_100m,7.63,-4.6,False
2026-02-27T12:00:00Z,2026-02-27T17:00:00Z,turbine-1,0.5260257664967183,Open-Meteo Single Runs API,ecmwf_ifs,2026-02-27T00:00:00Z,12,2026-02-27T12:00:00Z,2026-01-31T23:50:00Z,UTC,density_adjusted_power_curve_median_0.5ms,wind_speed_100m,7.84,-4.4,False
2026-02-27T12:00:00Z,2026-02-27T18:00:00Z,turbine-1,0.4982145609323062,Open-Meteo Single Runs API,ecmwf_ifs,2026-02-27T00:00:00Z,12,2026-02-27T12:00:00Z,2026-01-31T23:50:00Z,UTC,density_adjusted_power_curve_median_0.5ms,wind_speed_100m,7.67,-4.3,False
2026-02-27T12:00:00Z,2026-02-27T19:00:00Z,turbine-1,0.3041610300516019,Open-Meteo Single Runs API,ecmwf_ifs,2026-02-27T00:00:00Z,12,2026-02-27T12:00:00Z,2026-01-31T23:50:00Z,UTC,density_adjusted_power_curve_median_0.5ms,wind_speed_100m,6.48,-4.2,False
2026-02-27T12:00:00Z,2026-02-27T20:00:00Z,turbine-1,0.3647578178033587,Open-Meteo Single Runs API,ecmwf_ifs,2026-02-27T00:00:00Z,12,2026-02-27T12:00:00Z,2026-01-31T23:50:00Z,UTC,density_adjusted_power_curve_median_0.5ms,wind_speed_100m,6.86,-4.7,False
2026-02-27T12:00:00Z,2026-02-27T21:00:00Z,turbine-1,0.5015496656570013,Open-Meteo Single Runs API,ecmwf_ifs,2026-02-27T00:00:00Z,12,2026-02-27T12:00:00Z,2026-01-31T23:50:00Z,UTC,density_adjusted_power_curve_median_0.5ms,wind_speed_100m,7.68,-5.4,False
2026-02-27T12:00:00Z,2026-02-27T22:00:00Z,turbine-1,0.4339871710879632,Open-Meteo Single Runs API,ecmwf_ifs,2026-02-27T00:00:00Z,12,2026-02-27T12:00:00Z,2026-01-31T23:50:00Z,UTC,density_adjusted_power_curve_median_0.5ms,wind_speed_100m,7.27,-5.7,False
2026-02-27T12:00:00Z,2026-02-27T23:00:00Z,turbine-1,0.43079064011628415,Open-Meteo Single Runs API,ecmwf_ifs,2026-02-27T00:00:00Z,12,2026-02-27T12:00:00Z,2026-01-31T23:50:00Z,UTC,density_adjusted_power_curve_median_0.5ms,wind_speed_100m,7.25,-5.8,False
2026-02-27T12:00:00Z,2026-02-28T00:00:00Z,turbine-1,0.46746539696849143,Open-Meteo Single Runs API,ecmwf_ifs,2026-02-27T00:00:00Z,12,2026-02-27T12:00:00Z,2026-01-31T23:50:00Z,UTC,density_adjusted_power_curve_median_0.5ms,wind_speed_100m,7.47,-5.7,False
2026-02-27T12:00:00Z,2026-02-28T01:00:00Z,turbine-1,0.4566757054748706,Open-Meteo Single Runs API,ecmwf_ifs,2026-02-27T00:00:00Z,12,2026-02-27T12:00:00Z,2026-01-31T23:50:00Z,UTC,density_adjusted_power_curve_median_0.5ms,wind_speed_100m,7.4,-6.3,False
2026-02-27T12:00:00Z,2026-02-28T02:00:00Z,turbine-1,0.43901256807676214,Open-Meteo Single Runs API,ecmwf_ifs,2026-02-27T00:00:00Z,12,2026-02-27T12:00:00Z,2026-01-31T23:50:00Z,UTC,density_adjusted_power_curve_median_0.5ms,wind_speed_100m,7.29,-6.8,False
2026-02-27T12:00:00Z,2026-02-28T03:00:00Z,turbine-1,0.4391655328286567,Open-Meteo Single Runs API,ecmwf_ifs,2026-02-27T00:00:00Z,12,2026-02-27T12:00:00Z,2026-01-31T23:50:00Z,UTC,density_adjusted_power_curve_median_0.5ms,wind_speed_100m,7.29,-6.9,False
2026-02-27T12:00:00Z,2026-02-28T04:00:00Z,turbine-1,0.5220049198531131,Open-Meteo Single Runs API,ecmwf_ifs,2026-02-27T00:00:00Z,12,2026-02-27T12:00:00Z,2026-01-31T23:50:00Z,UTC,density_adjusted_power_curve_median_0.5ms,wind_speed_100m,7.79,-7.0,False
2026-02-27T12:00:00Z,2026-02-28T05:00:00Z,turbine-1,0.497054777140069,Open-Meteo Single Runs API,ecmwf_ifs,2026-02-27T00:00:00Z,12,2026-02-27T12:00:00Z,2026-01-31T23:50:00Z,UTC,density_adjusted_power_curve_median_0.5ms,wind_speed_100m,7.64,-6.7,False
2026-02-27T12:00:00Z,2026-02-28T06:00:00Z,turbine-1,0.5365330716291824,Open-Meteo Single Runs API,ecmwf_ifs,2026-02-27T00:00:00Z,12,2026-02-27T12:00:00Z,2026-01-31T23:50:00Z,UTC,density_adjusted_power_curve_median_0.5ms,wind_speed_100m,7.88,-6.9,False
2026-02-27T12:00:00Z,2026-02-28T07:00:00Z,turbine-1,0.45090048908035113,Open-Meteo Single Runs API,ecmwf_ifs,2026-02-27T00:00:00Z,12,2026-02-27T12:00:00Z,2026-01-31T23:50:00Z,UTC,density_adjusted_power_curve_median_0.5ms,wind_speed_100m,7.36,-6.9,False
2026-02-27T12:00:00Z,2026-02-28T08:00:00Z,turbine-1,0.5215275663731725,Open-Meteo Single Runs API,ecmwf_ifs,2026-02-27T00:00:00Z,12,2026-02-27T12:00:00Z,2026-01-31T23:50:00Z,UTC,density_adjusted_power_curve_median_0.5ms,wind_speed_100m,7.79,-6.7,False
2026-02-27T12:00:00Z,2026-02-28T09:00:00Z,turbine-1,0.4772501106653253,Open-Meteo Single Runs API,ecmwf_ifs,2026-02-27T00:00:00Z,12,2026-02-27T12:00:00Z,2026-01-31T23:50:00Z,UTC,density_adjusted_power_curve_median_0.5ms,wind_speed_100m,7.52,-6.6,False
2026-02-27T12:00:00Z,2026-02-28T10:00:00Z,turbine-1,0.4353552818643094,Open-Meteo Single Runs API,ecmwf_ifs,2026-02-27T00:00:00Z,12,2026-02-27T12:00:00Z,2026-01-31T23:50:00Z,UTC,density_adjusted_power_curve_median_0.5ms,wind_speed_100m,7.27,-6.6,False
2026-02-27T12:00:00Z,2026-02-28T11:00:00Z,turbine-1,0.3708294356360605,Open-Meteo Single Runs API,ecmwf_ifs,2026-02-27T00:00:00Z,12,2026-02-27T12:00:00Z,2026-01-31T23:50:00Z,UTC,density_adjusted_power_curve_median_0.5ms,wind_speed_100m,6.88,-6.7,False
2026-02-27T12:00:00Z,2026-02-28T12:00:00Z,turbine-1,0.2795295998865276,Open-Meteo Single Runs API,ecmwf_ifs,2026-02-27T00:00:00Z,12,2026-02-27T12:00:00Z,2026-01-31T23:50:00Z,UTC,density_adjusted_power_curve_median_0.5ms,wind_speed_100m,6.29,-6.6,False
2026-02-27T12:00:00Z,2026-02-28T13:00:00Z,turbine-1,0.28564556256948437,Open-Meteo Single Runs API,ecmwf_ifs,2026-02-27T00:00:00Z,12,2026-02-27T12:00:00Z,2026-01-31T23:50:00Z,UTC,density_adjusted_power_curve_median_0.5ms,wind_speed_100m,6.33,-6.9,False
2026-02-27T12:00:00Z,2026-02-28T14:00:00Z,turbine-1,0.22875582632111646,Open-Meteo Single Runs API,ecmwf_ifs,2026-02-27T00:00:00Z,12,2026-02-27T12:00:00Z,2026-01-31T23:50:00Z,UTC,density_adjusted_power_curve_median_0.5ms,wind_speed_100m,5.88,-6.9,False
2026-02-27T12:00:00Z,2026-02-28T15:00:00Z,turbine-1,0.1420415990121674,Open-Meteo Single Runs API,ecmwf_ifs,2026-02-27T00:00:00Z,12,2026-02-27T12:00:00Z,2026-01-31T23:50:00Z,UTC,density_adjusted_power_curve_median_0.5ms,wind_speed_100m,5.02,-7.0,False
2026-02-27T12:00:00Z,2026-02-28T16:00:00Z,turbine-1,0.12310301526815672,Open-Meteo Single Runs API,ecmwf_ifs,2026-02-27T00:00:00Z,12,2026-02-27T12:00:00Z,2026-01-31T23:50:00Z,UTC,density_adjusted_power_curve_median_0.5ms,wind_speed_100m,4.79,-7.4,False
2026-02-27T12:00:00Z,2026-02-28T17:00:00Z,turbine-1,0.09097729410344374,Open-Meteo Single Runs API,ecmwf_ifs,2026-02-27T00:00:00Z,12,2026-02-27T12:00:00Z,2026-01-31T23:50:00Z,UTC,density_adjusted_power_curve_median_0.5ms,wind_speed_100m,4.32,-7.4,False
2026-02-27T12:00:00Z,2026-02-28T18:00:00Z,turbine-1,0.08136826161714537,Open-Meteo Single Runs API,ecmwf_ifs,2026-02-27T00:00:00Z,12,2026-02-27T12:00:00Z,2026-01-31T23:50:00Z,UTC,density_adjusted_power_curve_median_0.5ms,wind_speed_100m,4.16,-7.8,False
2026-02-27T12:00:00Z,2026-02-28T19:00:00Z,turbine-1,0.031063868588543545,Open-Meteo Single Runs API,ecmwf_ifs,2026-02-27T00:00:00Z,12,2026-02-27T12:00:00Z,2026-01-31T23:50:00Z,UTC,density_adjusted_power_curve_median_0.5ms,wind_speed_100m,3.18,-7.9,False
2026-02-27T12:00:00Z,2026-02-28T20:00:00Z,turbine-1,0.014572033459299246,Open-Meteo Single Runs API,ecmwf_ifs,2026-02-27T00:00:00Z,12,2026-02-27T12:00:00Z,2026-01-31T23:50:00Z,UTC,density_adjusted_power_curve_median_0.5ms,wind_speed_100m,2.78,-8.1,False
2026-02-27T12:00:00Z,2026-02-28T21:00:00Z,turbine-1,0.015841258947326322,Open-Meteo Single Runs API,ecmwf_ifs,2026-02-27T00:00:00Z,12,2026-02-27T12:00:00Z,2026-01-31T23:50:00Z,UTC,density_adjusted_power_curve_median_0.5ms,wind_speed_100m,2.81,-8.5,False
2026-02-27T12:00:00Z,2026-02-28T22:00:00Z,turbine-1,0.01,Open-Meteo Single Runs API,ecmwf_ifs,2026-02-27T00:00:00Z,12,2026-02-27T12:00:00Z,2026-01-31T23:50:00Z,UTC,density_adjusted_power_curve_median_0.5ms,wind_speed_100m,2.21,-8.5,False
2026-02-27T12:00:00Z,2026-02-28T23:00:00Z,turbine-1,0.01,Open-Meteo Single Runs API,ecmwf_ifs,2026-02-27T00:00:00Z,12,2026-02-27T12:00:00Z,2026-01-31T23:50:00Z,UTC,density_adjusted_power_curve_median_0.5ms,wind_speed_100m,2.16,-8.3,False
2026-02-27T12:00:00Z,2026-03-01T00:00:00Z,turbine-1,0.01,Open-Meteo Single Runs API,ecmwf_ifs,2026-02-27T00:00:00Z,12,2026-02-27T12:00:00Z,2026-01-31T23:50:00Z,UTC,density_adjusted_power_curve_median_0.5ms,wind_speed_100m,2.36,-8.0,False
2026-02-27T12:00:00Z,2026-03-01T01:00:00Z,turbine-1,0.01,Open-Meteo Single Runs API,ecmwf_ifs,2026-02-27T00:00:00Z,12,2026-02-27T12:00:00Z,2026-01-31T23:50:00Z,UTC,density_adjusted_power_curve_median_0.5ms,wind_speed_100m,2.54,-8.3,False
2026-02-27T12:00:00Z,2026-03-01T02:00:00Z,turbine-1,0.01,Open-Meteo Single Runs API,ecmwf_ifs,2026-02-27T00:00:00Z,12,2026-02-27T12:00:00Z,2026-01-31T23:50:00Z,UTC,density_adjusted_power_curve_median_0.5ms,wind_speed_100m,2.6,-8.4,False
2026-02-27T12:00:00Z,2026-03-01T03:00:00Z,turbine-1,0.01,Open-Meteo Single Runs API,ecmwf_ifs,2026-02-27T00:00:00Z,12,2026-02-27T12:00:00Z,2026-01-31T23:50:00Z,UTC,density_adjusted_power_curve_median_0.5ms,wind_speed_100m,2.41,-7.4,False
2026-02-27T12:00:00Z,2026-03-01T04:00:00Z,turbine-1,0.01,Open-Meteo Single Runs API,ecmwf_ifs,2026-02-27T00:00:00Z,12,2026-02-27T12:00:00Z,2026-01-31T23:50:00Z,UTC,density_adjusted_power_curve_median_0.5ms,wind_speed_100m,2.38,-6.4,False
2026-02-27T12:00:00Z,2026-03-01T05:00:00Z,turbine-1,0.01,Open-Meteo Single Runs API,ecmwf_ifs,2026-02-27T00:00:00Z,12,2026-02-27T12:00:00Z,2026-01-31T23:50:00Z,UTC,density_adjusted_power_curve_median_0.5ms,wind_speed_100m,2.67,-5.4,False
2026-02-27T12:00:00Z,2026-03-01T06:00:00Z,turbine-1,0.01850677381214074,Open-Meteo Single Runs API,ecmwf_ifs,2026-02-27T00:00:00Z,12,2026-02-27T12:00:00Z,2026-01-31T23:50:00Z,UTC,density_adjusted_power_curve_median_0.5ms,wind_speed_100m,2.89,-4.6,False
2026-02-27T12:00:00Z,2026-03-01T07:00:00Z,turbine-1,0.01,Open-Meteo Single Runs API,ecmwf_ifs,2026-02-27T00:00:00Z,12,2026-02-27T12:00:00Z,2026-01-31T23:50:00Z,UTC,density_adjusted_power_curve_median_0.5ms,wind_speed_100m,2.68,-3.7,False
2026-02-27T12:00:00Z,2026-03-01T08:00:00Z,turbine-1,0.01,Open-Meteo Single Runs API,ecmwf_ifs,2026-02-27T00:00:00Z,12,2026-02-27T12:00:00Z,2026-01-31T23:50:00Z,UTC,density_adjusted_power_curve_median_0.5ms,wind_speed_100m,2.52,-2.9,False
2026-02-27T12:00:00Z,2026-03-01T09:00:00Z,turbine-1,0.01,Open-Meteo Single Runs API,ecmwf_ifs,2026-02-27T00:00:00Z,12,2026-02-27T12:00:00Z,2026-01-31T23:50:00Z,UTC,density_adjusted_power_curve_median_0.5ms,wind_speed_100m,2.45,-2.6,False
2026-02-27T12:00:00Z,2026-03-01T10:00:00Z,turbine-1,0.01,Open-Meteo Single Runs API,ecmwf_ifs,2026-02-27T00:00:00Z,12,2026-02-27T12:00:00Z,2026-01-31T23:50:00Z,UTC,density_adjusted_power_curve_median_0.5ms,wind_speed_100m,2.48,-2.8,False
2026-02-27T12:00:00Z,2026-03-01T11:00:00Z,turbine-1,0.01883672207568477,Open-Meteo Single Runs API,ecmwf_ifs,2026-02-27T00:00:00Z,12,2026-02-27T12:00:00Z,2026-01-31T23:50:00Z,UTC,density_adjusted_power_curve_median_0.5ms,wind_speed_100m,2.9,-4.1,False
2026-02-27T12:00:00Z,2026-03-01T12:00:00Z,turbine-1,0.01,Open-Meteo Single Runs API,ecmwf_ifs,2026-02-27T00:00:00Z,12,2026-02-27T12:00:00Z,2026-01-31T23:50:00Z,UTC,density_adjusted_power_curve_median_0.5ms,wind_speed_100m,2.23,-6.0,False
2026-02-27T12:00:00Z,2026-02-27T13:00:00Z,turbine-2,0.4117214024000496,Open-Meteo Single Runs API,ecmwf_ifs,2026-02-27T00:00:00Z,12,2026-02-27T12:00:00Z,2026-01-31T23:50:00Z,UTC,density_adjusted_power_curve_median_0.5ms,wind_speed_100m,7.23,-1.8,False
2026-02-27T12:00:00Z,2026-02-27T14:00:00Z,turbine-2,0.35547676916869553,Open-Meteo Single Runs API,ecmwf_ifs,2026-02-27T00:00:00Z,12,2026-02-27T12:00:00Z,2026-01-31T23:50:00Z,UTC,density_adjusted_power_curve_median_0.5ms,wind_speed_100m,6.88,-2.8,False
2026-02-27T12:00:00Z,2026-02-27T15:00:00Z,turbine-2,0.444780015525119,Open-Meteo Single Runs API,ecmwf_ifs,2026-02-27T00:00:00Z,12,2026-02-27T12:00:00Z,2026-01-31T23:50:00Z,UTC,density_adjusted_power_curve_median_0.5ms,wind_speed_100m,7.41,-4.0,False
2026-02-27T12:00:00Z,2026-02-27T16:00:00Z,turbine-2,0.48199963183502037,Open-Meteo Single Runs API,ecmwf_ifs,2026-02-27T00:00:00Z,12,2026-02-27T12:00:00Z,2026-01-31T23:50:00Z,UTC,density_adjusted_power_curve_median_0.5ms,wind_speed_100m,7.63,-4.6,False
2026-02-27T12:00:00Z,2026-02-27T17:00:00Z,turbine-2,0.5160328624021968,Open-Meteo Single Runs API,ecmwf_ifs,2026-02-27T00:00:00Z,12,2026-02-27T12:00:00Z,2026-01-31T23:50:00Z,UTC,density_adjusted_power_curve_median_0.5ms,wind_speed_100m,7.84,-4.4,False
2026-02-27T12:00:00Z,2026-02-27T18:00:00Z,turbine-2,0.48807591796925537,Open-Meteo Single Runs API,ecmwf_ifs,2026-02-27T00:00:00Z,12,2026-02-27T12:00:00Z,2026-01-31T23:50:00Z,UTC,density_adjusted_power_curve_median_0.5ms,wind_speed_100m,7.67,-4.3,False
2026-02-27T12:00:00Z,2026-02-27T19:00:00Z,turbine-2,0.29380187073706443,Open-Meteo Single Runs API,ecmwf_ifs,2026-02-27T00:00:00Z,12,2026-02-27T12:00:00Z,2026-01-31T23:50:00Z,UTC,density_adjusted_power_curve_median_0.5ms,wind_speed_100m,6.48,-4.2,False
2026-02-27T12:00:00Z,2026-02-27T20:00:00Z,turbine-2,0.3548425275568113,Open-Meteo Single Runs API,ecmwf_ifs,2026-02-27T00:00:00Z,12,2026-02-27T12:00:00Z,2026-01-31T23:50:00Z,UTC,density_adjusted_power_curve_median_0.5ms,wind_speed_100m,6.86,-4.7,False
2026-02-27T12:00:00Z,2026-02-27T21:00:00Z,turbine-2,0.491428499620216,Open-Meteo Single Runs API,ecmwf_ifs,2026-02-27T00:00:00Z,12,2026-02-27T12:00:00Z,2026-01-31T23:50:00Z,UTC,density_adjusted_power_curve_median_0.5ms,wind_speed_100m,7.68,-5.4,False
2026-02-27T12:00:00Z,2026-02-27T22:00:00Z,turbine-2,0.4241376321115735,Open-Meteo Single Runs API,ecmwf_ifs,2026-02-27T00:00:00Z,12,2026-02-27T12:00:00Z,2026-01-31T23:50:00Z,UTC,density_adjusted_power_curve_median_0.5ms,wind_speed_100m,7.27,-5.7,False
2026-02-27T12:00:00Z,2026-02-27T23:00:00Z,turbine-2,0.4209680325394422,Open-Meteo Single Runs API,ecmwf_ifs,2026-02-27T00:00:00Z,12,2026-02-27T12:00:00Z,2026-01-31T23:50:00Z,UTC,density_adjusted_power_curve_median_0.5ms,wind_speed_100m,7.25,-5.8,False
2026-02-27T12:00:00Z,2026-02-28T00:00:00Z,turbine-2,0.45733379738160657,Open-Meteo Single Runs API,ecmwf_ifs,2026-02-27T00:00:00Z,12,2026-02-27T12:00:00Z,2026-01-31T23:50:00Z,UTC,density_adjusted_power_curve_median_0.5ms,wind_speed_100m,7.47,-5.7,False
2026-02-27T12:00:00Z,2026-02-28T01:00:00Z,turbine-2,0.44663501115221943,Open-Meteo Single Runs API,ecmwf_ifs,2026-02-27T00:00:00Z,12,2026-02-27T12:00:00Z,2026-01-31T23:50:00Z,UTC,density_adjusted_power_curve_median_0.5ms,wind_speed_100m,7.4,-6.3,False
2026-02-27T12:00:00Z,2026-02-28T02:00:00Z,turbine-2,0.42912068914640655,Open-Meteo Single Runs API,ecmwf_ifs,2026-02-27T00:00:00Z,12,2026-02-27T12:00:00Z,2026-01-31T23:50:00Z,UTC,density_adjusted_power_curve_median_0.5ms,wind_speed_100m,7.29,-6.8,False
2026-02-27T12:00:00Z,2026-02-28T03:00:00Z,turbine-2,0.42927236514030487,Open-Meteo Single Runs API,ecmwf_ifs,2026-02-27T00:00:00Z,12,2026-02-27T12:00:00Z,2026-01-31T23:50:00Z,UTC,density_adjusted_power_curve_median_0.5ms,wind_speed_100m,7.29,-6.9,False
2026-02-27T12:00:00Z,2026-02-28T04:00:00Z,turbine-2,0.5119909453436824,Open-Meteo Single Runs API,ecmwf_ifs,2026-02-27T00:00:00Z,12,2026-02-27T12:00:00Z,2026-01-31T23:50:00Z,UTC,density_adjusted_power_curve_median_0.5ms,wind_speed_100m,7.79,-7.0,False
2026-02-27T12:00:00Z,2026-02-28T05:00:00Z,turbine-2,0.48691005657001807,Open-Meteo Single Runs API,ecmwf_ifs,2026-02-27T00:00:00Z,12,2026-02-27T12:00:00Z,2026-01-31T23:50:00Z,UTC,density_adjusted_power_curve_median_0.5ms,wind_speed_100m,7.64,-6.7,False
2026-02-27T12:00:00Z,2026-02-28T06:00:00Z,turbine-2,0.5265952288932112,Open-Meteo Single Runs API,ecmwf_ifs,2026-02-27T00:00:00Z,12,2026-02-27T12:00:00Z,2026-01-31T23:50:00Z,UTC,density_adjusted_power_curve_median_0.5ms,wind_speed_100m,7.88,-6.9,False
2026-02-27T12:00:00Z,2026-02-28T07:00:00Z,turbine-2,0.4409084520870278,Open-Meteo Single Runs API,ecmwf_ifs,2026-02-27T00:00:00Z,12,2026-02-27T12:00:00Z,2026-01-31T23:50:00Z,UTC,density_adjusted_power_curve_median_0.5ms,wind_speed_100m,7.36,-6.9,False
2026-02-27T12:00:00Z,2026-02-28T08:00:00Z,turbine-2,0.5115110903915963,Open-Meteo Single Runs API,ecmwf_ifs,2026-02-27T00:00:00Z,12,2026-02-27T12:00:00Z,2026-01-31T23:50:00Z,UTC,density_adjusted_power_curve_median_0.5ms,wind_speed_100m,7.79,-6.7,False
2026-02-27T12:00:00Z,2026-02-28T09:00:00Z,turbine-2,0.4670360729489918,Open-Meteo Single Runs API,ecmwf_ifs,2026-02-27T00:00:00Z,12,2026-02-27T12:00:00Z,2026-01-31T23:50:00Z,UTC,density_adjusted_power_curve_median_0.5ms,wind_speed_100m,7.52,-6.6,False
2026-02-27T12:00:00Z,2026-02-28T10:00:00Z,turbine-2,0.4254942162866542,Open-Meteo Single Runs API,ecmwf_ifs,2026-02-27T00:00:00Z,12,2026-02-27T12:00:00Z,2026-01-31T23:50:00Z,UTC,density_adjusted_power_curve_median_0.5ms,wind_speed_100m,7.27,-6.6,False
2026-02-27T12:00:00Z,2026-02-28T11:00:00Z,turbine-2,0.3609744383994297,Open-Meteo Single Runs API,ecmwf_ifs,2026-02-27T00:00:00Z,12,2026-02-27T12:00:00Z,2026-01-31T23:50:00Z,UTC,density_adjusted_power_curve_median_0.5ms,wind_speed_100m,6.88,-6.7,False
2026-02-27T12:00:00Z,2026-02-28T12:00:00Z,turbine-2,0.2691015669565013,Open-Meteo Single Runs API,ecmwf_ifs,2026-02-27T00:00:00Z,12,2026-02-27T12:00:00Z,2026-01-31T23:50:00Z,UTC,density_adjusted_power_curve_median_0.5ms,wind_speed_100m,6.29,-6.6,False
2026-02-27T12:00:00Z,2026-02-28T13:00:00Z,turbine-2,0.2752346308982704,Open-Meteo Single Runs API,ecmwf_ifs,2026-02-27T00:00:00Z,12,2026-02-27T12:00:00Z,2026-01-31T23:50:00Z,UTC,density_adjusted_power_curve_median_0.5ms,wind_speed_100m,6.33,-6.9,False
2026-02-27T12:00:00Z,2026-02-28T14:00:00Z,turbine-2,0.21848931670632082,Open-Meteo Single Runs API,ecmwf_ifs,2026-02-27T00:00:00Z,12,2026-02-27T12:00:00Z,2026-01-31T23:50:00Z,UTC,density_adjusted_power_curve_median_0.5ms,wind_speed_100m,5.88,-6.9,False
2026-02-27T12:00:00Z,2026-02-28T15:00:00Z,turbine-2,0.1341622302781318,Open-Meteo Single Runs API,ecmwf_ifs,2026-02-27T00:00:00Z,12,2026-02-27T12:00:00Z,2026-01-31T23:50:00Z,UTC,density_adjusted_power_curve_median_0.5ms,wind_speed_100m,5.02,-7.0,False
2026-02-27T12:00:00Z,2026-02-28T16:00:00Z,turbine-2,0.12001400561906458,Open-Meteo Single Runs API,ecmwf_ifs,2026-02-27T00:00:00Z,12,2026-02-27T12:00:00Z,2026-01-31T23:50:00Z,UTC,density_adjusted_power_curve_median_0.5ms,wind_speed_100m,4.79,-7.4,False
2026-02-27T12:00:00Z,2026-02-28T17:00:00Z,turbine-2,0.09095858817209243,Open-Meteo Single Runs API,ecmwf_ifs,2026-02-27T00:00:00Z,12,2026-02-27T12:00:00Z,2026-01-31T23:50:00Z,UTC,density_adjusted_power_curve_median_0.5ms,wind_speed_100m,4.32,-7.4,False
2026-02-27T12:00:00Z,2026-02-28T18:00:00Z,turbine-2,0.08122734662174474,Open-Meteo Single Runs API,ecmwf_ifs,2026-02-27T00:00:00Z,12,2026-02-27T12:00:00Z,2026-01-31T23:50:00Z,UTC,density_adjusted_power_curve_median_0.5ms,wind_speed_100m,4.16,-7.8,False
2026-02-27T12:00:00Z,2026-02-28T19:00:00Z,turbine-2,0.03080032775869463,Open-Meteo Single Runs API,ecmwf_ifs,2026-02-27T00:00:00Z,12,2026-02-27T12:00:00Z,2026-01-31T23:50:00Z,UTC,density_adjusted_power_curve_median_0.5ms,wind_speed_100m,3.18,-7.9,False
2026-02-27T12:00:00Z,2026-02-28T20:00:00Z,turbine-2,0.014467557257567949,Open-Meteo Single Runs API,ecmwf_ifs,2026-02-27T00:00:00Z,12,2026-02-27T12:00:00Z,2026-01-31T23:50:00Z,UTC,density_adjusted_power_curve_median_0.5ms,wind_speed_100m,2.78,-8.1,False
2026-02-27T12:00:00Z,2026-02-28T21:00:00Z,turbine-2,0.015752008445513443,Open-Meteo Single Runs API,ecmwf_ifs,2026-02-27T00:00:00Z,12,2026-02-27T12:00:00Z,2026-01-31T23:50:00Z,UTC,density_adjusted_power_curve_median_0.5ms,wind_speed_100m,2.81,-8.5,False
2026-02-27T12:00:00Z,2026-02-28T22:00:00Z,turbine-2,0.01,Open-Meteo Single Runs API,ecmwf_ifs,2026-02-27T00:00:00Z,12,2026-02-27T12:00:00Z,2026-01-31T23:50:00Z,UTC,density_adjusted_power_curve_median_0.5ms,wind_speed_100m,2.21,-8.5,False
2026-02-27T12:00:00Z,2026-02-28T23:00:00Z,turbine-2,0.01,Open-Meteo Single Runs API,ecmwf_ifs,2026-02-27T00:00:00Z,12,2026-02-27T12:00:00Z,2026-01-31T23:50:00Z,UTC,density_adjusted_power_curve_median_0.5ms,wind_speed_100m,2.16,-8.3,False
2026-02-27T12:00:00Z,2026-03-01T00:00:00Z,turbine-2,0.01,Open-Meteo Single Runs API,ecmwf_ifs,2026-02-27T00:00:00Z,12,2026-02-27T12:00:00Z,2026-01-31T23:50:00Z,UTC,density_adjusted_power_curve_median_0.5ms,wind_speed_100m,2.36,-8.0,False
2026-02-27T12:00:00Z,2026-03-01T01:00:00Z,turbine-2,0.01,Open-Meteo Single Runs API,ecmwf_ifs,2026-02-27T00:00:00Z,12,2026-02-27T12:00:00Z,2026-01-31T23:50:00Z,UTC,density_adjusted_power_curve_median_0.5ms,wind_speed_100m,2.54,-8.3,False
2026-02-27T12:00:00Z,2026-03-01T02:00:00Z,turbine-2,0.01,Open-Meteo Single Runs API,ecmwf_ifs,2026-02-27T00:00:00Z,12,2026-02-27T12:00:00Z,2026-01-31T23:50:00Z,UTC,density_adjusted_power_curve_median_0.5ms,wind_speed_100m,2.6,-8.4,False
2026-02-27T12:00:00Z,2026-03-01T03:00:00Z,turbine-2,0.01,Open-Meteo Single Runs API,ecmwf_ifs,2026-02-27T00:00:00Z,12,2026-02-27T12:00:00Z,2026-01-31T23:50:00Z,UTC,density_adjusted_power_curve_median_0.5ms,wind_speed_100m,2.41,-7.4,False
2026-02-27T12:00:00Z,2026-03-01T04:00:00Z,turbine-2,0.01,Open-Meteo Single Runs API,ecmwf_ifs,2026-02-27T00:00:00Z,12,2026-02-27T12:00:00Z,2026-01-31T23:50:00Z,UTC,density_adjusted_power_curve_median_0.5ms,wind_speed_100m,2.38,-6.4,False
2026-02-27T12:00:00Z,2026-03-01T05:00:00Z,turbine-2,0.01,Open-Meteo Single Runs API,ecmwf_ifs,2026-02-27T00:00:00Z,12,2026-02-27T12:00:00Z,2026-01-31T23:50:00Z,UTC,density_adjusted_power_curve_median_0.5ms,wind_speed_100m,2.67,-5.4,False
2026-02-27T12:00:00Z,2026-03-01T06:00:00Z,turbine-2,0.01844949897567858,Open-Meteo Single Runs API,ecmwf_ifs,2026-02-27T00:00:00Z,12,2026-02-27T12:00:00Z,2026-01-31T23:50:00Z,UTC,density_adjusted_power_curve_median_0.5ms,wind_speed_100m,2.89,-4.6,False
2026-02-27T12:00:00Z,2026-03-01T07:00:00Z,turbine-2,0.01,Open-Meteo Single Runs API,ecmwf_ifs,2026-02-27T00:00:00Z,12,2026-02-27T12:00:00Z,2026-01-31T23:50:00Z,UTC,density_adjusted_power_curve_median_0.5ms,wind_speed_100m,2.68,-3.7,False
2026-02-27T12:00:00Z,2026-03-01T08:00:00Z,turbine-2,0.01,Open-Meteo Single Runs API,ecmwf_ifs,2026-02-27T00:00:00Z,12,2026-02-27T12:00:00Z,2026-01-31T23:50:00Z,UTC,density_adjusted_power_curve_median_0.5ms,wind_speed_100m,2.52,-2.9,False
2026-02-27T12:00:00Z,2026-03-01T09:00:00Z,turbine-2,0.01,Open-Meteo Single Runs API,ecmwf_ifs,2026-02-27T00:00:00Z,12,2026-02-27T12:00:00Z,2026-01-31T23:50:00Z,UTC,density_adjusted_power_curve_median_0.5ms,wind_speed_100m,2.45,-2.6,False
2026-02-27T12:00:00Z,2026-03-01T10:00:00Z,turbine-2,0.01,Open-Meteo Single Runs API,ecmwf_ifs,2026-02-27T00:00:00Z,12,2026-02-27T12:00:00Z,2026-01-31T23:50:00Z,UTC,density_adjusted_power_curve_median_0.5ms,wind_speed_100m,2.48,-2.8,False
2026-02-27T12:00:00Z,2026-03-01T11:00:00Z,turbine-2,0.018783405317039925,Open-Meteo Single Runs API,ecmwf_ifs,2026-02-27T00:00:00Z,12,2026-02-27T12:00:00Z,2026-01-31T23:50:00Z,UTC,density_adjusted_power_curve_median_0.5ms,wind_speed_100m,2.9,-4.1,False
2026-02-27T12:00:00Z,2026-03-01T12:00:00Z,turbine-2,0.01,Open-Meteo Single Runs API,ecmwf_ifs,2026-02-27T00:00:00Z,12,2026-02-27T12:00:00Z,2026-01-31T23:50:00Z,UTC,density_adjusted_power_curve_median_0.5ms,wind_speed_100m,2.23,-6.0,False
2026-02-28T12:00:00Z,2026-02-28T13:00:00Z,turbine-1,0.4123427756819265,Open-Meteo Single Runs API,ecmwf_ifs,2026-02-28T00:00:00Z,12,2026-02-28T12:00:00Z,2026-01-31T23:50:00Z,UTC,density_adjusted_power_curve_median_0.5ms,wind_speed_100m,7.13,-6.9,False
2026-02-28T12:00:00Z,2026-02-28T14:00:00Z,turbine-1,0.2872039734957033,Open-Meteo Single Runs API,ecmwf_ifs,2026-02-28T00:00:00Z,12,2026-02-28T12:00:00Z,2026-01-31T23:50:00Z,UTC,density_adjusted_power_curve_median_0.5ms,wind_speed_100m,6.34,-7.0,False
2026-02-28T12:00:00Z,2026-02-28T15:00:00Z,turbine-1,0.18378853332498132,Open-Meteo Single Runs API,ecmwf_ifs,2026-02-28T00:00:00Z,12,2026-02-28T12:00:00Z,2026-01-31T23:50:00Z,UTC,density_adjusted_power_curve_median_0.5ms,wind_speed_100m,5.45,-6.4,False
2026-02-28T12:00:00Z,2026-02-28T16:00:00Z,turbine-1,0.1039499459004879,Open-Meteo Single Runs API,ecmwf_ifs,2026-02-28T00:00:00Z,12,2026-02-28T12:00:00Z,2026-01-31T23:50:00Z,UTC,density_adjusted_power_curve_median_0.5ms,wind_speed_100m,4.54,-6.2,False
2026-02-28T12:00:00Z,2026-02-28T17:00:00Z,turbine-1,0.07830541654598416,Open-Meteo Single Runs API,ecmwf_ifs,2026-02-28T00:00:00Z,12,2026-02-28T12:00:00Z,2026-01-31T23:50:00Z,UTC,density_adjusted_power_curve_median_0.5ms,wind_speed_100m,4.1,-7.1,False
2026-02-28T12:00:00Z,2026-02-28T18:00:00Z,turbine-1,0.04738805585654962,Open-Meteo Single Runs API,ecmwf_ifs,2026-02-28T00:00:00Z,12,2026-02-28T12:00:00Z,2026-01-31T23:50:00Z,UTC,density_adjusted_power_curve_median_0.5ms,wind_speed_100m,3.45,-7.0,False
2026-02-28T12:00:00Z,2026-02-28T19:00:00Z,turbine-1,0.01,Open-Meteo Single Runs API,ecmwf_ifs,2026-02-28T00:00:00Z,12,2026-02-28T12:00:00Z,2026-01-31T23:50:00Z,UTC,density_adjusted_power_curve_median_0.5ms,wind_speed_100m,2.62,-6.8,False
2026-02-28T12:00:00Z,2026-02-28T20:00:00Z,turbine-1,0.01,Open-Meteo Single Runs API,ecmwf_ifs,2026-02-28T00:00:00Z,12,2026-02-28T12:00:00Z,2026-01-31T23:50:00Z,UTC,density_adjusted_power_curve_median_0.5ms,wind_speed_100m,2.5,-7.4,False
2026-02-28T12:00:00Z,2026-02-28T21:00:00Z,turbine-1,0.01,Open-Meteo Single Runs API,ecmwf_ifs,2026-02-28T00:00:00Z,12,2026-02-28T12:00:00Z,2026-01-31T23:50:00Z,UTC,density_adjusted_power_curve_median_0.5ms,wind_speed_100m,2.16,-7.7,False
2026-02-28T12:00:00Z,2026-02-28T22:00:00Z,turbine-1,0.01,Open-Meteo Single Runs API,ecmwf_ifs,2026-02-28T00:00:00Z,12,2026-02-28T12:00:00Z,2026-01-31T23:50:00Z,UTC,density_adjusted_power_curve_median_0.5ms,wind_speed_100m,2.1,-7.5,False
2026-02-28T12:00:00Z,2026-02-28T23:00:00Z,turbine-1,0.01,Open-Meteo Single Runs API,ecmwf_ifs,2026-02-28T00:00:00Z,12,2026-02-28T12:00:00Z,2026-01-31T23:50:00Z,UTC,density_adjusted_power_curve_median_0.5ms,wind_speed_100m,2.13,-7.8,False
2026-02-28T12:00:00Z,2026-03-01T00:00:00Z,turbine-1,0.01,Open-Meteo Single Runs API,ecmwf_ifs,2026-02-28T00:00:00Z,12,2026-02-28T12:00:00Z,2026-01-31T23:50:00Z,UTC,density_adjusted_power_curve_median_0.5ms,wind_speed_100m,2.13,-7.6,False
2026-02-28T12:00:00Z,2026-03-01T01:00:00Z,turbine-1,0.01,Open-Meteo Single Runs API,ecmwf_ifs,2026-02-28T00:00:00Z,12,2026-02-28T12:00:00Z,2026-01-31T23:50:00Z,UTC,density_adjusted_power_curve_median_0.5ms,wind_speed_100m,2.16,-7.8,False
2026-02-28T12:00:00Z,2026-03-01T02:00:00Z,turbine-1,0.01,Open-Meteo Single Runs API,ecmwf_ifs,2026-02-28T00:00:00Z,12,2026-02-28T12:00:00Z,2026-01-31T23:50:00Z,UTC,density_adjusted_power_curve_median_0.5ms,wind_speed_100m,2.25,-7.9,False
2026-02-28T12:00:00Z,2026-03-01T03:00:00Z,turbine-1,0.01,Open-Meteo Single Runs API,ecmwf_ifs,2026-02-28T00:00:00Z,12,2026-02-28T12:00:00Z,2026-01-31T23:50:00Z,UTC,density_adjusted_power_curve_median_0.5ms,wind_speed_100m,2.15,-6.7,False
2026-02-28T12:00:00Z,2026-03-01T04:00:00Z,turbine-1,0.01,Open-Meteo Single Runs API,ecmwf_ifs,2026-02-28T00:00:00Z,12,2026-02-28T12:00:00Z,2026-01-31T23:50:00Z,UTC,density_adjusted_power_curve_median_0.5ms,wind_speed_100m,1.9,-5.4,False
2026-02-28T12:00:00Z,2026-03-01T05:00:00Z,turbine-1,0.01,Open-Meteo Single Runs API,ecmwf_ifs,2026-02-28T00:00:00Z,12,2026-02-28T12:00:00Z,2026-01-31T23:50:00Z,UTC,density_adjusted_power_curve_median_0.5ms,wind_speed_100m,2.6,-4.5,False
2026-02-28T12:00:00Z,2026-03-01T06:00:00Z,turbine-1,0.02078804358012834,Open-Meteo Single Runs API,ecmwf_ifs,2026-02-28T00:00:00Z,12,2026-02-28T12:00:00Z,2026-01-31T23:50:00Z,UTC,density_adjusted_power_curve_median_0.5ms,wind_speed_100m,2.95,-3.7,False
2026-02-28T12:00:00Z,2026-03-01T07:00:00Z,turbine-1,0.026692130079036813,Open-Meteo Single Runs API,ecmwf_ifs,2026-02-28T00:00:00Z,12,2026-02-28T12:00:00Z,2026-01-31T23:50:00Z,UTC,density_adjusted_power_curve_median_0.5ms,wind_speed_100m,3.1,-2.9,False
2026-02-28T12:00:00Z,2026-03-01T08:00:00Z,turbine-1,0.03338948026795064,Open-Meteo Single Runs API,ecmwf_ifs,2026-02-28T00:00:00Z,12,2026-02-28T12:00:00Z,2026-01-31T23:50:00Z,UTC,density_adjusted_power_curve_median_0.5ms,wind_speed_100m,3.24,-2.4,False
2026-02-28T12:00:00Z,2026-03-01T09:00:00Z,turbine-1,0.020124350974737207,Open-Meteo Single Runs API,ecmwf_ifs,2026-02-28T00:00:00Z,12,2026-02-28T12:00:00Z,2026-01-31T23:50:00Z,UTC,density_adjusted_power_curve_median_0.5ms,wind_speed_100m,2.94,-1.9,False
2026-02-28T12:00:00Z,2026-03-01T10:00:00Z,turbine-1,0.01,Open-Meteo Single Runs API,ecmwf_ifs,2026-02-28T00:00:00Z,12,2026-02-28T12:00:00Z,2026-01-31T23:50:00Z,UTC,density_adjusted_power_curve_median_0.5ms,wind_speed_100m,2.45,-2.1,False
2026-02-28T12:00:00Z,2026-03-01T11:00:00Z,turbine-1,0.01,Open-Meteo Single Runs API,ecmwf_ifs,2026-02-28T00:00:00Z,12,2026-02-28T12:00:00Z,2026-01-31T23:50:00Z,UTC,density_adjusted_power_curve_median_0.5ms,wind_speed_100m,2.12,-2.8,False
2026-02-28T12:00:00Z,2026-03-01T12:00:00Z,turbine-1,0.01,Open-Meteo Single Runs API,ecmwf_ifs,2026-02-28T00:00:00Z,12,2026-02-28T12:00:00Z,2026-01-31T23:50:00Z,UTC,density_adjusted_power_curve_median_0.5ms,wind_speed_100m,2.04,-4.9,False
2026-02-28T12:00:00Z,2026-03-01T13:00:00Z,turbine-1,0.01,Open-Meteo Single Runs API,ecmwf_ifs,2026-02-28T00:00:00Z,12,2026-02-28T12:00:00Z,2026-01-31T23:50:00Z,UTC,density_adjusted_power_curve_median_0.5ms,wind_speed_100m,2.1,-6.9,False
2026-02-28T12:00:00Z,2026-03-01T14:00:00Z,turbine-1,0.02583795717039472,Open-Meteo Single Runs API,ecmwf_ifs,2026-02-28T00:00:00Z,12,2026-02-28T12:00:00Z,2026-01-31T23:50:00Z,UTC,density_adjusted_power_curve_median_0.5ms,wind_speed_100m,3.06,-7.8,False
2026-02-28T12:00:00Z,2026-03-01T15:00:00Z,turbine-1,0.18046167894700083,Open-Meteo Single Runs API,ecmwf_ifs,2026-02-28T00:00:00Z,12,2026-02-28T12:00:00Z,2026-01-31T23:50:00Z,UTC,density_adjusted_power_curve_median_0.5ms,wind_speed_100m,5.41,-7.5,False
2026-02-28T12:00:00Z,2026-03-01T16:00:00Z,turbine-1,0.37695448235865814,Open-Meteo Single Runs API,ecmwf_ifs,2026-02-28T00:00:00Z,12,2026-02-28T12:00:00Z,2026-01-31T23:50:00Z,UTC,density_adjusted_power_curve_median_0.5ms,wind_speed_100m,6.92,-6.4,False
2026-02-28T12:00:00Z,2026-03-01T17:00:00Z,turbine-1,0.5409640260625138,Open-Meteo Single Runs API,ecmwf_ifs,2026-02-28T00:00:00Z,12,2026-02-28T12:00:00Z,2026-01-31T23:50:00Z,UTC,density_adjusted_power_curve_median_0.5ms,wind_speed_100m,7.92,-5.6,False
2026-02-28T12:00:00Z,2026-03-01T18:00:00Z,turbine-1,0.7043309324647902,Open-Meteo Single Runs API,ecmwf_ifs,2026-02-28T00:00:00Z,12,2026-02-28T12:00:00Z,2026-01-31T23:50:00Z,UTC,density_adjusted_power_curve_median_0.5ms,wind_speed_100m,8.99,-4.6,False
2026-02-28T12:00:00Z,2026-03-01T19:00:00Z,turbine-1,0.6347506070528831,Open-Meteo Single Runs API,ecmwf_ifs,2026-02-28T00:00:00Z,12,2026-02-28T12:00:00Z,2026-01-31T23:50:00Z,UTC,density_adjusted_power_curve_median_0.5ms,wind_speed_100m,8.51,-4.6,False
2026-02-28T12:00:00Z,2026-03-01T20:00:00Z,turbine-1,0.6419017784718984,Open-Meteo Single Runs API,ecmwf_ifs,2026-02-28T00:00:00Z,12,2026-02-28T12:00:00Z,2026-01-31T23:50:00Z,UTC,density_adjusted_power_curve_median_0.5ms,wind_speed_100m,8.56,-4.2,False
2026-02-28T12:00:00Z,2026-03-01T21:00:00Z,turbine-1,0.6586815632278333,Open-Meteo Single Runs API,ecmwf_ifs,2026-02-28T00:00:00Z,12,2026-02-28T12:00:00Z,2026-01-31T23:50:00Z,UTC,density_adjusted_power_curve_median_0.5ms,wind_speed_100m,8.68,-3.9,False
2026-02-28T12:00:00Z,2026-03-01T22:00:00Z,turbine-1,0.5769584098751525,Open-Meteo Single Runs API,ecmwf_ifs,2026-02-28T00:00:00Z,12,2026-02-28T12:00:00Z,2026-01-31T23:50:00Z,UTC,density_adjusted_power_curve_median_0.5ms,wind_speed_100m,8.16,-3.8,False
2026-02-28T12:00:00Z,2026-03-01T23:00:00Z,turbine-1,0.47923568373458936,Open-Meteo Single Runs API,ecmwf_ifs,2026-02-28T00:00:00Z,12,2026-02-28T12:00:00Z,2026-01-31T23:50:00Z,UTC,density_adjusted_power_curve_median_0.5ms,wind_speed_100m,7.56,-3.6,False
2026-02-28T12:00:00Z,2026-03-02T00:00:00Z,turbine-1,0.38075320662247997,Open-Meteo Single Runs API,ecmwf_ifs,2026-02-28T00:00:00Z,12,2026-02-28T12:00:00Z,2026-01-31T23:50:00Z,UTC,density_adjusted_power_curve_median_0.5ms,wind_speed_100m,6.97,-3.3,False
2026-02-28T12:00:00Z,2026-03-02T01:00:00Z,turbine-1,0.31450549713612075,Open-Meteo Single Runs API,ecmwf_ifs,2026-02-28T00:00:00Z,12,2026-02-28T12:00:00Z,2026-01-31T23:50:00Z,UTC,density_adjusted_power_curve_median_0.5ms,wind_speed_100m,6.56,-3.2,False
2026-02-28T12:00:00Z,2026-03-02T02:00:00Z,turbine-1,0.2954803940493781,Open-Meteo Single Runs API,ecmwf_ifs,2026-02-28T00:00:00Z,12,2026-02-28T12:00:00Z,2026-01-31T23:50:00Z,UTC,density_adjusted_power_curve_median_0.5ms,wind_speed_100m,6.43,-2.9,False
2026-02-28T12:00:00Z,2026-03-02T03:00:00Z,turbine-1,0.2321538282036571,Open-Meteo Single Runs API,ecmwf_ifs,2026-02-28T00:00:00Z,12,2026-02-28T12:00:00Z,2026-01-31T23:50:00Z,UTC,density_adjusted_power_curve_median_0.5ms,wind_speed_100m,5.95,-1.8,False
2026-02-28T12:00:00Z,2026-03-02T04:00:00Z,turbine-1,0.1345681833925669,Open-Meteo Single Runs API,ecmwf_ifs,2026-02-28T00:00:00Z,12,2026-02-28T12:00:00Z,2026-01-31T23:50:00Z,UTC,density_adjusted_power_curve_median_0.5ms,wind_speed_100m,4.97,-0.5,False
2026-02-28T12:00:00Z,2026-03-02T05:00:00Z,turbine-1,0.14695015148973095,Open-Meteo Single Runs API,ecmwf_ifs,2026-02-28T00:00:00Z,12,2026-02-28T12:00:00Z,2026-01-31T23:50:00Z,UTC,density_adjusted_power_curve_median_0.5ms,wind_speed_100m,5.13,1.1,False
2026-02-28T12:00:00Z,2026-03-02T06:00:00Z,turbine-1,0.16477661227166787,Open-Meteo Single Runs API,ecmwf_ifs,2026-02-28T00:00:00Z,12,2026-02-28T12:00:00Z,2026-01-31T23:50:00Z,UTC,density_adjusted_power_curve_median_0.5ms,wind_speed_100m,5.32,2.2,False
2026-02-28T12:00:00Z,2026-03-02T07:00:00Z,turbine-1,0.12117682211174732,Open-Meteo Single Runs API,ecmwf_ifs,2026-02-28T00:00:00Z,12,2026-02-28T12:00:00Z,2026-01-31T23:50:00Z,UTC,density_adjusted_power_curve_median_0.5ms,wind_speed_100m,4.83,3.3,False
2026-02-28T12:00:00Z,2026-03-02T08:00:00Z,turbine-1,0.08744724647531248,Open-Meteo Single Runs API,ecmwf_ifs,2026-02-28T00:00:00Z,12,2026-02-28T12:00:00Z,2026-01-31T23:50:00Z,UTC,density_adjusted_power_curve_median_0.5ms,wind_speed_100m,4.32,3.6,False
2026-02-28T12:00:00Z,2026-03-02T09:00:00Z,turbine-1,0.1391029554680401,Open-Meteo Single Runs API,ecmwf_ifs,2026-02-28T00:00:00Z,12,2026-02-28T12:00:00Z,2026-01-31T23:50:00Z,UTC,density_adjusted_power_curve_median_0.5ms,wind_speed_100m,5.05,3.6,False
2026-02-28T12:00:00Z,2026-03-02T10:00:00Z,turbine-1,0.1546520295422985,Open-Meteo Single Runs API,ecmwf_ifs,2026-02-28T00:00:00Z,12,2026-02-28T12:00:00Z,2026-01-31T23:50:00Z,UTC,density_adjusted_power_curve_median_0.5ms,wind_speed_100m,5.23,3.8,False
2026-02-28T12:00:00Z,2026-03-02T11:00:00Z,turbine-1,0.11962889063912999,Open-Meteo Single Runs API,ecmwf_ifs,2026-02-28T00:00:00Z,12,2026-02-28T12:00:00Z,2026-01-31T23:50:00Z,UTC,density_adjusted_power_curve_median_0.5ms,wind_speed_100m,4.81,3.1,False
2026-02-28T12:00:00Z,2026-03-02T12:00:00Z,turbine-1,0.09599585547811593,Open-Meteo Single Runs API,ecmwf_ifs,2026-02-28T00:00:00Z,12,2026-02-28T12:00:00Z,2026-01-31T23:50:00Z,UTC,density_adjusted_power_curve_median_0.5ms,wind_speed_100m,4.45,1.3,False
2026-02-28T12:00:00Z,2026-02-28T13:00:00Z,turbine-2,0.40267559497636674,Open-Meteo Single Runs API,ecmwf_ifs,2026-02-28T00:00:00Z,12,2026-02-28T12:00:00Z,2026-01-31T23:50:00Z,UTC,density_adjusted_power_curve_median_0.5ms,wind_speed_100m,7.13,-6.9,False
2026-02-28T12:00:00Z,2026-02-28T14:00:00Z,turbine-2,0.2767973994031677,Open-Meteo Single Runs API,ecmwf_ifs,2026-02-28T00:00:00Z,12,2026-02-28T12:00:00Z,2026-01-31T23:50:00Z,UTC,density_adjusted_power_curve_median_0.5ms,wind_speed_100m,6.34,-7.0,False
2026-02-28T12:00:00Z,2026-02-28T15:00:00Z,turbine-2,0.17375959947252403,Open-Meteo Single Runs API,ecmwf_ifs,2026-02-28T00:00:00Z,12,2026-02-28T12:00:00Z,2026-01-31T23:50:00Z,UTC,density_adjusted_power_curve_median_0.5ms,wind_speed_100m,5.45,-6.4,False
2026-02-28T12:00:00Z,2026-02-28T16:00:00Z,turbine-2,0.10409622802975715,Open-Meteo Single Runs API,ecmwf_ifs,2026-02-28T00:00:00Z,12,2026-02-28T12:00:00Z,2026-01-31T23:50:00Z,UTC,density_adjusted_power_curve_median_0.5ms,wind_speed_100m,4.54,-6.2,False
2026-02-28T12:00:00Z,2026-02-28T17:00:00Z,turbine-2,0.07735885008239221,Open-Meteo Single Runs API,ecmwf_ifs,2026-02-28T00:00:00Z,12,2026-02-28T12:00:00Z,2026-01-31T23:50:00Z,UTC,density_adjusted_power_curve_median_0.5ms,wind_speed_100m,4.1,-7.1,False
2026-02-28T12:00:00Z,2026-02-28T18:00:00Z,turbine-2,0.04182701330470607,Open-Meteo Single Runs API,ecmwf_ifs,2026-02-28T00:00:00Z,12,2026-02-28T12:00:00Z,2026-01-31T23:50:00Z,UTC,density_adjusted_power_curve_median_0.5ms,wind_speed_100m,3.45,-7.0,False
2026-02-28T12:00:00Z,2026-02-28T19:00:00Z,turbine-2,0.01,Open-Meteo Single Runs API,ecmwf_ifs,2026-02-28T00:00:00Z,12,2026-02-28T12:00:00Z,2026-01-31T23:50:00Z,UTC,density_adjusted_power_curve_median_0.5ms,wind_speed_100m,2.62,-6.8,False
2026-02-28T12:00:00Z,2026-02-28T20:00:00Z,turbine-2,0.01,Open-Meteo Single Runs API,ecmwf_ifs,2026-02-28T00:00:00Z,12,2026-02-28T12:00:00Z,2026-01-31T23:50:00Z,UTC,density_adjusted_power_curve_median_0.5ms,wind_speed_100m,2.5,-7.4,False
2026-02-28T12:00:00Z,2026-02-28T21:00:00Z,turbine-2,0.01,Open-Meteo Single Runs API,ecmwf_ifs,2026-02-28T00:00:00Z,12,2026-02-28T12:00:00Z,2026-01-31T23:50:00Z,UTC,density_adjusted_power_curve_median_0.5ms,wind_speed_100m,2.16,-7.7,False
2026-02-28T12:00:00Z,2026-02-28T22:00:00Z,turbine-2,0.01,Open-Meteo Single Runs API,ecmwf_ifs,2026-02-28T00:00:00Z,12,2026-02-28T12:00:00Z,2026-01-31T23:50:00Z,UTC,density_adjusted_power_curve_median_0.5ms,wind_speed_100m,2.1,-7.5,False
2026-02-28T12:00:00Z,2026-02-28T23:00:00Z,turbine-2,0.01,Open-Meteo Single Runs API,ecmwf_ifs,2026-02-28T00:00:00Z,12,2026-02-28T12:00:00Z,2026-01-31T23:50:00Z,UTC,density_adjusted_power_curve_median_0.5ms,wind_speed_100m,2.13,-7.8,False
2026-02-28T12:00:00Z,2026-03-01T00:00:00Z,turbine-2,0.01,Open-Meteo Single Runs API,ecmwf_ifs,2026-02-28T00:00:00Z,12,2026-02-28T12:00:00Z,2026-01-31T23:50:00Z,UTC,density_adjusted_power_curve_median_0.5ms,wind_speed_100m,2.13,-7.6,False
2026-02-28T12:00:00Z,2026-03-01T01:00:00Z,turbine-2,0.01,Open-Meteo Single Runs API,ecmwf_ifs,2026-02-28T00:00:00Z,12,2026-02-28T12:00:00Z,2026-01-31T23:50:00Z,UTC,density_adjusted_power_curve_median_0.5ms,wind_speed_100m,2.16,-7.8,False
2026-02-28T12:00:00Z,2026-03-01T02:00:00Z,turbine-2,0.01,Open-Meteo Single Runs API,ecmwf_ifs,2026-02-28T00:00:00Z,12,2026-02-28T12:00:00Z,2026-01-31T23:50:00Z,UTC,density_adjusted_power_curve_median_0.5ms,wind_speed_100m,2.25,-7.9,False
2026-02-28T12:00:00Z,2026-03-01T03:00:00Z,turbine-2,0.01,Open-Meteo Single Runs API,ecmwf_ifs,2026-02-28T00:00:00Z,12,2026-02-28T12:00:00Z,2026-01-31T23:50:00Z,UTC,density_adjusted_power_curve_median_0.5ms,wind_speed_100m,2.15,-6.7,False
2026-02-28T12:00:00Z,2026-03-01T04:00:00Z,turbine-2,0.01,Open-Meteo Single Runs API,ecmwf_ifs,2026-02-28T00:00:00Z,12,2026-02-28T12:00:00Z,2026-01-31T23:50:00Z,UTC,density_adjusted_power_curve_median_0.5ms,wind_speed_100m,1.9,-5.4,False
2026-02-28T12:00:00Z,2026-03-01T05:00:00Z,turbine-2,0.01,Open-Meteo Single Runs API,ecmwf_ifs,2026-02-28T00:00:00Z,12,2026-02-28T12:00:00Z,2026-01-31T23:50:00Z,UTC,density_adjusted_power_curve_median_0.5ms,wind_speed_100m,2.6,-4.5,False
2026-02-28T12:00:00Z,2026-03-01T06:00:00Z,turbine-2,0.020758134983351724,Open-Meteo Single Runs API,ecmwf_ifs,2026-02-28T00:00:00Z,12,2026-02-28T12:00:00Z,2026-01-31T23:50:00Z,UTC,density_adjusted_power_curve_median_0.5ms,wind_speed_100m,2.95,-3.7,False
2026-02-28T12:00:00Z,2026-03-01T07:00:00Z,turbine-2,0.026733047234006255,Open-Meteo Single Runs API,ecmwf_ifs,2026-02-28T00:00:00Z,12,2026-02-28T12:00:00Z,2026-01-31T23:50:00Z,UTC,density_adjusted_power_curve_median_0.5ms,wind_speed_100m,3.1,-2.9,False
2026-02-28T12:00:00Z,2026-03-01T08:00:00Z,turbine-2,0.03237123528811345,Open-Meteo Single Runs API,ecmwf_ifs,2026-02-28T00:00:00Z,12,2026-02-28T12:00:00Z,2026-01-31T23:50:00Z,UTC,density_adjusted_power_curve_median_0.5ms,wind_speed_100m,3.24,-2.4,False
2026-02-28T12:00:00Z,2026-03-01T09:00:00Z,turbine-2,0.020086480684358397,Open-Meteo Single Runs API,ecmwf_ifs,2026-02-28T00:00:00Z,12,2026-02-28T12:00:00Z,2026-01-31T23:50:00Z,UTC,density_adjusted_power_curve_median_0.5ms,wind_speed_100m,2.94,-1.9,False
2026-02-28T12:00:00Z,2026-03-01T10:00:00Z,turbine-2,0.01,Open-Meteo Single Runs API,ecmwf_ifs,2026-02-28T00:00:00Z,12,2026-02-28T12:00:00Z,2026-01-31T23:50:00Z,UTC,density_adjusted_power_curve_median_0.5ms,wind_speed_100m,2.45,-2.1,False
2026-02-28T12:00:00Z,2026-03-01T11:00:00Z,turbine-2,0.01,Open-Meteo Single Runs API,ecmwf_ifs,2026-02-28T00:00:00Z,12,2026-02-28T12:00:00Z,2026-01-31T23:50:00Z,UTC,density_adjusted_power_curve_median_0.5ms,wind_speed_100m,2.12,-2.8,False
2026-02-28T12:00:00Z,2026-03-01T12:00:00Z,turbine-2,0.01,Open-Meteo Single Runs API,ecmwf_ifs,2026-02-28T00:00:00Z,12,2026-02-28T12:00:00Z,2026-01-31T23:50:00Z,UTC,density_adjusted_power_curve_median_0.5ms,wind_speed_100m,2.04,-4.9,False
2026-02-28T12:00:00Z,2026-03-01T13:00:00Z,turbine-2,0.01,Open-Meteo Single Runs API,ecmwf_ifs,2026-02-28T00:00:00Z,12,2026-02-28T12:00:00Z,2026-01-31T23:50:00Z,UTC,density_adjusted_power_curve_median_0.5ms,wind_speed_100m,2.1,-6.9,False
2026-02-28T12:00:00Z,2026-03-01T14:00:00Z,turbine-2,0.025868627619394173,Open-Meteo Single Runs API,ecmwf_ifs,2026-02-28T00:00:00Z,12,2026-02-28T12:00:00Z,2026-01-31T23:50:00Z,UTC,density_adjusted_power_curve_median_0.5ms,wind_speed_100m,3.06,-7.8,False
2026-02-28T12:00:00Z,2026-03-01T15:00:00Z,turbine-2,0.17045292716631052,Open-Meteo Single Runs API,ecmwf_ifs,2026-02-28T00:00:00Z,12,2026-02-28T12:00:00Z,2026-01-31T23:50:00Z,UTC,density_adjusted_power_curve_median_0.5ms,wind_speed_100m,5.41,-7.5,False
2026-02-28T12:00:00Z,2026-03-01T16:00:00Z,turbine-2,0.3671603086970548,Open-Meteo Single Runs API,ecmwf_ifs,2026-02-28T00:00:00Z,12,2026-02-28T12:00:00Z,2026-01-31T23:50:00Z,UTC,density_adjusted_power_curve_median_0.5ms,wind_speed_100m,6.92,-6.4,False
2026-02-28T12:00:00Z,2026-03-01T17:00:00Z,turbine-2,0.5310494028264714,Open-Meteo Single Runs API,ecmwf_ifs,2026-02-28T00:00:00Z,12,2026-02-28T12:00:00Z,2026-01-31T23:50:00Z,UTC,density_adjusted_power_curve_median_0.5ms,wind_speed_100m,7.92,-5.6,False
2026-02-28T12:00:00Z,2026-03-01T18:00:00Z,turbine-2,0.693138111572716,Open-Meteo Single Runs API,ecmwf_ifs,2026-02-28T00:00:00Z,12,2026-02-28T12:00:00Z,2026-01-31T23:50:00Z,UTC,density_adjusted_power_curve_median_0.5ms,wind_speed_100m,8.99,-4.6,False
2026-02-28T12:00:00Z,2026-03-01T19:00:00Z,turbine-2,0.6161975042769048,Open-Meteo Single Runs API,ecmwf_ifs,2026-02-28T00:00:00Z,12,2026-02-28T12:00:00Z,2026-01-31T23:50:00Z,UTC,density_adjusted_power_curve_median_0.5ms,wind_speed_100m,8.51,-4.6,False
2026-02-28T12:00:00Z,2026-03-01T20:00:00Z,turbine-2,0.6230789805594404,Open-Meteo Single Runs API,ecmwf_ifs,2026-02-28T00:00:00Z,12,2026-02-28T12:00:00Z,2026-01-31T23:50:00Z,UTC,density_adjusted_power_curve_median_0.5ms,wind_speed_100m,8.56,-4.2,False
2026-02-28T12:00:00Z,2026-03-01T21:00:00Z,turbine-2,0.6419095599186363,Open-Meteo Single Runs API,ecmwf_ifs,2026-02-28T00:00:00Z,12,2026-02-28T12:00:00Z,2026-01-31T23:50:00Z,UTC,density_adjusted_power_curve_median_0.5ms,wind_speed_100m,8.68,-3.9,False
2026-02-28T12:00:00Z,2026-03-01T22:00:00Z,turbine-2,0.5651427515627184,Open-Meteo Single Runs API,ecmwf_ifs,2026-02-28T00:00:00Z,12,2026-02-28T12:00:00Z,2026-01-31T23:50:00Z,UTC,density_adjusted_power_curve_median_0.5ms,wind_speed_100m,8.16,-3.8,False
2026-02-28T12:00:00Z,2026-03-01T23:00:00Z,turbine-2,0.46900491717622883,Open-Meteo Single Runs API,ecmwf_ifs,2026-02-28T00:00:00Z,12,2026-02-28T12:00:00Z,2026-01-31T23:50:00Z,UTC,density_adjusted_power_curve_median_0.5ms,wind_speed_100m,7.56,-3.6,False
2026-02-28T12:00:00Z,2026-03-02T00:00:00Z,turbine-2,0.37099675544704425,Open-Meteo Single Runs API,ecmwf_ifs,2026-02-28T00:00:00Z,12,2026-02-28T12:00:00Z,2026-01-31T23:50:00Z,UTC,density_adjusted_power_curve_median_0.5ms,wind_speed_100m,6.97,-3.3,False
2026-02-28T12:00:00Z,2026-03-02T01:00:00Z,turbine-2,0.3041752626888623,Open-Meteo Single Runs API,ecmwf_ifs,2026-02-28T00:00:00Z,12,2026-02-28T12:00:00Z,2026-01-31T23:50:00Z,UTC,density_adjusted_power_curve_median_0.5ms,wind_speed_100m,6.56,-3.2,False
2026-02-28T12:00:00Z,2026-03-02T02:00:00Z,turbine-2,0.28509696221870134,Open-Meteo Single Runs API,ecmwf_ifs,2026-02-28T00:00:00Z,12,2026-02-28T12:00:00Z,2026-01-31T23:50:00Z,UTC,density_adjusted_power_curve_median_0.5ms,wind_speed_100m,6.43,-2.9,False
2026-02-28T12:00:00Z,2026-03-02T03:00:00Z,turbine-2,0.22187122502592066,Open-Meteo Single Runs API,ecmwf_ifs,2026-02-28T00:00:00Z,12,2026-02-28T12:00:00Z,2026-01-31T23:50:00Z,UTC,density_adjusted_power_curve_median_0.5ms,wind_speed_100m,5.95,-1.8,False
2026-02-28T12:00:00Z,2026-03-02T04:00:00Z,turbine-2,0.12857915370884354,Open-Meteo Single Runs API,ecmwf_ifs,2026-02-28T00:00:00Z,12,2026-02-28T12:00:00Z,2026-01-31T23:50:00Z,UTC,density_adjusted_power_curve_median_0.5ms,wind_speed_100m,4.97,-0.5,False
2026-02-28T12:00:00Z,2026-03-02T05:00:00Z,turbine-2,0.13782920475426455,Open-Meteo Single Runs API,ecmwf_ifs,2026-02-28T00:00:00Z,12,2026-02-28T12:00:00Z,2026-01-31T23:50:00Z,UTC,density_adjusted_power_curve_median_0.5ms,wind_speed_100m,5.13,1.1,False
2026-02-28T12:00:00Z,2026-03-02T06:00:00Z,turbine-2,0.15486301257921042,Open-Meteo Single Runs API,ecmwf_ifs,2026-02-28T00:00:00Z,12,2026-02-28T12:00:00Z,2026-01-31T23:50:00Z,UTC,density_adjusted_power_curve_median_0.5ms,wind_speed_100m,5.32,2.2,False
2026-02-28T12:00:00Z,2026-03-02T07:00:00Z,turbine-2,0.11857502718847016,Open-Meteo Single Runs API,ecmwf_ifs,2026-02-28T00:00:00Z,12,2026-02-28T12:00:00Z,2026-01-31T23:50:00Z,UTC,density_adjusted_power_curve_median_0.5ms,wind_speed_100m,4.83,3.3,False
2026-02-28T12:00:00Z,2026-03-02T08:00:00Z,turbine-2,0.08738364488799387,Open-Meteo Single Runs API,ecmwf_ifs,2026-02-28T00:00:00Z,12,2026-02-28T12:00:00Z,2026-01-31T23:50:00Z,UTC,density_adjusted_power_curve_median_0.5ms,wind_speed_100m,4.32,3.6,False
2026-02-28T12:00:00Z,2026-03-02T09:00:00Z,turbine-2,0.13196689246316035,Open-Meteo Single Runs API,ecmwf_ifs,2026-02-28T00:00:00Z,12,2026-02-28T12:00:00Z,2026-01-31T23:50:00Z,UTC,density_adjusted_power_curve_median_0.5ms,wind_speed_100m,5.05,3.6,False
2026-02-28T12:00:00Z,2026-03-02T10:00:00Z,turbine-2,0.1447998497474499,Open-Meteo Single Runs API,ecmwf_ifs,2026-02-28T00:00:00Z,12,2026-02-28T12:00:00Z,2026-01-31T23:50:00Z,UTC,density_adjusted_power_curve_median_0.5ms,wind_speed_100m,5.23,3.8,False
2026-02-28T12:00:00Z,2026-03-02T11:00:00Z,turbine-2,0.11741863225802257,Open-Meteo Single Runs API,ecmwf_ifs,2026-02-28T00:00:00Z,12,2026-02-28T12:00:00Z,2026-01-31T23:50:00Z,UTC,density_adjusted_power_curve_median_0.5ms,wind_speed_100m,4.81,3.1,False
2026-02-28T12:00:00Z,2026-03-02T12:00:00Z,turbine-2,0.09604097633571004,Open-Meteo Single Runs API,ecmwf_ifs,2026-02-28T00:00:00Z,12,2026-02-28T12:00:00Z,2026-01-31T23:50:00Z,UTC,density_adjusted_power_curve_median_0.5ms,wind_speed_100m,4.45,1.3,False
